章号,章名,值域代码,值域名称,代码,名称,说明
2,国家标准代码,GB/T 3304-1991,中国各民族名称罗马字母拼音写法和代码,01,汉族,
2,国家标准代码,GB/T 3304-1991,中国各民族名称罗马字母拼音写法和代码,02,蒙古族,
2,国家标准代码,GB/T 3304-1991,中国各民族名称罗马字母拼音写法和代码,03,回族,
2,国家标准代码,GB/T 3304-1991,中国各民族名称罗马字母拼音写法和代码,04,藏族,
2,国家标准代码,GB/T 3304-1991,中国各民族名称罗马字母拼音写法和代码,05,维吾尔族,
2,国家标准代码,GB/T 3304-1991,中国各民族名称罗马字母拼音写法和代码,06,苗族,
2,国家标准代码,GB/T 3304-1991,中国各民族名称罗马字母拼音写法和代码,07,彝族,
2,国家标准代码,GB/T 3304-1991,中国各民族名称罗马字母拼音写法和代码,08,壮族,
2,国家标准代码,GB/T 3304-1991,中国各民族名称罗马字母拼音写法和代码,09,布依族,
2,国家标准代码,GB/T 3304-1991,中国各民族名称罗马字母拼音写法和代码,10,朝鲜族,
2,国家标准代码,GB/T 3304-1991,中国各民族名称罗马字母拼音写法和代码,11,满族,
2,国家标准代码,GB/T 3304-1991,中国各民族名称罗马字母拼音写法和代码,12,侗族,
2,国家标准代码,GB/T 3304-1991,中国各民族名称罗马字母拼音写法和代码,13,瑶族,
2,国家标准代码,GB/T 3304-1991,中国各民族名称罗马字母拼音写法和代码,14,白族,
2,国家标准代码,GB/T 3304-1991,中国各民族名称罗马字母拼音写法和代码,15,土家族,
2,国家标准代码,GB/T 3304-1991,中国各民族名称罗马字母拼音写法和代码,16,哈尼族,
2,国家标准代码,GB/T 3304-1991,中国各民族名称罗马字母拼音写法和代码,17,哈萨克族,
2,国家标准代码,GB/T 3304-1991,中国各民族名称罗马字母拼音写法和代码,18,傣族,
2,国家标准代码,GB/T 3304-1991,中国各民族名称罗马字母拼音写法和代码,19,黎族,
2,国家标准代码,GB/T 3304-1991,中国各民族名称罗马字母拼音写法和代码,20,傈僳族,
2,国家标准代码,GB/T 3304-1991,中国各民族名称罗马字母拼音写法和代码,21,佤族,
2,国家标准代码,GB/T 3304-1991,中国各民族名称罗马字母拼音写法和代码,22,畲族,
2,国家标准代码,GB/T 3304-1991,中国各民族名称罗马字母拼音写法和代码,23,高山族,
2,国家标准代码,GB/T 3304-1991,中国各民族名称罗马字母拼音写法和代码,24,拉祜族,
2,国家标准代码,GB/T 3304-1991,中国各民族名称罗马字母拼音写法和代码,25,水族,
2,国家标准代码,GB/T 3304-1991,中国各民族名称罗马字母拼音写法和代码,26,东乡族,
2,国家标准代码,GB/T 3304-1991,中国各民族名称罗马字母拼音写法和代码,27,纳西族,
2,国家标准代码,GB/T 3304-1991,中国各民族名称罗马字母拼音写法和代码,28,景颇族,
2,国家标准代码,GB/T 3304-1991,中国各民族名称罗马字母拼音写法和代码,29,柯尔克孜族,
2,国家标准代码,GB/T 3304-1991,中国各民族名称罗马字母拼音写法和代码,30,土族,
2,国家标准代码,GB/T 3304-1991,中国各民族名称罗马字母拼音写法和代码,31,达斡尔族,
2,国家标准代码,GB/T 3304-1991,中国各民族名称罗马字母拼音写法和代码,32,仫佬族,
2,国家标准代码,GB/T 3304-1991,中国各民族名称罗马字母拼音写法和代码,33,羌族,
2,国家标准代码,GB/T 3304-1991,中国各民族名称罗马字母拼音写法和代码,34,布朗族,
2,国家标准代码,GB/T 3304-1991,中国各民族名称罗马字母拼音写法和代码,35,撒拉族,
2,国家标准代码,GB/T 3304-1991,中国各民族名称罗马字母拼音写法和代码,36,毛南族,
2,国家标准代码,GB/T 3304-1991,中国各民族名称罗马字母拼音写法和代码,37,仡佬族,
2,国家标准代码,GB/T 3304-1991,中国各民族名称罗马字母拼音写法和代码,38,锡伯族,
2,国家标准代码,GB/T 3304-1991,中国各民族名称罗马字母拼音写法和代码,39,阿昌族,
2,国家标准代码,GB/T 3304-1991,中国各民族名称罗马字母拼音写法和代码,40,普米族,
2,国家标准代码,GB/T 3304-1991,中国各民族名称罗马字母拼音写法和代码,41,塔吉克族,
2,国家标准代码,GB/T 3304-1991,中国各民族名称罗马字母拼音写法和代码,42,怒族,
2,国家标准代码,GB/T 3304-1991,中国各民族名称罗马字母拼音写法和代码,43,乌孜别克族,
2,国家标准代码,GB/T 3304-1991,中国各民族名称罗马字母拼音写法和代码,44,俄罗斯族,
2,国家标准代码,GB/T 3304-1991,中国各民族名称罗马字母拼音写法和代码,45,鄂温克族,
2,国家标准代码,GB/T 3304-1991,中国各民族名称罗马字母拼音写法和代码,46,德昂族,
2,国家标准代码,GB/T 3304-1991,中国各民族名称罗马字母拼音写法和代码,47,保安族,
2,国家标准代码,GB/T 3304-1991,中国各民族名称罗马字母拼音写法和代码,48,裕固族,
2,国家标准代码,GB/T 3304-1991,中国各民族名称罗马字母拼音写法和代码,49,京族,
2,国家标准代码,GB/T 3304-1991,中国各民族名称罗马字母拼音写法和代码,50,塔塔尔族,
2,国家标准代码,GB/T 3304-1991,中国各民族名称罗马字母拼音写法和代码,51,独龙族,
2,国家标准代码,GB/T 3304-1991,中国各民族名称罗马字母拼音写法和代码,52,鄂伦春族,
2,国家标准代码,GB/T 3304-1991,中国各民族名称罗马字母拼音写法和代码,53,赫哲族,
2,国家标准代码,GB/T 3304-1991,中国各民族名称罗马字母拼音写法和代码,54,门巴族,
2,国家标准代码,GB/T 3304-1991,中国各民族名称罗马字母拼音写法和代码,55,珞巴族,
2,国家标准代码,GB/T 3304-1991,中国各民族名称罗马字母拼音写法和代码,56,基诺族,
2,国家标准代码,GB/T 3304-1991,中国各民族名称罗马字母拼音写法和代码,99,未说明,
2,国家标准代码,GB/T 3304-1991,中国各民族名称罗马字母拼音写法和代码,66,外籍人士,
2,国家标准代码,GB/T 16835-1997,高等学校本科、专科专业名称代码,1,哲学,
2,国家标准代码,GB/T 16835-1997,高等学校本科、专科专业名称代码,2,经济学,
2,国家标准代码,GB/T 16835-1997,高等学校本科、专科专业名称代码,3,法学,
2,国家标准代码,GB/T 16835-1997,高等学校本科、专科专业名称代码,4,教育学,
2,国家标准代码,GB/T 16835-1997,高等学校本科、专科专业名称代码,5,文学,
2,国家标准代码,GB/T 16835-1997,高等学校本科、专科专业名称代码,6,历史学,
2,国家标准代码,GB/T 16835-1997,高等学校本科、专科专业名称代码,7,理学,
2,国家标准代码,GB/T 16835-1997,高等学校本科、专科专业名称代码,8,工学,
2,国家标准代码,GB/T 16835-1997,高等学校本科、专科专业名称代码,9,农学,
2,国家标准代码,GB/T 16835-1997,高等学校本科、专科专业名称代码,10,医学,
2,国家标准代码,GB/T 16835-1997,高等学校本科、专科专业名称代码,1001,基础医学类,
2,国家标准代码,GB/T 16835-1997,高等学校本科、专科专业名称代码,1002,预防医学类,
2,国家标准代码,GB/T 16835-1997,高等学校本科、专科专业名称代码,1003,临床医学与医学技术类,
2,国家标准代码,GB/T 16835-1997,高等学校本科、专科专业名称代码,100301,临床医学,
2,国家标准代码,GB/T 16835-1997,高等学校本科、专科专业名称代码,100302,麻醉学,
2,国家标准代码,GB/T 16835-1997,高等学校本科、专科专业名称代码,100303,医学影像学,
2,国家标准代码,GB/T 16835-1997,高等学校本科、专科专业名称代码,100304,医学检验,
2,国家标准代码,GB/T 16835-1997,高等学校本科、专科专业名称代码,100399,其他医学技术专业,
2,国家标准代码,GB/T 16835-1997,高等学校本科、专科专业名称代码,1004,口腔医学,
2,国家标准代码,GB/T 16835-1997,高等学校本科、专科专业名称代码,1005,中医学类,
2,国家标准代码,GB/T 16835-1997,高等学校本科、专科专业名称代码,100501,中医学,
2,国家标准代码,GB/T 16835-1997,高等学校本科、专科专业名称代码,100502,针灸推拿学,
2,国家标准代码,GB/T 16835-1997,高等学校本科、专科专业名称代码,100599,中医学类其他专业,
2,国家标准代码,GB/T 16835-1997,高等学校本科、专科专业名称代码,1006,法医学,
2,国家标准代码,GB/T 16835-1997,高等学校本科、专科专业名称代码,1007,护理学,
2,国家标准代码,GB/T 16835-1997,高等学校本科、专科专业名称代码,1008,药学类,
2,国家标准代码,GB/T 16835-1997,高等学校本科、专科专业名称代码,100801,药学,
2,国家标准代码,GB/T 16835-1997,高等学校本科、专科专业名称代码,100802,中药学,
2,国家标准代码,GB/T 16835-1997,高等学校本科、专科专业名称代码,100899,其他药学专业,
2,国家标准代码,GB/T 16835-1997,高等学校本科、专科专业名称代码,11,管理类,
2,国家标准代码,GB/T 2261.1-2003,性别代码,0,未知的性别,
2,国家标准代码,GB/T 2261.1-2003,性别代码,1,男性,
2,国家标准代码,GB/T 2261.1-2003,性别代码,2,女性,
2,国家标准代码,GB/T 2261.1-2003,性别代码,9,未说明的性别,
2,国家标准代码,GB/T 2261.2-2003,婚姻状况类别代码,10,未婚,
2,国家标准代码,GB/T 2261.2-2003,婚姻状况类别代码,20,已婚,
2,国家标准代码,GB/T 2261.2-2003,婚姻状况类别代码,21,初婚,
2,国家标准代码,GB/T 2261.2-2003,婚姻状况类别代码,22,再婚,
2,国家标准代码,GB/T 2261.2-2003,婚姻状况类别代码,23,复婚,
2,国家标准代码,GB/T 2261.2-2003,婚姻状况类别代码,30,丧偶,
2,国家标准代码,GB/T 2261.2-2003,婚姻状况类别代码,40,离婚,
2,国家标准代码,GB/T 2261.2-2003,婚姻状况类别代码,90,未说明的婚姻状况,
2,国家标准代码,GB/T 2659-2000,国籍代码,01,阿富汗,
2,国家标准代码,GB/T 2659-2000,国籍代码,02,阿尔巴尼亚,
2,国家标准代码,GB/T 2659-2000,国籍代码,03,阿尔及利亚,
2,国家标准代码,GB/T 2659-2000,国籍代码,04,美属萨摩亚,
2,国家标准代码,GB/T 2659-2000,国籍代码,05,安道尔,
2,国家标准代码,GB/T 2659-2000,国籍代码,06,安哥拉,
2,国家标准代码,GB/T 2659-2000,国籍代码,07,安圭拉,
2,国家标准代码,GB/T 2659-2000,国籍代码,08,南极洲,
2,国家标准代码,GB/T 2659-2000,国籍代码,09,安提瓜和巴布达,
2,国家标准代码,GB/T 2659-2000,国籍代码,10,阿根廷,
2,国家标准代码,GB/T 2659-2000,国籍代码,11,亚美尼亚,
2,国家标准代码,GB/T 2659-2000,国籍代码,12,阿鲁巴,
2,国家标准代码,GB/T 2659-2000,国籍代码,13,澳大利亚,
2,国家标准代码,GB/T 2659-2000,国籍代码,14,奥地利,
2,国家标准代码,GB/T 2659-2000,国籍代码,15,阿塞拜疆,
2,国家标准代码,GB/T 2659-2000,国籍代码,16,巴哈马,
2,国家标准代码,GB/T 2659-2000,国籍代码,17,巴林,
2,国家标准代码,GB/T 2659-2000,国籍代码,18,孟加拉国,
2,国家标准代码,GB/T 2659-2000,国籍代码,19,巴巴多斯,
2,国家标准代码,GB/T 2659-2000,国籍代码,20,白俄罗斯,
2,国家标准代码,GB/T 2659-2000,国籍代码,21,比利时,
2,国家标准代码,GB/T 2659-2000,国籍代码,22,伯利兹,
2,国家标准代码,GB/T 2659-2000,国籍代码,23,贝宁,
2,国家标准代码,GB/T 2659-2000,国籍代码,24,百慕大,
2,国家标准代码,GB/T 2659-2000,国籍代码,25,不丹,
2,国家标准代码,GB/T 2659-2000,国籍代码,26,玻利维亚,
2,国家标准代码,GB/T 2659-2000,国籍代码,27,波黑,
2,国家标准代码,GB/T 2659-2000,国籍代码,28,博茨瓦纳,
2,国家标准代码,GB/T 2659-2000,国籍代码,29,布维岛,
2,国家标准代码,GB/T 2659-2000,国籍代码,30,巴西,
2,国家标准代码,GB/T 2659-2000,国籍代码,31,英属印度洋领土,
2,国家标准代码,GB/T 2659-2000,国籍代码,32,文莱,
2,国家标准代码,GB/T 2659-2000,国籍代码,33,保加利亚,
2,国家标准代码,GB/T 2659-2000,国籍代码,34,布基纳法索,
2,国家标准代码,GB/T 2659-2000,国籍代码,35,布隆迪,
2,国家标准代码,GB/T 2659-2000,国籍代码,36,柬埔寨,
2,国家标准代码,GB/T 2659-2000,国籍代码,37,喀麦隆,
2,国家标准代码,GB/T 2659-2000,国籍代码,38,加拿大,
2,国家标准代码,GB/T 2659-2000,国籍代码,39,佛得角,
2,国家标准代码,GB/T 2659-2000,国籍代码,40,开曼群岛,
2,国家标准代码,GB/T 2659-2000,国籍代码,41,中非,
2,国家标准代码,GB/T 2659-2000,国籍代码,42,乍得,
2,国家标准代码,GB/T 2659-2000,国籍代码,43,智利,
2,国家标准代码,GB/T 2659-2000,国籍代码,44,中国,
2,国家标准代码,GB/T 2659-2000,国籍代码,45,香港,
2,国家标准代码,GB/T 2659-2000,国籍代码,46,澳门,
2,国家标准代码,GB/T 2659-2000,国籍代码,47,台湾,
2,国家标准代码,GB/T 2659-2000,国籍代码,48,圣诞岛,
2,国家标准代码,GB/T 2659-2000,国籍代码,49,科科斯(基林)群岛,
2,国家标准代码,GB/T 2659-2000,国籍代码,50,哥伦比亚,
2,国家标准代码,GB/T 2659-2000,国籍代码,51,科摩罗,
2,国家标准代码,GB/T 2659-2000,国籍代码,52,刚果（布）,
2,国家标准代码,GB/T 2659-2000,国籍代码,53,刚果（金）,
2,国家标准代码,GB/T 2659-2000,国籍代码,54,库克群岛,
2,国家标准代码,GB/T 2659-2000,国籍代码,55,哥斯达黎加,
2,国家标准代码,GB/T 2659-2000,国籍代码,56,科特迪瓦,
2,国家标准代码,GB/T 2659-2000,国籍代码,57,克罗地亚,
2,国家标准代码,GB/T 2659-2000,国籍代码,58,古巴,
2,国家标准代码,GB/T 2659-2000,国籍代码,59,塞浦路斯,
2,国家标准代码,GB/T 2659-2000,国籍代码,60,捷克,
2,国家标准代码,GB/T 2659-2000,国籍代码,61,丹麦,
2,国家标准代码,GB/T 2659-2000,国籍代码,62,吉布提,
2,国家标准代码,GB/T 2659-2000,国籍代码,63,多米尼克,
2,国家标准代码,GB/T 2659-2000,国籍代码,64,多米尼加共和国,
2,国家标准代码,GB/T 2659-2000,国籍代码,65,东帝汶,
2,国家标准代码,GB/T 2659-2000,国籍代码,66,厄瓜多尔,
2,国家标准代码,GB/T 2659-2000,国籍代码,67,埃及,
2,国家标准代码,GB/T 2659-2000,国籍代码,68,萨尔瓦多,
2,国家标准代码,GB/T 2659-2000,国籍代码,69,赤道几内亚,
2,国家标准代码,GB/T 2659-2000,国籍代码,70,厄立特里亚,
2,国家标准代码,GB/T 2659-2000,国籍代码,71,爱沙尼亚,
2,国家标准代码,GB/T 2659-2000,国籍代码,72,埃塞俄比亚,
2,国家标准代码,GB/T 2659-2000,国籍代码,73,福克兰群岛(马尔维纳斯),
2,国家标准代码,GB/T 2659-2000,国籍代码,74,法罗群岛,
2,国家标准代码,GB/T 2659-2000,国籍代码,75,斐济,
2,国家标准代码,GB/T 2659-2000,国籍代码,76,芬兰,
2,国家标准代码,GB/T 2659-2000,国籍代码,77,法国,
2,国家标准代码,GB/T 2659-2000,国籍代码,78,法属圭亚那,
2,国家标准代码,GB/T 2659-2000,国籍代码,79,法属波利尼西亚,
2,国家标准代码,GB/T 2659-2000,国籍代码,80,法属南部领土,
2,国家标准代码,GB/T 2659-2000,国籍代码,81,加蓬,
2,国家标准代码,GB/T 2659-2000,国籍代码,82,冈比亚Gambia,
2,国家标准代码,GB/T 2659-2000,国籍代码,83,格鲁吉亚,
2,国家标准代码,GB/T 2659-2000,国籍代码,84,德国,
2,国家标准代码,GB/T 2659-2000,国籍代码,85,加纳,
2,国家标准代码,GB/T 2659-2000,国籍代码,86,直布罗陀,
2,国家标准代码,GB/T 2659-2000,国籍代码,87,希腊,
2,国家标准代码,GB/T 2659-2000,国籍代码,88,格陵兰,
2,国家标准代码,GB/T 2659-2000,国籍代码,89,格林纳达,
2,国家标准代码,GB/T 2659-2000,国籍代码,90,瓜德罗普,
2,国家标准代码,GB/T 2659-2000,国籍代码,91,关岛,
2,国家标准代码,GB/T 2659-2000,国籍代码,92,危地马拉,
2,国家标准代码,GB/T 2659-2000,国籍代码,93,几内亚,
2,国家标准代码,GB/T 2659-2000,国籍代码,94,几内亚比绍,
2,国家标准代码,GB/T 2659-2000,国籍代码,95,圭亚那,
2,国家标准代码,GB/T 2659-2000,国籍代码,96,海地,
2,国家标准代码,GB/T 2659-2000,国籍代码,97,赫德岛和麦克唐纳岛,
2,国家标准代码,GB/T 2659-2000,国籍代码,98,洪都拉斯,
2,国家标准代码,GB/T 2659-2000,国籍代码,99,匈牙利,
2,国家标准代码,GB/T 2659-2000,国籍代码,100,冰岛,
2,国家标准代码,GB/T 2659-2000,国籍代码,101,印度,
2,国家标准代码,GB/T 2659-2000,国籍代码,102,印度尼西亚,
2,国家标准代码,GB/T 2659-2000,国籍代码,103,伊朗,
2,国家标准代码,GB/T 2659-2000,国籍代码,104,伊拉克,
2,国家标准代码,GB/T 2659-2000,国籍代码,105,爱尔兰,
2,国家标准代码,GB/T 2659-2000,国籍代码,106,以色列,
2,国家标准代码,GB/T 2659-2000,国籍代码,107,意大利,
2,国家标准代码,GB/T 2659-2000,国籍代码,108,牙买加,
2,国家标准代码,GB/T 2659-2000,国籍代码,109,日本,
2,国家标准代码,GB/T 2659-2000,国籍代码,110,约旦,
2,国家标准代码,GB/T 2659-2000,国籍代码,111,哈萨克斯坦,
2,国家标准代码,GB/T 2659-2000,国籍代码,112,肯尼亚,
2,国家标准代码,GB/T 2659-2000,国籍代码,113,基里巴斯,
2,国家标准代码,GB/T 2659-2000,国籍代码,114,朝鲜,
2,国家标准代码,GB/T 2659-2000,国籍代码,115,韩国,
2,国家标准代码,GB/T 2659-2000,国籍代码,116,科威特,
2,国家标准代码,GB/T 2659-2000,国籍代码,117,吉尔吉斯斯坦,
2,国家标准代码,GB/T 2659-2000,国籍代码,118,老挝,
2,国家标准代码,GB/T 2659-2000,国籍代码,119,拉脱维亚,
2,国家标准代码,GB/T 2659-2000,国籍代码,120,黎巴嫩,
2,国家标准代码,GB/T 2659-2000,国籍代码,121,莱索托,
2,国家标准代码,GB/T 2659-2000,国籍代码,122,利比里亚,
2,国家标准代码,GB/T 2659-2000,国籍代码,123,利比亚,
2,国家标准代码,GB/T 2659-2000,国籍代码,124,列支敦士登,
2,国家标准代码,GB/T 2659-2000,国籍代码,125,立陶宛,
2,国家标准代码,GB/T 2659-2000,国籍代码,126,卢森堡,
2,国家标准代码,GB/T 2659-2000,国籍代码,127,前南马其顿,
2,国家标准代码,GB/T 2659-2000,国籍代码,128,马达加斯加,
2,国家标准代码,GB/T 2659-2000,国籍代码,129,马拉维,
2,国家标准代码,GB/T 2659-2000,国籍代码,130,马来西亚,
2,国家标准代码,GB/T 2659-2000,国籍代码,131,马尔代夫,
2,国家标准代码,GB/T 2659-2000,国籍代码,132,马里,
2,国家标准代码,GB/T 2659-2000,国籍代码,133,马耳他,
2,国家标准代码,GB/T 2659-2000,国籍代码,134,马绍尔群岛,
2,国家标准代码,GB/T 2659-2000,国籍代码,135,马提尼克,
2,国家标准代码,GB/T 2659-2000,国籍代码,136,毛里塔尼亚,
2,国家标准代码,GB/T 2659-2000,国籍代码,137,毛里求斯,
2,国家标准代码,GB/T 2659-2000,国籍代码,138,马约特,
2,国家标准代码,GB/T 2659-2000,国籍代码,139,墨西哥,
2,国家标准代码,GB/T 2659-2000,国籍代码,140,密克罗尼西亚联邦,
2,国家标准代码,GB/T 2659-2000,国籍代码,141,摩尔多瓦,
2,国家标准代码,GB/T 2659-2000,国籍代码,142,摩纳哥,
2,国家标准代码,GB/T 2659-2000,国籍代码,143,蒙古,
2,国家标准代码,GB/T 2659-2000,国籍代码,144,蒙特塞拉特,
2,国家标准代码,GB/T 2659-2000,国籍代码,145,摩洛哥,
2,国家标准代码,GB/T 2659-2000,国籍代码,146,莫桑比克,
2,国家标准代码,GB/T 2659-2000,国籍代码,147,缅甸,
2,国家标准代码,GB/T 2659-2000,国籍代码,148,纳米比亚,
2,国家标准代码,GB/T 2659-2000,国籍代码,149,瑙鲁,
2,国家标准代码,GB/T 2659-2000,国籍代码,150,尼泊尔,
2,国家标准代码,GB/T 2659-2000,国籍代码,151,荷兰,
2,国家标准代码,GB/T 2659-2000,国籍代码,152,荷属安的列斯,
2,国家标准代码,GB/T 2659-2000,国籍代码,153,新喀里多尼亚,
2,国家标准代码,GB/T 2659-2000,国籍代码,154,新西兰,
2,国家标准代码,GB/T 2659-2000,国籍代码,155,尼加拉瓜,
2,国家标准代码,GB/T 2659-2000,国籍代码,156,尼日尔,
2,国家标准代码,GB/T 2659-2000,国籍代码,157,尼日利亚,
2,国家标准代码,GB/T 2659-2000,国籍代码,158,纽埃,
2,国家标准代码,GB/T 2659-2000,国籍代码,159,诺福克岛,
2,国家标准代码,GB/T 2659-2000,国籍代码,160,北马里亚纳,
2,国家标准代码,GB/T 2659-2000,国籍代码,161,挪威,
2,国家标准代码,GB/T 2659-2000,国籍代码,162,阿曼,
2,国家标准代码,GB/T 2659-2000,国籍代码,163,巴基斯坦,
2,国家标准代码,GB/T 2659-2000,国籍代码,164,帕劳,
2,国家标准代码,GB/T 2659-2000,国籍代码,165,巴勒斯坦,
2,国家标准代码,GB/T 2659-2000,国籍代码,166,巴拿马,
2,国家标准代码,GB/T 2659-2000,国籍代码,167,巴布亚新几内亚,
2,国家标准代码,GB/T 2659-2000,国籍代码,168,巴拉圭,
2,国家标准代码,GB/T 2659-2000,国籍代码,169,秘鲁,
2,国家标准代码,GB/T 2659-2000,国籍代码,170,菲律宾,
2,国家标准代码,GB/T 2659-2000,国籍代码,171,皮特凯恩群岛,
2,国家标准代码,GB/T 2659-2000,国籍代码,172,波兰,
2,国家标准代码,GB/T 2659-2000,国籍代码,173,葡萄牙,
2,国家标准代码,GB/T 2659-2000,国籍代码,174,波多黎各,
2,国家标准代码,GB/T 2659-2000,国籍代码,175,卡塔尔,
2,国家标准代码,GB/T 2659-2000,国籍代码,176,留尼汪,
2,国家标准代码,GB/T 2659-2000,国籍代码,177,罗马尼亚,
2,国家标准代码,GB/T 2659-2000,国籍代码,178,俄罗斯联邦,
2,国家标准代码,GB/T 2659-2000,国籍代码,179,卢旺达,
2,国家标准代码,GB/T 2659-2000,国籍代码,180,圣赫勒拿,
2,国家标准代码,GB/T 2659-2000,国籍代码,181,圣基茨和尼维斯,
2,国家标准代码,GB/T 2659-2000,国籍代码,182,圣卢西亚,
2,国家标准代码,GB/T 2659-2000,国籍代码,183,圣皮埃尔和密克隆,
2,国家标准代码,GB/T 2659-2000,国籍代码,184,圣文森特和格林纳丁斯,
2,国家标准代码,GB/T 2659-2000,国籍代码,185,萨摩亚,
2,国家标准代码,GB/T 2659-2000,国籍代码,186,圣马力诺,
2,国家标准代码,GB/T 2659-2000,国籍代码,187,圣多美和普林西比,
2,国家标准代码,GB/T 2659-2000,国籍代码,188,沙特阿拉伯,
2,国家标准代码,GB/T 2659-2000,国籍代码,189,塞内加尔,
2,国家标准代码,GB/T 2659-2000,国籍代码,190,塞舌尔,
2,国家标准代码,GB/T 2659-2000,国籍代码,191,塞拉利昂,
2,国家标准代码,GB/T 2659-2000,国籍代码,192,新加坡,
2,国家标准代码,GB/T 2659-2000,国籍代码,193,斯洛伐克,
2,国家标准代码,GB/T 2659-2000,国籍代码,194,斯洛文尼亚,
2,国家标准代码,GB/T 2659-2000,国籍代码,195,所罗门群岛,
2,国家标准代码,GB/T 2659-2000,国籍代码,196,索马里,
2,国家标准代码,GB/T 2659-2000,国籍代码,197,南非,
2,国家标准代码,GB/T 2659-2000,国籍代码,198,南乔治亚岛和南桑德韦奇岛,
2,国家标准代码,GB/T 2659-2000,国籍代码,199,西班牙,
2,国家标准代码,GB/T 2659-2000,国籍代码,200,斯里兰卡,
2,国家标准代码,GB/T 2659-2000,国籍代码,201,苏丹,
2,国家标准代码,GB/T 2659-2000,国籍代码,202,苏里南,
2,国家标准代码,GB/T 2659-2000,国籍代码,203,斯瓦尔巴群岛,
2,国家标准代码,GB/T 2659-2000,国籍代码,204,斯威士兰,
2,国家标准代码,GB/T 2659-2000,国籍代码,205,瑞典,
2,国家标准代码,GB/T 2659-2000,国籍代码,206,瑞士,
2,国家标准代码,GB/T 2659-2000,国籍代码,207,叙利亚,
2,国家标准代码,GB/T 2659-2000,国籍代码,208,塔吉克斯坦,
2,国家标准代码,GB/T 2659-2000,国籍代码,209,坦桑尼亚,
2,国家标准代码,GB/T 2659-2000,国籍代码,210,泰国,
2,国家标准代码,GB/T 2659-2000,国籍代码,211,多哥,
2,国家标准代码,GB/T 2659-2000,国籍代码,212,托克劳,
2,国家标准代码,GB/T 2659-2000,国籍代码,213,汤加,
2,国家标准代码,GB/T 2659-2000,国籍代码,214,特立尼达和多巴哥,
2,国家标准代码,GB/T 2659-2000,国籍代码,215,突尼斯,
2,国家标准代码,GB/T 2659-2000,国籍代码,216,土耳其,
2,国家标准代码,GB/T 2659-2000,国籍代码,217,土库曼斯坦,
2,国家标准代码,GB/T 2659-2000,国籍代码,218,特克斯科斯群岛,
2,国家标准代码,GB/T 2659-2000,国籍代码,219,图瓦卢,
2,国家标准代码,GB/T 2659-2000,国籍代码,220,乌干达,
2,国家标准代码,GB/T 2659-2000,国籍代码,221,乌克兰,
2,国家标准代码,GB/T 2659-2000,国籍代码,222,阿联酋,
2,国家标准代码,GB/T 2659-2000,国籍代码,223,英国,
2,国家标准代码,GB/T 2659-2000,国籍代码,224,美国,
2,国家标准代码,GB/T 2659-2000,国籍代码,225,美国本土外小岛屿,
2,国家标准代码,GB/T 2659-2000,国籍代码,226,乌拉圭,
2,国家标准代码,GB/T 2659-2000,国籍代码,227,乌兹别克斯坦,
2,国家标准代码,GB/T 2659-2000,国籍代码,228,瓦努阿图,
2,国家标准代码,GB/T 2659-2000,国籍代码,229,梵蒂冈,
2,国家标准代码,GB/T 2659-2000,国籍代码,230,委内瑞拉,
2,国家标准代码,GB/T 2659-2000,国籍代码,231,越南,
2,国家标准代码,GB/T 2659-2000,国籍代码,232,英属维尔京群岛,
2,国家标准代码,GB/T 2659-2000,国籍代码,233,美属维尔京群岛,
2,国家标准代码,GB/T 2659-2000,国籍代码,234,瓦利斯和富图纳,
2,国家标准代码,GB/T 2659-2000,国籍代码,235,西撒哈拉,
2,国家标准代码,GB/T 2659-2000,国籍代码,236,也门,
2,国家标准代码,GB/T 2659-2000,国籍代码,237,南斯拉夫,
2,国家标准代码,GB/T 2659-2000,国籍代码,238,赞比亚,
2,国家标准代码,GB/T 2659-2000,国籍代码,239,津巴布韦,
2,国家标准代码,GB/T 4658-2006,学历代码,10,研究生教育,
2,国家标准代码,GB/T 4658-2006,学历代码,11,博士研究生毕业,
2,国家标准代码,GB/T 4658-2006,学历代码,12,博士研究生结业,
2,国家标准代码,GB/T 4658-2006,学历代码,13,博士研究生肄业,
2,国家标准代码,GB/T 4658-2006,学历代码,14,硕士研究生毕业,
2,国家标准代码,GB/T 4658-2006,学历代码,15,硕士研究生结业,
2,国家标准代码,GB/T 4658-2006,学历代码,16,硕士研究生肄业,
2,国家标准代码,GB/T 4658-2006,学历代码,17,研究生班毕业,
2,国家标准代码,GB/T 4658-2006,学历代码,18,研究生班结业,
2,国家标准代码,GB/T 4658-2006,学历代码,19,研究生班肄业,
2,国家标准代码,GB/T 4658-2006,学历代码,20,大学本科,
2,国家标准代码,GB/T 4658-2006,学历代码,21,大学本科毕业,
2,国家标准代码,GB/T 4658-2006,学历代码,22,大学本科结业,
2,国家标准代码,GB/T 4658-2006,学历代码,23,大学本科肄业,
2,国家标准代码,GB/T 4658-2006,学历代码,28,大学普通班毕业,
2,国家标准代码,GB/T 4658-2006,学历代码,30,专科教育,
2,国家标准代码,GB/T 4658-2006,学历代码,31,大学专科毕业,
2,国家标准代码,GB/T 4658-2006,学历代码,32,大学专科结业,
2,国家标准代码,GB/T 4658-2006,学历代码,33,大学专科肄业,
2,国家标准代码,GB/T 4658-2006,学历代码,40,中等职业教育,
2,国家标准代码,GB/T 4658-2006,学历代码,41,中等专科毕业,
2,国家标准代码,GB/T 4658-2006,学历代码,42,中等专科结业,
2,国家标准代码,GB/T 4658-2006,学历代码,43,中等专科肄业,
2,国家标准代码,GB/T 4658-2006,学历代码,44,职业高中毕业,
2,国家标准代码,GB/T 4658-2006,学历代码,45,职业高中结业,
2,国家标准代码,GB/T 4658-2006,学历代码,46,职业高中肄业,
2,国家标准代码,GB/T 4658-2006,学历代码,47,技工学校毕业,
2,国家标准代码,GB/T 4658-2006,学历代码,48,技工学校结业,
2,国家标准代码,GB/T 4658-2006,学历代码,49,技工学校肄业,
2,国家标准代码,GB/T 4658-2006,学历代码,60,普通高级中学教育,
2,国家标准代码,GB/T 4658-2006,学历代码,61,普通高中毕业,
2,国家标准代码,GB/T 4658-2006,学历代码,62,普通高中结业,
2,国家标准代码,GB/T 4658-2006,学历代码,63,普通高中肄业,
2,国家标准代码,GB/T 4658-2006,学历代码,70,初级中学教育,
2,国家标准代码,GB/T 4658-2006,学历代码,71,初中毕业,
2,国家标准代码,GB/T 4658-2006,学历代码,73,初中肄业,
2,国家标准代码,GB/T 4658-2006,学历代码,80,小学教育,
2,国家标准代码,GB/T 4658-2006,学历代码,81,小学毕业,
2,国家标准代码,GB/T 4658-2006,学历代码,83,小学肄业,
2,国家标准代码,GB/T 4658-2006,学历代码,90,其他,
2,国家标准代码,GB/T 8561-2001,专业技术职务代码,1,名誉博士,
2,国家标准代码,GB/T 8561-2001,专业技术职务代码,2,博士,
2,国家标准代码,GB/T 8561-2001,专业技术职务代码,3,硕士,
2,国家标准代码,GB/T 8561-2001,专业技术职务代码,4,学士,
2,国家标准代码,GB/T 8561-2001,专业技术职务代码,10,高等学校教师,
2,国家标准代码,GB/T 8561-2001,专业技术职务代码,11,教授,
2,国家标准代码,GB/T 8561-2001,专业技术职务代码,12,副教授,
2,国家标准代码,GB/T 8561-2001,专业技术职务代码,13,讲师,
2,国家标准代码,GB/T 8561-2001,专业技术职务代码,14,助教,
2,国家标准代码,GB/T 8561-2001,专业技术职务代码,20,中等专业学校教师,
2,国家标准代码,GB/T 8561-2001,专业技术职务代码,22,高级讲师(中专),
2,国家标准代码,GB/T 8561-2001,专业技术职务代码,23,讲师(中专),
2,国家标准代码,GB/T 8561-2001,专业技术职务代码,24,助理讲师(中专),
2,国家标准代码,GB/T 8561-2001,专业技术职务代码,25,教员(中专),
2,国家标准代码,GB/T 8561-2001,专业技术职务代码,30,技工学校教师（讲师）,
2,国家标准代码,GB/T 8561-2001,专业技术职务代码,32,高级讲师(技校),
2,国家标准代码,GB/T 8561-2001,专业技术职务代码,33,讲师(技校),
2,国家标准代码,GB/T 8561-2001,专业技术职务代码,34,助理讲师(技校),
2,国家标准代码,GB/T 8561-2001,专业技术职务代码,35,教员(技校),
2,国家标准代码,GB/T 8561-2001,专业技术职务代码,40,技工学校教师(实习指导),
2,国家标准代码,GB/T 8561-2001,专业技术职务代码,42,高级实习指导教师,
2,国家标准代码,GB/T 8561-2001,专业技术职务代码,43,一级实习指导教师,
2,国家标准代码,GB/T 8561-2001,专业技术职务代码,44,二级实习指导教师,
2,国家标准代码,GB/T 8561-2001,专业技术职务代码,45,三级实习指导教师,
2,国家标准代码,GB/T 8561-2001,专业技术职务代码,50,中学教师,
2,国家标准代码,GB/T 8561-2001,专业技术职务代码,52,高级教师(中学),
2,国家标准代码,GB/T 8561-2001,专业技术职务代码,53,一级教师(中学),
2,国家标准代码,GB/T 8561-2001,专业技术职务代码,54,二级教师(中学),
2,国家标准代码,GB/T 8561-2001,专业技术职务代码,55,三级教师(中学),
2,国家标准代码,GB/T 8561-2001,专业技术职务代码,70,实验技术人员,
2,国家标准代码,GB/T 8561-2001,专业技术职务代码,72,高级实验师,
2,国家标准代码,GB/T 8561-2001,专业技术职务代码,73,实验师,
2,国家标准代码,GB/T 8561-2001,专业技术职务代码,74,助理实验师,
2,国家标准代码,GB/T 8561-2001,专业技术职务代码,75,实验员,
2,国家标准代码,GB/T 8561-2001,专业技术职务代码,80,工程技术人员,
2,国家标准代码,GB/T 8561-2001,专业技术职务代码,82,高级工程师,
2,国家标准代码,GB/T 8561-2001,专业技术职务代码,83,工程师,
2,国家标准代码,GB/T 8561-2001,专业技术职务代码,84,助理工程师,
2,国家标准代码,GB/T 8561-2001,专业技术职务代码,85,技术员,
2,国家标准代码,GB/T 8561-2001,专业技术职务代码,90,农业技术人员（农艺）,
2,国家标准代码,GB/T 8561-2001,专业技术职务代码,91,农业技术推广研究员（农艺）,
2,国家标准代码,GB/T 8561-2001,专业技术职务代码,92,高级农艺师,
2,国家标准代码,GB/T 8561-2001,专业技术职务代码,93,农艺师,
2,国家标准代码,GB/T 8561-2001,专业技术职务代码,94,助理农艺师,
2,国家标准代码,GB/T 8561-2001,专业技术职务代码,95,农业技术员,
2,国家标准代码,GB/T 8561-2001,专业技术职务代码,100,农业技术人员（兽医）,
2,国家标准代码,GB/T 8561-2001,专业技术职务代码,101,农业技术推广研究员（兽医）,
2,国家标准代码,GB/T 8561-2001,专业技术职务代码,102,高级兽医师,
2,国家标准代码,GB/T 8561-2001,专业技术职务代码,103,兽医师,
2,国家标准代码,GB/T 8561-2001,专业技术职务代码,104,助理兽医师,
2,国家标准代码,GB/T 8561-2001,专业技术职务代码,105,兽医技术员,
2,国家标准代码,GB/T 8561-2001,专业技术职务代码,110,农业技术人员（畜牧）,
2,国家标准代码,GB/T 8561-2001,专业技术职务代码,111,农业技术推广研究员（畜牧）,
2,国家标准代码,GB/T 8561-2001,专业技术职务代码,112,高级畜牧师,
2,国家标准代码,GB/T 8561-2001,专业技术职务代码,113,畜牧师,
2,国家标准代码,GB/T 8561-2001,专业技术职务代码,114,助理畜牧师,
2,国家标准代码,GB/T 8561-2001,专业技术职务代码,115,畜牧技术员,
2,国家标准代码,GB/T 8561-2001,专业技术职务代码,120,经济专业人员,
2,国家标准代码,GB/T 8561-2001,专业技术职务代码,122,高级经济师,
2,国家标准代码,GB/T 8561-2001,专业技术职务代码,123,经济师,
2,国家标准代码,GB/T 8561-2001,专业技术职务代码,124,助理经济师,
2,国家标准代码,GB/T 8561-2001,专业技术职务代码,125,经济员,
2,国家标准代码,GB/T 8561-2001,专业技术职务代码,130,会计专业人员,
2,国家标准代码,GB/T 8561-2001,专业技术职务代码,132,高级会计师,
2,国家标准代码,GB/T 8561-2001,专业技术职务代码,133,会计师,
2,国家标准代码,GB/T 8561-2001,专业技术职务代码,134,助理会计师,
2,国家标准代码,GB/T 8561-2001,专业技术职务代码,135,会计员,
2,国家标准代码,GB/T 8561-2001,专业技术职务代码,140,统计专业人员,
2,国家标准代码,GB/T 8561-2001,专业技术职务代码,142,高级统计师,
2,国家标准代码,GB/T 8561-2001,专业技术职务代码,143,统计师,
2,国家标准代码,GB/T 8561-2001,专业技术职务代码,144,助理统计师,
2,国家标准代码,GB/T 8561-2001,专业技术职务代码,145,统计员,
2,国家标准代码,GB/T 8561-2001,专业技术职务代码,150,出版专业人员（编审）,
2,国家标准代码,GB/T 8561-2001,专业技术职务代码,151,编审,
2,国家标准代码,GB/T 8561-2001,专业技术职务代码,152,副编审,
2,国家标准代码,GB/T 8561-2001,专业技术职务代码,153,编辑,
2,国家标准代码,GB/T 8561-2001,专业技术职务代码,154,助理编辑,
2,国家标准代码,GB/T 8561-2001,专业技术职务代码,160,出版专业人员（编辑）,
2,国家标准代码,GB/T 8561-2001,专业技术职务代码,163,技术编辑,
2,国家标准代码,GB/T 8561-2001,专业技术职务代码,164,助理技术编辑,
2,国家标准代码,GB/T 8561-2001,专业技术职务代码,165,技术设计员,
2,国家标准代码,GB/T 8561-2001,专业技术职务代码,170,出版专业人员（校对）,
2,国家标准代码,GB/T 8561-2001,专业技术职务代码,173,一级校对,
2,国家标准代码,GB/T 8561-2001,专业技术职务代码,174,二级校对,
2,国家标准代码,GB/T 8561-2001,专业技术职务代码,175,三级校对,
2,国家标准代码,GB/T 8561-2001,专业技术职务代码,180,,
2,国家标准代码,GB/T 8561-2001,专业技术职务代码,181,译审,
2,国家标准代码,GB/T 8561-2001,专业技术职务代码,182,副译审,
2,国家标准代码,GB/T 8561-2001,专业技术职务代码,183,翻译,
2,国家标准代码,GB/T 8561-2001,专业技术职务代码,184,助理翻译,
2,国家标准代码,GB/T 8561-2001,专业技术职务代码,190,,
2,国家标准代码,GB/T 8561-2001,专业技术职务代码,191,高级记者,
2,国家标准代码,GB/T 8561-2001,专业技术职务代码,192,主任记者,
2,国家标准代码,GB/T 8561-2001,专业技术职务代码,193,记者,
2,国家标准代码,GB/T 8561-2001,专业技术职务代码,194,助理记者,
2,国家标准代码,GB/T 8561-2001,专业技术职务代码,200,,
2,国家标准代码,GB/T 8561-2001,专业技术职务代码,201,高级编辑,
2,国家标准代码,GB/T 8561-2001,专业技术职务代码,202,主任编辑,
2,国家标准代码,GB/T 8561-2001,专业技术职务代码,203,编辑,
2,国家标准代码,GB/T 8561-2001,专业技术职务代码,204,助理编辑,
2,国家标准代码,GB/T 8561-2001,专业技术职务代码,220,,
2,国家标准代码,GB/T 8561-2001,专业技术职务代码,221,播音指导,
2,国家标准代码,GB/T 8561-2001,专业技术职务代码,222,主任播音员,
2,国家标准代码,GB/T 8561-2001,专业技术职务代码,223,一级播音员,
2,国家标准代码,GB/T 8561-2001,专业技术职务代码,224,二级播音员,
2,国家标准代码,GB/T 8561-2001,专业技术职务代码,225,三级播音员,
2,国家标准代码,GB/T 8561-2001,专业技术职务代码,230,,
2,国家标准代码,GB/T 8561-2001,专业技术职务代码,231,主任医师,
2,国家标准代码,GB/T 8561-2001,专业技术职务代码,232,副主任医师,
2,国家标准代码,GB/T 8561-2001,专业技术职务代码,233,主治医师,
2,国家标准代码,GB/T 8561-2001,专业技术职务代码,234,医师,
2,国家标准代码,GB/T 8561-2001,专业技术职务代码,235,医士,
2,国家标准代码,GB/T 8561-2001,专业技术职务代码,240,,
2,国家标准代码,GB/T 8561-2001,专业技术职务代码,241,主任药师,
2,国家标准代码,GB/T 8561-2001,专业技术职务代码,242,副主任药师,
2,国家标准代码,GB/T 8561-2001,专业技术职务代码,243,主管药师,
2,国家标准代码,GB/T 8561-2001,专业技术职务代码,244,药师,
2,国家标准代码,GB/T 8561-2001,专业技术职务代码,245,药士,
2,国家标准代码,GB/T 8561-2001,专业技术职务代码,250,,
2,国家标准代码,GB/T 8561-2001,专业技术职务代码,251,主任护师,
2,国家标准代码,GB/T 8561-2001,专业技术职务代码,252,副主任护师,
2,国家标准代码,GB/T 8561-2001,专业技术职务代码,253,主管护师,
2,国家标准代码,GB/T 8561-2001,专业技术职务代码,254,护师,
2,国家标准代码,GB/T 8561-2001,专业技术职务代码,255,护士,
2,国家标准代码,GB/T 8561-2001,专业技术职务代码,260,,
2,国家标准代码,GB/T 8561-2001,专业技术职务代码,261,主任技师,
2,国家标准代码,GB/T 8561-2001,专业技术职务代码,262,副主任技师,
2,国家标准代码,GB/T 8561-2001,专业技术职务代码,263,主管技师,
2,国家标准代码,GB/T 8561-2001,专业技术职务代码,264,技师,
2,国家标准代码,GB/T 8561-2001,专业技术职务代码,265,技士,
2,国家标准代码,GB/T 8561-2001,专业技术职务代码,270,,
2,国家标准代码,GB/T 8561-2001,专业技术职务代码,272,高级工艺美术师,
2,国家标准代码,GB/T 8561-2001,专业技术职务代码,273,工艺美术师,
2,国家标准代码,GB/T 8561-2001,专业技术职务代码,274,助理工艺美术师,
2,国家标准代码,GB/T 8561-2001,专业技术职务代码,275,工艺美术员,
2,国家标准代码,GB/T 8561-2001,专业技术职务代码,280,,
2,国家标准代码,GB/T 8561-2001,专业技术职务代码,281,一级演员,
2,国家标准代码,GB/T 8561-2001,专业技术职务代码,282,二级演员,
2,国家标准代码,GB/T 8561-2001,专业技术职务代码,283,三级演员,
2,国家标准代码,GB/T 8561-2001,专业技术职务代码,284,四级演员,
2,国家标准代码,GB/T 8561-2001,专业技术职务代码,290,,
2,国家标准代码,GB/T 8561-2001,专业技术职务代码,291,一级演奏员,
2,国家标准代码,GB/T 8561-2001,专业技术职务代码,292,二级演奏员,
2,国家标准代码,GB/T 8561-2001,专业技术职务代码,293,三级演奏员,
2,国家标准代码,GB/T 8561-2001,专业技术职务代码,294,四级演奏员,
2,国家标准代码,GB/T 8561-2001,专业技术职务代码,300,,
2,国家标准代码,GB/T 8561-2001,专业技术职务代码,301,一级编剧,
2,国家标准代码,GB/T 8561-2001,专业技术职务代码,302,二级编剧,
2,国家标准代码,GB/T 8561-2001,专业技术职务代码,303,三级编剧,
2,国家标准代码,GB/T 8561-2001,专业技术职务代码,304,四级编剧,
2,国家标准代码,GB/T 8561-2001,专业技术职务代码,310,,
2,国家标准代码,GB/T 8561-2001,专业技术职务代码,311,一级导演,
2,国家标准代码,GB/T 8561-2001,专业技术职务代码,312,二级导演,
2,国家标准代码,GB/T 8561-2001,专业技术职务代码,313,三级导演,
2,国家标准代码,GB/T 8561-2001,专业技术职务代码,314,四级导演,
2,国家标准代码,GB/T 8561-2001,专业技术职务代码,320,,
2,国家标准代码,GB/T 8561-2001,专业技术职务代码,321,一级指挥,
2,国家标准代码,GB/T 8561-2001,专业技术职务代码,322,二级指挥,
2,国家标准代码,GB/T 8561-2001,专业技术职务代码,323,三级指挥,
2,国家标准代码,GB/T 8561-2001,专业技术职务代码,324,四级指挥,
2,国家标准代码,GB/T 8561-2001,专业技术职务代码,330,,
2,国家标准代码,GB/T 8561-2001,专业技术职务代码,331,一级作曲,
2,国家标准代码,GB/T 8561-2001,专业技术职务代码,332,二级作曲,
2,国家标准代码,GB/T 8561-2001,专业技术职务代码,333,三级作曲,
2,国家标准代码,GB/T 8561-2001,专业技术职务代码,334,四级作曲,
2,国家标准代码,GB/T 8561-2001,专业技术职务代码,340,,
2,国家标准代码,GB/T 8561-2001,专业技术职务代码,341,一级美术师,
2,国家标准代码,GB/T 8561-2001,专业技术职务代码,342,二级美术师,
2,国家标准代码,GB/T 8561-2001,专业技术职务代码,343,三级美术师,
2,国家标准代码,GB/T 8561-2001,专业技术职务代码,344,美术员,
2,国家标准代码,GB/T 8561-2001,专业技术职务代码,350,,
2,国家标准代码,GB/T 8561-2001,专业技术职务代码,351,一级舞美设计师,
2,国家标准代码,GB/T 8561-2001,专业技术职务代码,352,二级舞美设计师,
2,国家标准代码,GB/T 8561-2001,专业技术职务代码,353,三级舞美设计师,
2,国家标准代码,GB/T 8561-2001,专业技术职务代码,354,舞美设计员,
2,国家标准代码,GB/T 8561-2001,专业技术职务代码,360,,
2,国家标准代码,GB/T 8561-2001,专业技术职务代码,362,主任舞台技师,
2,国家标准代码,GB/T 8561-2001,专业技术职务代码,363,舞台技师,
2,国家标准代码,GB/T 8561-2001,专业技术职务代码,364,舞台技术员,
2,国家标准代码,GB/T 8561-2001,专业技术职务代码,370,,
2,国家标准代码,GB/T 8561-2001,专业技术职务代码,371,国家级教练,
2,国家标准代码,GB/T 8561-2001,专业技术职务代码,372,高级教练,
2,国家标准代码,GB/T 8561-2001,专业技术职务代码,373,一级教练,
2,国家标准代码,GB/T 8561-2001,专业技术职务代码,374,二级教练,
2,国家标准代码,GB/T 8561-2001,专业技术职务代码,375,三级教练,
2,国家标准代码,GB/T 8561-2001,专业技术职务代码,390,,
2,国家标准代码,GB/T 8561-2001,专业技术职务代码,391,一级律师,
2,国家标准代码,GB/T 8561-2001,专业技术职务代码,392,二级律师,
2,国家标准代码,GB/T 8561-2001,专业技术职务代码,393,三级律师,
2,国家标准代码,GB/T 8561-2001,专业技术职务代码,394,四级律师,
2,国家标准代码,GB/T 8561-2001,专业技术职务代码,395,律师助理,
2,国家标准代码,GB/T 8561-2001,专业技术职务代码,400,,
2,国家标准代码,GB/T 8561-2001,专业技术职务代码,401,一级公证员,
2,国家标准代码,GB/T 8561-2001,专业技术职务代码,402,二级公证员,
2,国家标准代码,GB/T 8561-2001,专业技术职务代码,403,三级公证员,
2,国家标准代码,GB/T 8561-2001,专业技术职务代码,404,四级公证员,
2,国家标准代码,GB/T 8561-2001,专业技术职务代码,405,公证员助理,
2,国家标准代码,GB/T 8561-2001,专业技术职务代码,410,,
2,国家标准代码,GB/T 8561-2001,专业技术职务代码,413,高级教师(小学),
2,国家标准代码,GB/T 8561-2001,专业技术职务代码,414,一级教师(小学),
2,国家标准代码,GB/T 8561-2001,专业技术职务代码,415,二级教师(小学),
2,国家标准代码,GB/T 8561-2001,专业技术职务代码,416,三级教师(小学),
2,国家标准代码,GB/T 8561-2001,专业技术职务代码,420,,
2,国家标准代码,GB/T 8561-2001,专业技术职务代码,422,高级船长,
2,国家标准代码,GB/T 8561-2001,专业技术职务代码,423,船长（大副）,
2,国家标准代码,GB/T 8561-2001,专业技术职务代码,424,二副,
2,国家标准代码,GB/T 8561-2001,专业技术职务代码,425,三副,
2,国家标准代码,GB/T 8561-2001,专业技术职务代码,430,,
2,国家标准代码,GB/T 8561-2001,专业技术职务代码,432,高级轮机长,
2,国家标准代码,GB/T 8561-2001,专业技术职务代码,433,轮机长(大管轮),
2,国家标准代码,GB/T 8561-2001,专业技术职务代码,434,二管轮,
2,国家标准代码,GB/T 8561-2001,专业技术职务代码,435,三管轮,
2,国家标准代码,GB/T 8561-2001,专业技术职务代码,440,,
2,国家标准代码,GB/T 8561-2001,专业技术职务代码,442,高级电机员,
2,国家标准代码,GB/T 8561-2001,专业技术职务代码,443,通用电机员(一等电机员),
2,国家标准代码,GB/T 8561-2001,专业技术职务代码,444,二等电机员,
2,国家标准代码,GB/T 8561-2001,专业技术职务代码,450,,
2,国家标准代码,GB/T 8561-2001,专业技术职务代码,452,高级报务员,
2,国家标准代码,GB/T 8561-2001,专业技术职务代码,453,通用报务员,
2,国家标准代码,GB/T 8561-2001,专业技术职务代码,454,二等报务员,
2,国家标准代码,GB/T 8561-2001,专业技术职务代码,455,限用报务员,
2,国家标准代码,GB/T 8561-2001,专业技术职务代码,460,,
2,国家标准代码,GB/T 8561-2001,专业技术职务代码,462,一级飞行员,
2,国家标准代码,GB/T 8561-2001,专业技术职务代码,463,二级飞行员,
2,国家标准代码,GB/T 8561-2001,专业技术职务代码,464,三级飞行员,
2,国家标准代码,GB/T 8561-2001,专业技术职务代码,465,四级飞行员,
2,国家标准代码,GB/T 8561-2001,专业技术职务代码,470,,
2,国家标准代码,GB/T 8561-2001,专业技术职务代码,472,一级领航员,
2,国家标准代码,GB/T 8561-2001,专业技术职务代码,473,二级领航员,
2,国家标准代码,GB/T 8561-2001,专业技术职务代码,474,三级领航员,
2,国家标准代码,GB/T 8561-2001,专业技术职务代码,475,四级领航员,
2,国家标准代码,GB/T 8561-2001,专业技术职务代码,480,,
2,国家标准代码,GB/T 8561-2001,专业技术职务代码,482,一级飞行通信员,
2,国家标准代码,GB/T 8561-2001,专业技术职务代码,483,二级飞行通信员,
2,国家标准代码,GB/T 8561-2001,专业技术职务代码,484,三级飞行通信员,
2,国家标准代码,GB/T 8561-2001,专业技术职务代码,485,四级飞行通信员,
2,国家标准代码,GB/T 8561-2001,专业技术职务代码,490,,
2,国家标准代码,GB/T 8561-2001,专业技术职务代码,492,一级飞行机械员,
2,国家标准代码,GB/T 8561-2001,专业技术职务代码,493,二级飞行机械员,
2,国家标准代码,GB/T 8561-2001,专业技术职务代码,494,三级飞行机械员,
2,国家标准代码,GB/T 8561-2001,专业技术职务代码,495,四级飞行机械员,
2,国家标准代码,GB/T 8561-2001,专业技术职务代码,500,,
2,国家标准代码,GB/T 8561-2001,专业技术职务代码,502,高级引航员,
2,国家标准代码,GB/T 8561-2001,专业技术职务代码,503,一、二级引航员,
2,国家标准代码,GB/T 8561-2001,专业技术职务代码,504,三、四级引航员,
2,国家标准代码,GB/T 8561-2001,专业技术职务代码,610,,
2,国家标准代码,GB/T 8561-2001,专业技术职务代码,611,研究员(自然科学),
2,国家标准代码,GB/T 8561-2001,专业技术职务代码,612,副研究员(自然科学),
2,国家标准代码,GB/T 8561-2001,专业技术职务代码,613,助理研究员(自然科学),
2,国家标准代码,GB/T 8561-2001,专业技术职务代码,614,研究实习员(自然科学),
2,国家标准代码,GB/T 8561-2001,专业技术职务代码,620,,
2,国家标准代码,GB/T 8561-2001,专业技术职务代码,621,研究员(社会科学),
2,国家标准代码,GB/T 8561-2001,专业技术职务代码,622,副研究员(社会科学),
2,国家标准代码,GB/T 8561-2001,专业技术职务代码,623,助理研究员(社会科学),
2,国家标准代码,GB/T 8561-2001,专业技术职务代码,624,研究实习员(社会科学),
2,国家标准代码,GB/T 8561-2001,专业技术职务代码,640,,
2,国家标准代码,GB/T 8561-2001,专业技术职务代码,641,研究馆员（图书）,
2,国家标准代码,GB/T 8561-2001,专业技术职务代码,642,副研究馆员（图书）,
2,国家标准代码,GB/T 8561-2001,专业技术职务代码,643,馆员（图书）,
2,国家标准代码,GB/T 8561-2001,专业技术职务代码,644,助理馆员（图书）,
2,国家标准代码,GB/T 8561-2001,专业技术职务代码,645,管理员（图书）,
2,国家标准代码,GB/T 8561-2001,专业技术职务代码,650,,
2,国家标准代码,GB/T 8561-2001,专业技术职务代码,651,研究馆员（文博）,
2,国家标准代码,GB/T 8561-2001,专业技术职务代码,652,副研究馆员（文博）,
2,国家标准代码,GB/T 8561-2001,专业技术职务代码,653,馆员（文博）,
2,国家标准代码,GB/T 8561-2001,专业技术职务代码,654,助理馆员（文博）,
2,国家标准代码,GB/T 8561-2001,专业技术职务代码,655,管理员（文博）,
2,国家标准代码,GB/T 8561-2001,专业技术职务代码,660,,
2,国家标准代码,GB/T 8561-2001,专业技术职务代码,661,研究馆员（档案）,
2,国家标准代码,GB/T 8561-2001,专业技术职务代码,662,副研究馆员（档案）,
2,国家标准代码,GB/T 8561-2001,专业技术职务代码,663,馆员（档案）,
2,国家标准代码,GB/T 8561-2001,专业技术职务代码,664,助理馆员（档案）,
2,国家标准代码,GB/T 8561-2001,专业技术职务代码,665,管理员（档案）,
2,国家标准代码,GB/T 8561-2001,专业技术职务代码,670,,
2,国家标准代码,GB/T 8561-2001,专业技术职务代码,671,研究馆员（群众文化）,
2,国家标准代码,GB/T 8561-2001,专业技术职务代码,672,副研究馆员（群众文化）,
2,国家标准代码,GB/T 8561-2001,专业技术职务代码,673,馆员（群众文化）,
2,国家标准代码,GB/T 8561-2001,专业技术职务代码,674,助理馆员（群众文化）,
2,国家标准代码,GB/T 8561-2001,专业技术职务代码,675,管理员（群众文化）,
2,国家标准代码,GB/T 8561-2001,专业技术职务代码,680,,
2,国家标准代码,GB/T 8561-2001,专业技术职务代码,682,高级审计师,
2,国家标准代码,GB/T 8561-2001,专业技术职务代码,683,审计师,
2,国家标准代码,GB/T 8561-2001,专业技术职务代码,684,助理审计师,
2,国家标准代码,GB/T 8561-2001,专业技术职务代码,685,审计员,
2,国家标准代码,GB/T 8561-2001,专业技术职务代码,690,,
2,国家标准代码,GB/T 8561-2001,专业技术职务代码,691,主任法医师,
2,国家标准代码,GB/T 8561-2001,专业技术职务代码,692,副主任法医师,
2,国家标准代码,GB/T 8561-2001,专业技术职务代码,693,主检法医师,
2,国家标准代码,GB/T 8561-2001,专业技术职务代码,694,法医师,
2,国家标准代码,GB/T 8561-2001,专业技术职务代码,695,法医士,
2,国家标准代码,GB/T 8561-2001,专业技术职务代码,980,,
2,国家标准代码,GB/T 8561-2001,专业技术职务代码,982,高级政工师,
2,国家标准代码,GB/T 8561-2001,专业技术职务代码,983,政工师,
2,国家标准代码,GB/T 8561-2001,专业技术职务代码,984,助理政工师,
2,国家标准代码,GB/T 8561-2001,专业技术职务代码,985,政工员,
2,国家标准代码,GB/T 12407-2008,职务级别代码,1,公务员职务级别,
2,国家标准代码,GB/T 12407-2008,职务级别代码,101,国家级正职,
2,国家标准代码,GB/T 12407-2008,职务级别代码,102,国家级副职,
2,国家标准代码,GB/T 12407-2008,职务级别代码,111,省部级正职,
2,国家标准代码,GB/T 12407-2008,职务级别代码,112,省部级副职,
2,国家标准代码,GB/T 12407-2008,职务级别代码,121,厅局级正职,
2,国家标准代码,GB/T 12407-2008,职务级别代码,122,厅局级副职,
2,国家标准代码,GB/T 12407-2008,职务级别代码,131,县处级正职,
2,国家标准代码,GB/T 12407-2008,职务级别代码,132,县处级副职,
2,国家标准代码,GB/T 12407-2008,职务级别代码,141,乡科级正职,
2,国家标准代码,GB/T 12407-2008,职务级别代码,142,乡科级副职,
2,国家标准代码,GB/T 12407-2008,职务级别代码,150,科员级,
2,国家标准代码,GB/T 12407-2008,职务级别代码,160,办事员级,
2,国家标准代码,GB/T 12407-2008,职务级别代码,199,未定职公务员,
2,国家标准代码,GB/T 12407-2008,职务级别代码,2,职员级别,
2,国家标准代码,GB/T 12407-2008,职务级别代码,211,一级职员,
2,国家标准代码,GB/T 12407-2008,职务级别代码,212,二级职员,
2,国家标准代码,GB/T 12407-2008,职务级别代码,221,三级职员,
2,国家标准代码,GB/T 12407-2008,职务级别代码,222,四级职员,
2,国家标准代码,GB/T 12407-2008,职务级别代码,231,五级职员,
2,国家标准代码,GB/T 12407-2008,职务级别代码,232,六级职员,
2,国家标准代码,GB/T 12407-2008,职务级别代码,241,七级职员,
2,国家标准代码,GB/T 12407-2008,职务级别代码,242,八级职员,
2,国家标准代码,GB/T 12407-2008,职务级别代码,250,九级职员,
2,国家标准代码,GB/T 12407-2008,职务级别代码,260,十级职员,
2,国家标准代码,GB/T 12407-2008,职务级别代码,299,未定级职员,
2,国家标准代码,GB/T 12407-2008,职务级别代码,4,专业技术职务级别,
2,国家标准代码,GB/T 12407-2008,职务级别代码,410,高级,
2,国家标准代码,GB/T 12407-2008,职务级别代码,411,正高级,
2,国家标准代码,GB/T 12407-2008,职务级别代码,412,副高级,
2,国家标准代码,GB/T 12407-2008,职务级别代码,420,中级,
2,国家标准代码,GB/T 12407-2008,职务级别代码,430,初级,
2,国家标准代码,GB/T 12407-2008,职务级别代码,434,助理级,
2,国家标准代码,GB/T 12407-2008,职务级别代码,435,员级,
2,国家标准代码,GB/T 12407-2008,职务级别代码,499,未定职级专业技术人员,
2,国家标准代码,GB/T 2260-2007,行政区划代码,110000,北京市,
2,国家标准代码,GB/T 2260-2007,行政区划代码,110101,东城区,
2,国家标准代码,GB/T 2260-2007,行政区划代码,110102,西城区,
2,国家标准代码,GB/T 2260-2007,行政区划代码,110105,朝阳区,
2,国家标准代码,GB/T 2260-2007,行政区划代码,110106,丰台区,
2,国家标准代码,GB/T 2260-2007,行政区划代码,110107,石景山区,
2,国家标准代码,GB/T 2260-2007,行政区划代码,110108,海淀区,
2,国家标准代码,GB/T 2260-2007,行政区划代码,110109,门头沟区,
2,国家标准代码,GB/T 2260-2007,行政区划代码,110111,房山区,
2,国家标准代码,GB/T 2260-2007,行政区划代码,110112,通州区,
2,国家标准代码,GB/T 2260-2007,行政区划代码,110113,顺义区,
2,国家标准代码,GB/T 2260-2007,行政区划代码,110114,昌平区,
2,国家标准代码,GB/T 2260-2007,行政区划代码,110115,大兴区,
2,国家标准代码,GB/T 2260-2007,行政区划代码,110116,怀柔区,
2,国家标准代码,GB/T 2260-2007,行政区划代码,110117,平谷区,
2,国家标准代码,GB/T 2260-2007,行政区划代码,110118,密云区,
2,国家标准代码,GB/T 2260-2007,行政区划代码,110119,延庆区,
2,国家标准代码,GB/T 2260-2007,行政区划代码,120000,天津市,
2,国家标准代码,GB/T 2260-2007,行政区划代码,120101,和平区,
2,国家标准代码,GB/T 2260-2007,行政区划代码,120102,河东区,
2,国家标准代码,GB/T 2260-2007,行政区划代码,120103,河西区,
2,国家标准代码,GB/T 2260-2007,行政区划代码,120104,南开区,
2,国家标准代码,GB/T 2260-2007,行政区划代码,120105,河北区,
2,国家标准代码,GB/T 2260-2007,行政区划代码,120106,红桥区,
2,国家标准代码,GB/T 2260-2007,行政区划代码,120110,东丽区,
2,国家标准代码,GB/T 2260-2007,行政区划代码,120111,西青区,
2,国家标准代码,GB/T 2260-2007,行政区划代码,120112,津南区,
2,国家标准代码,GB/T 2260-2007,行政区划代码,120113,北辰区,
2,国家标准代码,GB/T 2260-2007,行政区划代码,120114,武清区,
2,国家标准代码,GB/T 2260-2007,行政区划代码,120115,宝坻区,
2,国家标准代码,GB/T 2260-2007,行政区划代码,120116,滨海新区,
2,国家标准代码,GB/T 2260-2007,行政区划代码,120117,宁河区,
2,国家标准代码,GB/T 2260-2007,行政区划代码,120118,静海区,
2,国家标准代码,GB/T 2260-2007,行政区划代码,120119,蓟州区,
2,国家标准代码,GB/T 2260-2007,行政区划代码,130000,河北省,
2,国家标准代码,GB/T 2260-2007,行政区划代码,130100,石家庄市,
2,国家标准代码,GB/T 2260-2007,行政区划代码,130102,长安区,
2,国家标准代码,GB/T 2260-2007,行政区划代码,130104,桥西区,
2,国家标准代码,GB/T 2260-2007,行政区划代码,130105,新华区,
2,国家标准代码,GB/T 2260-2007,行政区划代码,130107,井陉矿区,
2,国家标准代码,GB/T 2260-2007,行政区划代码,130108,裕华区,
2,国家标准代码,GB/T 2260-2007,行政区划代码,130109,藁城区,
2,国家标准代码,GB/T 2260-2007,行政区划代码,130110,鹿泉区,
2,国家标准代码,GB/T 2260-2007,行政区划代码,130111,栾城区,
2,国家标准代码,GB/T 2260-2007,行政区划代码,130121,井陉县,
2,国家标准代码,GB/T 2260-2007,行政区划代码,130123,正定县,
2,国家标准代码,GB/T 2260-2007,行政区划代码,130125,行唐县,
2,国家标准代码,GB/T 2260-2007,行政区划代码,130126,灵寿县,
2,国家标准代码,GB/T 2260-2007,行政区划代码,130127,高邑县,
2,国家标准代码,GB/T 2260-2007,行政区划代码,130128,深泽县,
2,国家标准代码,GB/T 2260-2007,行政区划代码,130129,赞皇县,
2,国家标准代码,GB/T 2260-2007,行政区划代码,130130,无极县,
2,国家标准代码,GB/T 2260-2007,行政区划代码,130131,平山县,
2,国家标准代码,GB/T 2260-2007,行政区划代码,130132,元氏县,
2,国家标准代码,GB/T 2260-2007,行政区划代码,130133,赵县,
2,国家标准代码,GB/T 2260-2007,行政区划代码,130181,辛集市,
2,国家标准代码,GB/T 2260-2007,行政区划代码,130183,晋州市,
2,国家标准代码,GB/T 2260-2007,行政区划代码,130184,新乐市,
2,国家标准代码,GB/T 2260-2007,行政区划代码,130200,唐山市,
2,国家标准代码,GB/T 2260-2007,行政区划代码,130202,路南区,
2,国家标准代码,GB/T 2260-2007,行政区划代码,130203,路北区,
2,国家标准代码,GB/T 2260-2007,行政区划代码,130204,古冶区,
2,国家标准代码,GB/T 2260-2007,行政区划代码,130205,开平区,
2,国家标准代码,GB/T 2260-2007,行政区划代码,130207,丰南区,
2,国家标准代码,GB/T 2260-2007,行政区划代码,130208,丰润区,
2,国家标准代码,GB/T 2260-2007,行政区划代码,130209,曹妃甸区,
2,国家标准代码,GB/T 2260-2007,行政区划代码,130224,滦南县,
2,国家标准代码,GB/T 2260-2007,行政区划代码,130225,乐亭县,
2,国家标准代码,GB/T 2260-2007,行政区划代码,130227,迁西县,
2,国家标准代码,GB/T 2260-2007,行政区划代码,130229,玉田县,
2,国家标准代码,GB/T 2260-2007,行政区划代码,130281,遵化市,
2,国家标准代码,GB/T 2260-2007,行政区划代码,130283,迁安市,
2,国家标准代码,GB/T 2260-2007,行政区划代码,130284,滦州市,
2,国家标准代码,GB/T 2260-2007,行政区划代码,130300,秦皇岛市,
2,国家标准代码,GB/T 2260-2007,行政区划代码,130302,海港区,
2,国家标准代码,GB/T 2260-2007,行政区划代码,130303,山海关区,
2,国家标准代码,GB/T 2260-2007,行政区划代码,130304,北戴河区,
2,国家标准代码,GB/T 2260-2007,行政区划代码,130306,抚宁区,
2,国家标准代码,GB/T 2260-2007,行政区划代码,130321,青龙满族自治县,
2,国家标准代码,GB/T 2260-2007,行政区划代码,130322,昌黎县,
2,国家标准代码,GB/T 2260-2007,行政区划代码,130324,卢龙县,
2,国家标准代码,GB/T 2260-2007,行政区划代码,130400,邯郸市,
2,国家标准代码,GB/T 2260-2007,行政区划代码,130402,邯山区,
2,国家标准代码,GB/T 2260-2007,行政区划代码,130403,丛台区,
2,国家标准代码,GB/T 2260-2007,行政区划代码,130404,复兴区,
2,国家标准代码,GB/T 2260-2007,行政区划代码,130406,峰峰矿区,
2,国家标准代码,GB/T 2260-2007,行政区划代码,130407,肥乡区,
2,国家标准代码,GB/T 2260-2007,行政区划代码,130408,永年区,
2,国家标准代码,GB/T 2260-2007,行政区划代码,130423,临漳县,
2,国家标准代码,GB/T 2260-2007,行政区划代码,130424,成安县,
2,国家标准代码,GB/T 2260-2007,行政区划代码,130425,大名县,
2,国家标准代码,GB/T 2260-2007,行政区划代码,130426,涉县,
2,国家标准代码,GB/T 2260-2007,行政区划代码,130427,磁县,
2,国家标准代码,GB/T 2260-2007,行政区划代码,130430,邱县,
2,国家标准代码,GB/T 2260-2007,行政区划代码,130431,鸡泽县,
2,国家标准代码,GB/T 2260-2007,行政区划代码,130432,广平县,
2,国家标准代码,GB/T 2260-2007,行政区划代码,130433,馆陶县,
2,国家标准代码,GB/T 2260-2007,行政区划代码,130434,魏县,
2,国家标准代码,GB/T 2260-2007,行政区划代码,130435,曲周县,
2,国家标准代码,GB/T 2260-2007,行政区划代码,130481,武安市,
2,国家标准代码,GB/T 2260-2007,行政区划代码,130500,邢台市,
2,国家标准代码,GB/T 2260-2007,行政区划代码,130502,襄都区,
2,国家标准代码,GB/T 2260-2007,行政区划代码,130503,信都区,
2,国家标准代码,GB/T 2260-2007,行政区划代码,130505,任泽区,
2,国家标准代码,GB/T 2260-2007,行政区划代码,130506,南和区,
2,国家标准代码,GB/T 2260-2007,行政区划代码,130522,临城县,
2,国家标准代码,GB/T 2260-2007,行政区划代码,130523,内丘县,
2,国家标准代码,GB/T 2260-2007,行政区划代码,130524,柏乡县,
2,国家标准代码,GB/T 2260-2007,行政区划代码,130525,隆尧县,
2,国家标准代码,GB/T 2260-2007,行政区划代码,130528,宁晋县,
2,国家标准代码,GB/T 2260-2007,行政区划代码,130529,巨鹿县,
2,国家标准代码,GB/T 2260-2007,行政区划代码,130530,新河县,
2,国家标准代码,GB/T 2260-2007,行政区划代码,130531,广宗县,
2,国家标准代码,GB/T 2260-2007,行政区划代码,130532,平乡县,
2,国家标准代码,GB/T 2260-2007,行政区划代码,130533,威县,
2,国家标准代码,GB/T 2260-2007,行政区划代码,130534,清河县,
2,国家标准代码,GB/T 2260-2007,行政区划代码,130535,临西县,
2,国家标准代码,GB/T 2260-2007,行政区划代码,130581,南宫市,
2,国家标准代码,GB/T 2260-2007,行政区划代码,130582,沙河市,
2,国家标准代码,GB/T 2260-2007,行政区划代码,130600,保定市,
2,国家标准代码,GB/T 2260-2007,行政区划代码,130602,竞秀区,
2,国家标准代码,GB/T 2260-2007,行政区划代码,130606,莲池区,
2,国家标准代码,GB/T 2260-2007,行政区划代码,130607,满城区,
2,国家标准代码,GB/T 2260-2007,行政区划代码,130608,清苑区,
2,国家标准代码,GB/T 2260-2007,行政区划代码,130609,徐水区,
2,国家标准代码,GB/T 2260-2007,行政区划代码,130623,涞水县,
2,国家标准代码,GB/T 2260-2007,行政区划代码,130624,阜平县,
2,国家标准代码,GB/T 2260-2007,行政区划代码,130626,定兴县,
2,国家标准代码,GB/T 2260-2007,行政区划代码,130627,唐县,
2,国家标准代码,GB/T 2260-2007,行政区划代码,130628,高阳县,
2,国家标准代码,GB/T 2260-2007,行政区划代码,130629,容城县,
2,国家标准代码,GB/T 2260-2007,行政区划代码,130630,涞源县,
2,国家标准代码,GB/T 2260-2007,行政区划代码,130631,望都县,
2,国家标准代码,GB/T 2260-2007,行政区划代码,130632,安新县,
2,国家标准代码,GB/T 2260-2007,行政区划代码,130633,易县,
2,国家标准代码,GB/T 2260-2007,行政区划代码,130634,曲阳县,
2,国家标准代码,GB/T 2260-2007,行政区划代码,130635,蠡县,
2,国家标准代码,GB/T 2260-2007,行政区划代码,130636,顺平县,
2,国家标准代码,GB/T 2260-2007,行政区划代码,130637,博野县,
2,国家标准代码,GB/T 2260-2007,行政区划代码,130638,雄县,
2,国家标准代码,GB/T 2260-2007,行政区划代码,130681,涿州市,
2,国家标准代码,GB/T 2260-2007,行政区划代码,130682,定州市,
2,国家标准代码,GB/T 2260-2007,行政区划代码,130683,安国市,
2,国家标准代码,GB/T 2260-2007,行政区划代码,130684,高碑店市,
2,国家标准代码,GB/T 2260-2007,行政区划代码,130700,张家口市,
2,国家标准代码,GB/T 2260-2007,行政区划代码,130702,桥东区,
2,国家标准代码,GB/T 2260-2007,行政区划代码,130703,桥西区,
2,国家标准代码,GB/T 2260-2007,行政区划代码,130705,宣化区,
2,国家标准代码,GB/T 2260-2007,行政区划代码,130706,下花园区,
2,国家标准代码,GB/T 2260-2007,行政区划代码,130708,万全区,
2,国家标准代码,GB/T 2260-2007,行政区划代码,130709,崇礼区,
2,国家标准代码,GB/T 2260-2007,行政区划代码,130722,张北县,
2,国家标准代码,GB/T 2260-2007,行政区划代码,130723,康保县,
2,国家标准代码,GB/T 2260-2007,行政区划代码,130724,沽源县,
2,国家标准代码,GB/T 2260-2007,行政区划代码,130725,尚义县,
2,国家标准代码,GB/T 2260-2007,行政区划代码,130726,蔚县,
2,国家标准代码,GB/T 2260-2007,行政区划代码,130727,阳原县,
2,国家标准代码,GB/T 2260-2007,行政区划代码,130728,怀安县,
2,国家标准代码,GB/T 2260-2007,行政区划代码,130730,怀来县,
2,国家标准代码,GB/T 2260-2007,行政区划代码,130731,涿鹿县,
2,国家标准代码,GB/T 2260-2007,行政区划代码,130732,赤城县,
2,国家标准代码,GB/T 2260-2007,行政区划代码,130800,承德市,
2,国家标准代码,GB/T 2260-2007,行政区划代码,130802,双桥区,
2,国家标准代码,GB/T 2260-2007,行政区划代码,130803,双滦区,
2,国家标准代码,GB/T 2260-2007,行政区划代码,130804,鹰手营子矿区,
2,国家标准代码,GB/T 2260-2007,行政区划代码,130821,承德县,
2,国家标准代码,GB/T 2260-2007,行政区划代码,130822,兴隆县,
2,国家标准代码,GB/T 2260-2007,行政区划代码,130824,滦平县,
2,国家标准代码,GB/T 2260-2007,行政区划代码,130825,隆化县,
2,国家标准代码,GB/T 2260-2007,行政区划代码,130826,丰宁满族自治县,
2,国家标准代码,GB/T 2260-2007,行政区划代码,130827,宽城满族自治县,
2,国家标准代码,GB/T 2260-2007,行政区划代码,130828,围场满族蒙古族自治县,
2,国家标准代码,GB/T 2260-2007,行政区划代码,130881,平泉市,
2,国家标准代码,GB/T 2260-2007,行政区划代码,130900,沧州市,
2,国家标准代码,GB/T 2260-2007,行政区划代码,130902,新华区,
2,国家标准代码,GB/T 2260-2007,行政区划代码,130903,运河区,
2,国家标准代码,GB/T 2260-2007,行政区划代码,130921,沧县,
2,国家标准代码,GB/T 2260-2007,行政区划代码,130922,青县,
2,国家标准代码,GB/T 2260-2007,行政区划代码,130923,东光县,
2,国家标准代码,GB/T 2260-2007,行政区划代码,130924,海兴县,
2,国家标准代码,GB/T 2260-2007,行政区划代码,130925,盐山县,
2,国家标准代码,GB/T 2260-2007,行政区划代码,130926,肃宁县,
2,国家标准代码,GB/T 2260-2007,行政区划代码,130927,南皮县,
2,国家标准代码,GB/T 2260-2007,行政区划代码,130928,吴桥县,
2,国家标准代码,GB/T 2260-2007,行政区划代码,130929,献县,
2,国家标准代码,GB/T 2260-2007,行政区划代码,130930,孟村回族自治县,
2,国家标准代码,GB/T 2260-2007,行政区划代码,130981,泊头市,
2,国家标准代码,GB/T 2260-2007,行政区划代码,130982,任丘市,
2,国家标准代码,GB/T 2260-2007,行政区划代码,130983,黄骅市,
2,国家标准代码,GB/T 2260-2007,行政区划代码,130984,河间市,
2,国家标准代码,GB/T 2260-2007,行政区划代码,131000,廊坊市,
2,国家标准代码,GB/T 2260-2007,行政区划代码,131002,安次区,
2,国家标准代码,GB/T 2260-2007,行政区划代码,131003,广阳区,
2,国家标准代码,GB/T 2260-2007,行政区划代码,131022,固安县,
2,国家标准代码,GB/T 2260-2007,行政区划代码,131023,永清县,
2,国家标准代码,GB/T 2260-2007,行政区划代码,131024,香河县,
2,国家标准代码,GB/T 2260-2007,行政区划代码,131025,大城县,
2,国家标准代码,GB/T 2260-2007,行政区划代码,131026,文安县,
2,国家标准代码,GB/T 2260-2007,行政区划代码,131028,大厂回族自治县,
2,国家标准代码,GB/T 2260-2007,行政区划代码,131081,霸州市,
2,国家标准代码,GB/T 2260-2007,行政区划代码,131082,三河市,
2,国家标准代码,GB/T 2260-2007,行政区划代码,131100,衡水市,
2,国家标准代码,GB/T 2260-2007,行政区划代码,131102,桃城区,
2,国家标准代码,GB/T 2260-2007,行政区划代码,131103,冀州区,
2,国家标准代码,GB/T 2260-2007,行政区划代码,131121,枣强县,
2,国家标准代码,GB/T 2260-2007,行政区划代码,131122,武邑县,
2,国家标准代码,GB/T 2260-2007,行政区划代码,131123,武强县,
2,国家标准代码,GB/T 2260-2007,行政区划代码,131124,饶阳县,
2,国家标准代码,GB/T 2260-2007,行政区划代码,131125,安平县,
2,国家标准代码,GB/T 2260-2007,行政区划代码,131126,故城县,
2,国家标准代码,GB/T 2260-2007,行政区划代码,131127,景县,
2,国家标准代码,GB/T 2260-2007,行政区划代码,131128,阜城县,
2,国家标准代码,GB/T 2260-2007,行政区划代码,131182,深州市,
2,国家标准代码,GB/T 2260-2007,行政区划代码,140000,山西省,
2,国家标准代码,GB/T 2260-2007,行政区划代码,140100,太原市,
2,国家标准代码,GB/T 2260-2007,行政区划代码,140105,小店区,
2,国家标准代码,GB/T 2260-2007,行政区划代码,140106,迎泽区,
2,国家标准代码,GB/T 2260-2007,行政区划代码,140107,杏花岭区,
2,国家标准代码,GB/T 2260-2007,行政区划代码,140108,尖草坪区,
2,国家标准代码,GB/T 2260-2007,行政区划代码,140109,万柏林区,
2,国家标准代码,GB/T 2260-2007,行政区划代码,140110,晋源区,
2,国家标准代码,GB/T 2260-2007,行政区划代码,140121,清徐县,
2,国家标准代码,GB/T 2260-2007,行政区划代码,140122,阳曲县,
2,国家标准代码,GB/T 2260-2007,行政区划代码,140123,娄烦县,
2,国家标准代码,GB/T 2260-2007,行政区划代码,140181,古交市,
2,国家标准代码,GB/T 2260-2007,行政区划代码,140200,大同市,
2,国家标准代码,GB/T 2260-2007,行政区划代码,140212,新荣区,
2,国家标准代码,GB/T 2260-2007,行政区划代码,140213,平城区,
2,国家标准代码,GB/T 2260-2007,行政区划代码,140214,云冈区,
2,国家标准代码,GB/T 2260-2007,行政区划代码,140215,云州区,
2,国家标准代码,GB/T 2260-2007,行政区划代码,140221,阳高县,
2,国家标准代码,GB/T 2260-2007,行政区划代码,140222,天镇县,
2,国家标准代码,GB/T 2260-2007,行政区划代码,140223,广灵县,
2,国家标准代码,GB/T 2260-2007,行政区划代码,140224,灵丘县,
2,国家标准代码,GB/T 2260-2007,行政区划代码,140225,浑源县,
2,国家标准代码,GB/T 2260-2007,行政区划代码,140226,左云县,
2,国家标准代码,GB/T 2260-2007,行政区划代码,140300,阳泉市,
2,国家标准代码,GB/T 2260-2007,行政区划代码,140302,城区,
2,国家标准代码,GB/T 2260-2007,行政区划代码,140303,矿区,
2,国家标准代码,GB/T 2260-2007,行政区划代码,140311,郊区,
2,国家标准代码,GB/T 2260-2007,行政区划代码,140321,平定县,
2,国家标准代码,GB/T 2260-2007,行政区划代码,140322,盂县,
2,国家标准代码,GB/T 2260-2007,行政区划代码,140400,长治市,
2,国家标准代码,GB/T 2260-2007,行政区划代码,140403,潞州区,
2,国家标准代码,GB/T 2260-2007,行政区划代码,140404,上党区,
2,国家标准代码,GB/T 2260-2007,行政区划代码,140405,屯留区,
2,国家标准代码,GB/T 2260-2007,行政区划代码,140406,潞城区,
2,国家标准代码,GB/T 2260-2007,行政区划代码,140423,襄垣县,
2,国家标准代码,GB/T 2260-2007,行政区划代码,140425,平顺县,
2,国家标准代码,GB/T 2260-2007,行政区划代码,140426,黎城县,
2,国家标准代码,GB/T 2260-2007,行政区划代码,140427,壶关县,
2,国家标准代码,GB/T 2260-2007,行政区划代码,140428,长子县,
2,国家标准代码,GB/T 2260-2007,行政区划代码,140429,武乡县,
2,国家标准代码,GB/T 2260-2007,行政区划代码,140430,沁县,
2,国家标准代码,GB/T 2260-2007,行政区划代码,140431,沁源县,
2,国家标准代码,GB/T 2260-2007,行政区划代码,140500,晋城市,
2,国家标准代码,GB/T 2260-2007,行政区划代码,140502,城区,
2,国家标准代码,GB/T 2260-2007,行政区划代码,140521,沁水县,
2,国家标准代码,GB/T 2260-2007,行政区划代码,140522,阳城县,
2,国家标准代码,GB/T 2260-2007,行政区划代码,140524,陵川县,
2,国家标准代码,GB/T 2260-2007,行政区划代码,140525,泽州县,
2,国家标准代码,GB/T 2260-2007,行政区划代码,140581,高平市,
2,国家标准代码,GB/T 2260-2007,行政区划代码,140600,朔州市,
2,国家标准代码,GB/T 2260-2007,行政区划代码,140602,朔城区,
2,国家标准代码,GB/T 2260-2007,行政区划代码,140603,平鲁区,
2,国家标准代码,GB/T 2260-2007,行政区划代码,140621,山阴县,
2,国家标准代码,GB/T 2260-2007,行政区划代码,140622,应县,
2,国家标准代码,GB/T 2260-2007,行政区划代码,140623,右玉县,
2,国家标准代码,GB/T 2260-2007,行政区划代码,140681,怀仁市,
2,国家标准代码,GB/T 2260-2007,行政区划代码,140700,晋中市,
2,国家标准代码,GB/T 2260-2007,行政区划代码,140702,榆次区,
2,国家标准代码,GB/T 2260-2007,行政区划代码,140703,太谷区,
2,国家标准代码,GB/T 2260-2007,行政区划代码,140721,榆社县,
2,国家标准代码,GB/T 2260-2007,行政区划代码,140722,左权县,
2,国家标准代码,GB/T 2260-2007,行政区划代码,140723,和顺县,
2,国家标准代码,GB/T 2260-2007,行政区划代码,140724,昔阳县,
2,国家标准代码,GB/T 2260-2007,行政区划代码,140725,寿阳县,
2,国家标准代码,GB/T 2260-2007,行政区划代码,140727,祁县,
2,国家标准代码,GB/T 2260-2007,行政区划代码,140728,平遥县,
2,国家标准代码,GB/T 2260-2007,行政区划代码,140729,灵石县,
2,国家标准代码,GB/T 2260-2007,行政区划代码,140781,介休市,
2,国家标准代码,GB/T 2260-2007,行政区划代码,140800,运城市,
2,国家标准代码,GB/T 2260-2007,行政区划代码,140802,盐湖区,
2,国家标准代码,GB/T 2260-2007,行政区划代码,140821,临猗县,
2,国家标准代码,GB/T 2260-2007,行政区划代码,140822,万荣县,
2,国家标准代码,GB/T 2260-2007,行政区划代码,140823,闻喜县,
2,国家标准代码,GB/T 2260-2007,行政区划代码,140824,稷山县,
2,国家标准代码,GB/T 2260-2007,行政区划代码,140825,新绛县,
2,国家标准代码,GB/T 2260-2007,行政区划代码,140826,绛县,
2,国家标准代码,GB/T 2260-2007,行政区划代码,140827,垣曲县,
2,国家标准代码,GB/T 2260-2007,行政区划代码,140828,夏县,
2,国家标准代码,GB/T 2260-2007,行政区划代码,140829,平陆县,
2,国家标准代码,GB/T 2260-2007,行政区划代码,140830,芮城县,
2,国家标准代码,GB/T 2260-2007,行政区划代码,140881,永济市,
2,国家标准代码,GB/T 2260-2007,行政区划代码,140882,河津市,
2,国家标准代码,GB/T 2260-2007,行政区划代码,140900,忻州市,
2,国家标准代码,GB/T 2260-2007,行政区划代码,140902,忻府区,
2,国家标准代码,GB/T 2260-2007,行政区划代码,140921,定襄县,
2,国家标准代码,GB/T 2260-2007,行政区划代码,140922,五台县,
2,国家标准代码,GB/T 2260-2007,行政区划代码,140923,代县,
2,国家标准代码,GB/T 2260-2007,行政区划代码,140924,繁峙县,
2,国家标准代码,GB/T 2260-2007,行政区划代码,140925,宁武县,
2,国家标准代码,GB/T 2260-2007,行政区划代码,140926,静乐县,
2,国家标准代码,GB/T 2260-2007,行政区划代码,140927,神池县,
2,国家标准代码,GB/T 2260-2007,行政区划代码,140928,五寨县,
2,国家标准代码,GB/T 2260-2007,行政区划代码,140929,岢岚县,
2,国家标准代码,GB/T 2260-2007,行政区划代码,140930,河曲县,
2,国家标准代码,GB/T 2260-2007,行政区划代码,140931,保德县,
2,国家标准代码,GB/T 2260-2007,行政区划代码,140932,偏关县,
2,国家标准代码,GB/T 2260-2007,行政区划代码,140981,原平市,
2,国家标准代码,GB/T 2260-2007,行政区划代码,141000,临汾市,
2,国家标准代码,GB/T 2260-2007,行政区划代码,141002,尧都区,
2,国家标准代码,GB/T 2260-2007,行政区划代码,141021,曲沃县,
2,国家标准代码,GB/T 2260-2007,行政区划代码,141022,翼城县,
2,国家标准代码,GB/T 2260-2007,行政区划代码,141023,襄汾县,
2,国家标准代码,GB/T 2260-2007,行政区划代码,141024,洪洞县,
2,国家标准代码,GB/T 2260-2007,行政区划代码,141025,古县,
2,国家标准代码,GB/T 2260-2007,行政区划代码,141026,安泽县,
2,国家标准代码,GB/T 2260-2007,行政区划代码,141027,浮山县,
2,国家标准代码,GB/T 2260-2007,行政区划代码,141028,吉县,
2,国家标准代码,GB/T 2260-2007,行政区划代码,141029,乡宁县,
2,国家标准代码,GB/T 2260-2007,行政区划代码,141030,大宁县,
2,国家标准代码,GB/T 2260-2007,行政区划代码,141031,隰县,
2,国家标准代码,GB/T 2260-2007,行政区划代码,141032,永和县,
2,国家标准代码,GB/T 2260-2007,行政区划代码,141033,蒲县,
2,国家标准代码,GB/T 2260-2007,行政区划代码,141034,汾西县,
2,国家标准代码,GB/T 2260-2007,行政区划代码,141081,侯马市,
2,国家标准代码,GB/T 2260-2007,行政区划代码,141082,霍州市,
2,国家标准代码,GB/T 2260-2007,行政区划代码,141100,吕梁市,
2,国家标准代码,GB/T 2260-2007,行政区划代码,141102,离石区,
2,国家标准代码,GB/T 2260-2007,行政区划代码,141121,文水县,
2,国家标准代码,GB/T 2260-2007,行政区划代码,141122,交城县,
2,国家标准代码,GB/T 2260-2007,行政区划代码,141123,兴县,
2,国家标准代码,GB/T 2260-2007,行政区划代码,141124,临县,
2,国家标准代码,GB/T 2260-2007,行政区划代码,141125,柳林县,
2,国家标准代码,GB/T 2260-2007,行政区划代码,141126,石楼县,
2,国家标准代码,GB/T 2260-2007,行政区划代码,141127,岚县,
2,国家标准代码,GB/T 2260-2007,行政区划代码,141128,方山县,
2,国家标准代码,GB/T 2260-2007,行政区划代码,141129,中阳县,
2,国家标准代码,GB/T 2260-2007,行政区划代码,141130,交口县,
2,国家标准代码,GB/T 2260-2007,行政区划代码,141181,孝义市,
2,国家标准代码,GB/T 2260-2007,行政区划代码,141182,汾阳市,
2,国家标准代码,GB/T 2260-2007,行政区划代码,150000,内蒙古自治区,
2,国家标准代码,GB/T 2260-2007,行政区划代码,150100,呼和浩特市,
2,国家标准代码,GB/T 2260-2007,行政区划代码,150102,新城区,
2,国家标准代码,GB/T 2260-2007,行政区划代码,150103,回民区,
2,国家标准代码,GB/T 2260-2007,行政区划代码,150104,玉泉区,
2,国家标准代码,GB/T 2260-2007,行政区划代码,150105,赛罕区,
2,国家标准代码,GB/T 2260-2007,行政区划代码,150121,土默特左旗,
2,国家标准代码,GB/T 2260-2007,行政区划代码,150122,托克托县,
2,国家标准代码,GB/T 2260-2007,行政区划代码,150123,和林格尔县,
2,国家标准代码,GB/T 2260-2007,行政区划代码,150124,清水河县,
2,国家标准代码,GB/T 2260-2007,行政区划代码,150125,武川县,
2,国家标准代码,GB/T 2260-2007,行政区划代码,150200,包头市,
2,国家标准代码,GB/T 2260-2007,行政区划代码,150202,东河区,
2,国家标准代码,GB/T 2260-2007,行政区划代码,150203,昆都仑区,
2,国家标准代码,GB/T 2260-2007,行政区划代码,150204,青山区,
2,国家标准代码,GB/T 2260-2007,行政区划代码,150205,石拐区,
2,国家标准代码,GB/T 2260-2007,行政区划代码,150206,白云鄂博矿区,
2,国家标准代码,GB/T 2260-2007,行政区划代码,150207,九原区,
2,国家标准代码,GB/T 2260-2007,行政区划代码,150221,土默特右旗,
2,国家标准代码,GB/T 2260-2007,行政区划代码,150222,固阳县,
2,国家标准代码,GB/T 2260-2007,行政区划代码,150223,达尔罕茂明安联合旗,
2,国家标准代码,GB/T 2260-2007,行政区划代码,150300,乌海市,
2,国家标准代码,GB/T 2260-2007,行政区划代码,150302,海勃湾区,
2,国家标准代码,GB/T 2260-2007,行政区划代码,150303,海南区,
2,国家标准代码,GB/T 2260-2007,行政区划代码,150304,乌达区,
2,国家标准代码,GB/T 2260-2007,行政区划代码,150400,赤峰市,
2,国家标准代码,GB/T 2260-2007,行政区划代码,150402,红山区,
2,国家标准代码,GB/T 2260-2007,行政区划代码,150403,元宝山区,
2,国家标准代码,GB/T 2260-2007,行政区划代码,150404,松山区,
2,国家标准代码,GB/T 2260-2007,行政区划代码,150421,阿鲁科尔沁旗,
2,国家标准代码,GB/T 2260-2007,行政区划代码,150422,巴林左旗,
2,国家标准代码,GB/T 2260-2007,行政区划代码,150423,巴林右旗,
2,国家标准代码,GB/T 2260-2007,行政区划代码,150424,林西县,
2,国家标准代码,GB/T 2260-2007,行政区划代码,150425,克什克腾旗,
2,国家标准代码,GB/T 2260-2007,行政区划代码,150426,翁牛特旗,
2,国家标准代码,GB/T 2260-2007,行政区划代码,150428,喀喇沁旗,
2,国家标准代码,GB/T 2260-2007,行政区划代码,150429,宁城县,
2,国家标准代码,GB/T 2260-2007,行政区划代码,150430,敖汉旗,
2,国家标准代码,GB/T 2260-2007,行政区划代码,150500,通辽市,
2,国家标准代码,GB/T 2260-2007,行政区划代码,150502,科尔沁区,
2,国家标准代码,GB/T 2260-2007,行政区划代码,150521,科尔沁左翼中旗,
2,国家标准代码,GB/T 2260-2007,行政区划代码,150522,科尔沁左翼后旗,
2,国家标准代码,GB/T 2260-2007,行政区划代码,150523,开鲁县,
2,国家标准代码,GB/T 2260-2007,行政区划代码,150524,库伦旗,
2,国家标准代码,GB/T 2260-2007,行政区划代码,150525,奈曼旗,
2,国家标准代码,GB/T 2260-2007,行政区划代码,150526,扎鲁特旗,
2,国家标准代码,GB/T 2260-2007,行政区划代码,150581,霍林郭勒市,
2,国家标准代码,GB/T 2260-2007,行政区划代码,150600,鄂尔多斯市,
2,国家标准代码,GB/T 2260-2007,行政区划代码,150602,东胜区,
2,国家标准代码,GB/T 2260-2007,行政区划代码,150603,康巴什区,
2,国家标准代码,GB/T 2260-2007,行政区划代码,150621,达拉特旗,
2,国家标准代码,GB/T 2260-2007,行政区划代码,150622,准格尔旗,
2,国家标准代码,GB/T 2260-2007,行政区划代码,150623,鄂托克前旗,
2,国家标准代码,GB/T 2260-2007,行政区划代码,150624,鄂托克旗,
2,国家标准代码,GB/T 2260-2007,行政区划代码,150625,杭锦旗,
2,国家标准代码,GB/T 2260-2007,行政区划代码,150626,乌审旗,
2,国家标准代码,GB/T 2260-2007,行政区划代码,150627,伊金霍洛旗,
2,国家标准代码,GB/T 2260-2007,行政区划代码,150700,呼伦贝尔市,
2,国家标准代码,GB/T 2260-2007,行政区划代码,150702,海拉尔区,
2,国家标准代码,GB/T 2260-2007,行政区划代码,150703,扎赉诺尔区,
2,国家标准代码,GB/T 2260-2007,行政区划代码,150721,阿荣旗,
2,国家标准代码,GB/T 2260-2007,行政区划代码,150722,莫力达瓦达斡尔族自治旗,
2,国家标准代码,GB/T 2260-2007,行政区划代码,150723,鄂伦春自治旗,
2,国家标准代码,GB/T 2260-2007,行政区划代码,150724,鄂温克族自治旗,
2,国家标准代码,GB/T 2260-2007,行政区划代码,150725,陈巴尔虎旗,
2,国家标准代码,GB/T 2260-2007,行政区划代码,150726,新巴尔虎左旗,
2,国家标准代码,GB/T 2260-2007,行政区划代码,150727,新巴尔虎右旗,
2,国家标准代码,GB/T 2260-2007,行政区划代码,150781,满洲里市,
2,国家标准代码,GB/T 2260-2007,行政区划代码,150782,牙克石市,
2,国家标准代码,GB/T 2260-2007,行政区划代码,150783,扎兰屯市,
2,国家标准代码,GB/T 2260-2007,行政区划代码,150784,额尔古纳市,
2,国家标准代码,GB/T 2260-2007,行政区划代码,150785,根河市,
2,国家标准代码,GB/T 2260-2007,行政区划代码,150800,巴彦淖尔市,
2,国家标准代码,GB/T 2260-2007,行政区划代码,150802,临河区,
2,国家标准代码,GB/T 2260-2007,行政区划代码,150821,五原县,
2,国家标准代码,GB/T 2260-2007,行政区划代码,150822,磴口县,
2,国家标准代码,GB/T 2260-2007,行政区划代码,150823,乌拉特前旗,
2,国家标准代码,GB/T 2260-2007,行政区划代码,150824,乌拉特中旗,
2,国家标准代码,GB/T 2260-2007,行政区划代码,150825,乌拉特后旗,
2,国家标准代码,GB/T 2260-2007,行政区划代码,150826,杭锦后旗,
2,国家标准代码,GB/T 2260-2007,行政区划代码,150900,乌兰察布市,
2,国家标准代码,GB/T 2260-2007,行政区划代码,150902,集宁区,
2,国家标准代码,GB/T 2260-2007,行政区划代码,150921,卓资县,
2,国家标准代码,GB/T 2260-2007,行政区划代码,150922,化德县,
2,国家标准代码,GB/T 2260-2007,行政区划代码,150923,商都县,
2,国家标准代码,GB/T 2260-2007,行政区划代码,150924,兴和县,
2,国家标准代码,GB/T 2260-2007,行政区划代码,150925,凉城县,
2,国家标准代码,GB/T 2260-2007,行政区划代码,150926,察哈尔右翼前旗,
2,国家标准代码,GB/T 2260-2007,行政区划代码,150927,察哈尔右翼中旗,
2,国家标准代码,GB/T 2260-2007,行政区划代码,150928,察哈尔右翼后旗,
2,国家标准代码,GB/T 2260-2007,行政区划代码,150929,四子王旗,
2,国家标准代码,GB/T 2260-2007,行政区划代码,150981,丰镇市,
2,国家标准代码,GB/T 2260-2007,行政区划代码,152200,兴安盟,
2,国家标准代码,GB/T 2260-2007,行政区划代码,152201,乌兰浩特市,
2,国家标准代码,GB/T 2260-2007,行政区划代码,152202,阿尔山市,
2,国家标准代码,GB/T 2260-2007,行政区划代码,152221,科尔沁右翼前旗,
2,国家标准代码,GB/T 2260-2007,行政区划代码,152222,科尔沁右翼中旗,
2,国家标准代码,GB/T 2260-2007,行政区划代码,152223,扎赉特旗,
2,国家标准代码,GB/T 2260-2007,行政区划代码,152224,突泉县,
2,国家标准代码,GB/T 2260-2007,行政区划代码,152500,锡林郭勒盟,
2,国家标准代码,GB/T 2260-2007,行政区划代码,152501,二连浩特市,
2,国家标准代码,GB/T 2260-2007,行政区划代码,152502,锡林浩特市,
2,国家标准代码,GB/T 2260-2007,行政区划代码,152522,阿巴嘎旗,
2,国家标准代码,GB/T 2260-2007,行政区划代码,152523,苏尼特左旗,
2,国家标准代码,GB/T 2260-2007,行政区划代码,152524,苏尼特右旗,
2,国家标准代码,GB/T 2260-2007,行政区划代码,152525,东乌珠穆沁旗,
2,国家标准代码,GB/T 2260-2007,行政区划代码,152526,西乌珠穆沁旗,
2,国家标准代码,GB/T 2260-2007,行政区划代码,152527,太仆寺旗,
2,国家标准代码,GB/T 2260-2007,行政区划代码,152528,镶黄旗,
2,国家标准代码,GB/T 2260-2007,行政区划代码,152529,正镶白旗,
2,国家标准代码,GB/T 2260-2007,行政区划代码,152530,正蓝旗,
2,国家标准代码,GB/T 2260-2007,行政区划代码,152531,多伦县,
2,国家标准代码,GB/T 2260-2007,行政区划代码,152900,阿拉善盟,
2,国家标准代码,GB/T 2260-2007,行政区划代码,152921,阿拉善左旗,
2,国家标准代码,GB/T 2260-2007,行政区划代码,152922,阿拉善右旗,
2,国家标准代码,GB/T 2260-2007,行政区划代码,152923,额济纳旗,
2,国家标准代码,GB/T 2260-2007,行政区划代码,210000,辽宁省,
2,国家标准代码,GB/T 2260-2007,行政区划代码,210100,沈阳市,
2,国家标准代码,GB/T 2260-2007,行政区划代码,210102,和平区,
2,国家标准代码,GB/T 2260-2007,行政区划代码,210103,沈河区,
2,国家标准代码,GB/T 2260-2007,行政区划代码,210104,大东区,
2,国家标准代码,GB/T 2260-2007,行政区划代码,210105,皇姑区,
2,国家标准代码,GB/T 2260-2007,行政区划代码,210106,铁西区,
2,国家标准代码,GB/T 2260-2007,行政区划代码,210111,苏家屯区,
2,国家标准代码,GB/T 2260-2007,行政区划代码,210112,浑南区,
2,国家标准代码,GB/T 2260-2007,行政区划代码,210113,沈北新区,
2,国家标准代码,GB/T 2260-2007,行政区划代码,210114,于洪区,
2,国家标准代码,GB/T 2260-2007,行政区划代码,210115,辽中区,
2,国家标准代码,GB/T 2260-2007,行政区划代码,210123,康平县,
2,国家标准代码,GB/T 2260-2007,行政区划代码,210124,法库县,
2,国家标准代码,GB/T 2260-2007,行政区划代码,210181,新民市,
2,国家标准代码,GB/T 2260-2007,行政区划代码,210200,大连市,
2,国家标准代码,GB/T 2260-2007,行政区划代码,210202,中山区,
2,国家标准代码,GB/T 2260-2007,行政区划代码,210203,西岗区,
2,国家标准代码,GB/T 2260-2007,行政区划代码,210204,沙河口区,
2,国家标准代码,GB/T 2260-2007,行政区划代码,210211,甘井子区,
2,国家标准代码,GB/T 2260-2007,行政区划代码,210212,旅顺口区,
2,国家标准代码,GB/T 2260-2007,行政区划代码,210213,金州区,
2,国家标准代码,GB/T 2260-2007,行政区划代码,210214,普兰店区,
2,国家标准代码,GB/T 2260-2007,行政区划代码,210224,长海县,
2,国家标准代码,GB/T 2260-2007,行政区划代码,210281,瓦房店市,
2,国家标准代码,GB/T 2260-2007,行政区划代码,210283,庄河市,
2,国家标准代码,GB/T 2260-2007,行政区划代码,210300,鞍山市,
2,国家标准代码,GB/T 2260-2007,行政区划代码,210302,铁东区,
2,国家标准代码,GB/T 2260-2007,行政区划代码,210303,铁西区,
2,国家标准代码,GB/T 2260-2007,行政区划代码,210304,立山区,
2,国家标准代码,GB/T 2260-2007,行政区划代码,210311,千山区,
2,国家标准代码,GB/T 2260-2007,行政区划代码,210321,台安县,
2,国家标准代码,GB/T 2260-2007,行政区划代码,210323,岫岩满族自治县,
2,国家标准代码,GB/T 2260-2007,行政区划代码,210381,海城市,
2,国家标准代码,GB/T 2260-2007,行政区划代码,210400,抚顺市,
2,国家标准代码,GB/T 2260-2007,行政区划代码,210402,新抚区,
2,国家标准代码,GB/T 2260-2007,行政区划代码,210403,东洲区,
2,国家标准代码,GB/T 2260-2007,行政区划代码,210404,望花区,
2,国家标准代码,GB/T 2260-2007,行政区划代码,210411,顺城区,
2,国家标准代码,GB/T 2260-2007,行政区划代码,210421,抚顺县,
2,国家标准代码,GB/T 2260-2007,行政区划代码,210422,新宾满族自治县,
2,国家标准代码,GB/T 2260-2007,行政区划代码,210423,清原满族自治县,
2,国家标准代码,GB/T 2260-2007,行政区划代码,210500,本溪市,
2,国家标准代码,GB/T 2260-2007,行政区划代码,210502,平山区,
2,国家标准代码,GB/T 2260-2007,行政区划代码,210503,溪湖区,
2,国家标准代码,GB/T 2260-2007,行政区划代码,210504,明山区,
2,国家标准代码,GB/T 2260-2007,行政区划代码,210505,南芬区,
2,国家标准代码,GB/T 2260-2007,行政区划代码,210521,本溪满族自治县,
2,国家标准代码,GB/T 2260-2007,行政区划代码,210522,桓仁满族自治县,
2,国家标准代码,GB/T 2260-2007,行政区划代码,210600,丹东市,
2,国家标准代码,GB/T 2260-2007,行政区划代码,210602,元宝区,
2,国家标准代码,GB/T 2260-2007,行政区划代码,210603,振兴区,
2,国家标准代码,GB/T 2260-2007,行政区划代码,210604,振安区,
2,国家标准代码,GB/T 2260-2007,行政区划代码,210624,宽甸满族自治县,
2,国家标准代码,GB/T 2260-2007,行政区划代码,210681,东港市,
2,国家标准代码,GB/T 2260-2007,行政区划代码,210682,凤城市,
2,国家标准代码,GB/T 2260-2007,行政区划代码,210700,锦州市,
2,国家标准代码,GB/T 2260-2007,行政区划代码,210702,古塔区,
2,国家标准代码,GB/T 2260-2007,行政区划代码,210703,凌河区,
2,国家标准代码,GB/T 2260-2007,行政区划代码,210711,太和区,
2,国家标准代码,GB/T 2260-2007,行政区划代码,210726,黑山县,
2,国家标准代码,GB/T 2260-2007,行政区划代码,210727,义县,
2,国家标准代码,GB/T 2260-2007,行政区划代码,210781,凌海市,
2,国家标准代码,GB/T 2260-2007,行政区划代码,210782,北镇市,
2,国家标准代码,GB/T 2260-2007,行政区划代码,210800,营口市,
2,国家标准代码,GB/T 2260-2007,行政区划代码,210802,站前区,
2,国家标准代码,GB/T 2260-2007,行政区划代码,210803,西市区,
2,国家标准代码,GB/T 2260-2007,行政区划代码,210804,鲅鱼圈区,
2,国家标准代码,GB/T 2260-2007,行政区划代码,210811,老边区,
2,国家标准代码,GB/T 2260-2007,行政区划代码,210881,盖州市,
2,国家标准代码,GB/T 2260-2007,行政区划代码,210882,大石桥市,
2,国家标准代码,GB/T 2260-2007,行政区划代码,210900,阜新市,
2,国家标准代码,GB/T 2260-2007,行政区划代码,210902,海州区,
2,国家标准代码,GB/T 2260-2007,行政区划代码,210903,新邱区,
2,国家标准代码,GB/T 2260-2007,行政区划代码,210904,太平区,
2,国家标准代码,GB/T 2260-2007,行政区划代码,210905,清河门区,
2,国家标准代码,GB/T 2260-2007,行政区划代码,210911,细河区,
2,国家标准代码,GB/T 2260-2007,行政区划代码,210921,阜新蒙古族自治县,
2,国家标准代码,GB/T 2260-2007,行政区划代码,210922,彰武县,
2,国家标准代码,GB/T 2260-2007,行政区划代码,211000,辽阳市,
2,国家标准代码,GB/T 2260-2007,行政区划代码,211002,白塔区,
2,国家标准代码,GB/T 2260-2007,行政区划代码,211003,文圣区,
2,国家标准代码,GB/T 2260-2007,行政区划代码,211004,宏伟区,
2,国家标准代码,GB/T 2260-2007,行政区划代码,211005,弓长岭区,
2,国家标准代码,GB/T 2260-2007,行政区划代码,211011,太子河区,
2,国家标准代码,GB/T 2260-2007,行政区划代码,211021,辽阳县,
2,国家标准代码,GB/T 2260-2007,行政区划代码,211081,灯塔市,
2,国家标准代码,GB/T 2260-2007,行政区划代码,211100,盘锦市,
2,国家标准代码,GB/T 2260-2007,行政区划代码,211102,双台子区,
2,国家标准代码,GB/T 2260-2007,行政区划代码,211103,兴隆台区,
2,国家标准代码,GB/T 2260-2007,行政区划代码,211104,大洼区,
2,国家标准代码,GB/T 2260-2007,行政区划代码,211122,盘山县,
2,国家标准代码,GB/T 2260-2007,行政区划代码,211200,铁岭市,
2,国家标准代码,GB/T 2260-2007,行政区划代码,211202,银州区,
2,国家标准代码,GB/T 2260-2007,行政区划代码,211204,清河区,
2,国家标准代码,GB/T 2260-2007,行政区划代码,211221,铁岭县,
2,国家标准代码,GB/T 2260-2007,行政区划代码,211223,西丰县,
2,国家标准代码,GB/T 2260-2007,行政区划代码,211224,昌图县,
2,国家标准代码,GB/T 2260-2007,行政区划代码,211281,调兵山市,
2,国家标准代码,GB/T 2260-2007,行政区划代码,211282,开原市,
2,国家标准代码,GB/T 2260-2007,行政区划代码,211300,朝阳市,
2,国家标准代码,GB/T 2260-2007,行政区划代码,211302,双塔区,
2,国家标准代码,GB/T 2260-2007,行政区划代码,211303,龙城区,
2,国家标准代码,GB/T 2260-2007,行政区划代码,211321,朝阳县,
2,国家标准代码,GB/T 2260-2007,行政区划代码,211322,建平县,
2,国家标准代码,GB/T 2260-2007,行政区划代码,211324,喀喇沁左翼蒙古族自治县,
2,国家标准代码,GB/T 2260-2007,行政区划代码,211381,北票市,
2,国家标准代码,GB/T 2260-2007,行政区划代码,211382,凌源市,
2,国家标准代码,GB/T 2260-2007,行政区划代码,211400,葫芦岛市,
2,国家标准代码,GB/T 2260-2007,行政区划代码,211402,连山区,
2,国家标准代码,GB/T 2260-2007,行政区划代码,211403,龙港区,
2,国家标准代码,GB/T 2260-2007,行政区划代码,211404,南票区,
2,国家标准代码,GB/T 2260-2007,行政区划代码,211421,绥中县,
2,国家标准代码,GB/T 2260-2007,行政区划代码,211422,建昌县,
2,国家标准代码,GB/T 2260-2007,行政区划代码,211481,兴城市,
2,国家标准代码,GB/T 2260-2007,行政区划代码,220000,吉林省,
2,国家标准代码,GB/T 2260-2007,行政区划代码,220100,长春市,
2,国家标准代码,GB/T 2260-2007,行政区划代码,220102,南关区,
2,国家标准代码,GB/T 2260-2007,行政区划代码,220103,宽城区,
2,国家标准代码,GB/T 2260-2007,行政区划代码,220104,朝阳区,
2,国家标准代码,GB/T 2260-2007,行政区划代码,220105,二道区,
2,国家标准代码,GB/T 2260-2007,行政区划代码,220106,绿园区,
2,国家标准代码,GB/T 2260-2007,行政区划代码,220112,双阳区,
2,国家标准代码,GB/T 2260-2007,行政区划代码,220113,九台区,
2,国家标准代码,GB/T 2260-2007,行政区划代码,220122,农安县,
2,国家标准代码,GB/T 2260-2007,行政区划代码,220182,榆树市,
2,国家标准代码,GB/T 2260-2007,行政区划代码,220183,德惠市,
2,国家标准代码,GB/T 2260-2007,行政区划代码,220184,公主岭市,
2,国家标准代码,GB/T 2260-2007,行政区划代码,220200,吉林市,
2,国家标准代码,GB/T 2260-2007,行政区划代码,220202,昌邑区,
2,国家标准代码,GB/T 2260-2007,行政区划代码,220203,龙潭区,
2,国家标准代码,GB/T 2260-2007,行政区划代码,220204,船营区,
2,国家标准代码,GB/T 2260-2007,行政区划代码,220211,丰满区,
2,国家标准代码,GB/T 2260-2007,行政区划代码,220221,永吉县,
2,国家标准代码,GB/T 2260-2007,行政区划代码,220281,蛟河市,
2,国家标准代码,GB/T 2260-2007,行政区划代码,220282,桦甸市,
2,国家标准代码,GB/T 2260-2007,行政区划代码,220283,舒兰市,
2,国家标准代码,GB/T 2260-2007,行政区划代码,220284,磐石市,
2,国家标准代码,GB/T 2260-2007,行政区划代码,220300,四平市,
2,国家标准代码,GB/T 2260-2007,行政区划代码,220302,铁西区,
2,国家标准代码,GB/T 2260-2007,行政区划代码,220303,铁东区,
2,国家标准代码,GB/T 2260-2007,行政区划代码,220322,梨树县,
2,国家标准代码,GB/T 2260-2007,行政区划代码,220323,伊通满族自治县,
2,国家标准代码,GB/T 2260-2007,行政区划代码,220382,双辽市,
2,国家标准代码,GB/T 2260-2007,行政区划代码,220400,辽源市,
2,国家标准代码,GB/T 2260-2007,行政区划代码,220402,龙山区,
2,国家标准代码,GB/T 2260-2007,行政区划代码,220403,西安区,
2,国家标准代码,GB/T 2260-2007,行政区划代码,220421,东丰县,
2,国家标准代码,GB/T 2260-2007,行政区划代码,220422,东辽县,
2,国家标准代码,GB/T 2260-2007,行政区划代码,220500,通化市,
2,国家标准代码,GB/T 2260-2007,行政区划代码,220502,东昌区,
2,国家标准代码,GB/T 2260-2007,行政区划代码,220503,二道江区,
2,国家标准代码,GB/T 2260-2007,行政区划代码,220521,通化县,
2,国家标准代码,GB/T 2260-2007,行政区划代码,220523,辉南县,
2,国家标准代码,GB/T 2260-2007,行政区划代码,220524,柳河县,
2,国家标准代码,GB/T 2260-2007,行政区划代码,220581,梅河口市,
2,国家标准代码,GB/T 2260-2007,行政区划代码,220582,集安市,
2,国家标准代码,GB/T 2260-2007,行政区划代码,220600,白山市,
2,国家标准代码,GB/T 2260-2007,行政区划代码,220602,浑江区,
2,国家标准代码,GB/T 2260-2007,行政区划代码,220605,江源区,
2,国家标准代码,GB/T 2260-2007,行政区划代码,220621,抚松县,
2,国家标准代码,GB/T 2260-2007,行政区划代码,220622,靖宇县,
2,国家标准代码,GB/T 2260-2007,行政区划代码,220623,长白朝鲜族自治县,
2,国家标准代码,GB/T 2260-2007,行政区划代码,220681,临江市,
2,国家标准代码,GB/T 2260-2007,行政区划代码,220700,松原市,
2,国家标准代码,GB/T 2260-2007,行政区划代码,220702,宁江区,
2,国家标准代码,GB/T 2260-2007,行政区划代码,220721,前郭尔罗斯蒙古族自治县,
2,国家标准代码,GB/T 2260-2007,行政区划代码,220722,长岭县,
2,国家标准代码,GB/T 2260-2007,行政区划代码,220723,乾安县,
2,国家标准代码,GB/T 2260-2007,行政区划代码,220781,扶余市,
2,国家标准代码,GB/T 2260-2007,行政区划代码,220800,白城市,
2,国家标准代码,GB/T 2260-2007,行政区划代码,220802,洮北区,
2,国家标准代码,GB/T 2260-2007,行政区划代码,220821,镇赉县,
2,国家标准代码,GB/T 2260-2007,行政区划代码,220822,通榆县,
2,国家标准代码,GB/T 2260-2007,行政区划代码,220881,洮南市,
2,国家标准代码,GB/T 2260-2007,行政区划代码,220882,大安市,
2,国家标准代码,GB/T 2260-2007,行政区划代码,222400,延边朝鲜族自治州,
2,国家标准代码,GB/T 2260-2007,行政区划代码,222401,延吉市,
2,国家标准代码,GB/T 2260-2007,行政区划代码,222402,图们市,
2,国家标准代码,GB/T 2260-2007,行政区划代码,222403,敦化市,
2,国家标准代码,GB/T 2260-2007,行政区划代码,222404,珲春市,
2,国家标准代码,GB/T 2260-2007,行政区划代码,222405,龙井市,
2,国家标准代码,GB/T 2260-2007,行政区划代码,222406,和龙市,
2,国家标准代码,GB/T 2260-2007,行政区划代码,222424,汪清县,
2,国家标准代码,GB/T 2260-2007,行政区划代码,222426,安图县,
2,国家标准代码,GB/T 2260-2007,行政区划代码,230000,黑龙江省,
2,国家标准代码,GB/T 2260-2007,行政区划代码,230100,哈尔滨市,
2,国家标准代码,GB/T 2260-2007,行政区划代码,230102,道里区,
2,国家标准代码,GB/T 2260-2007,行政区划代码,230103,南岗区,
2,国家标准代码,GB/T 2260-2007,行政区划代码,230104,道外区,
2,国家标准代码,GB/T 2260-2007,行政区划代码,230108,平房区,
2,国家标准代码,GB/T 2260-2007,行政区划代码,230109,松北区,
2,国家标准代码,GB/T 2260-2007,行政区划代码,230110,香坊区,
2,国家标准代码,GB/T 2260-2007,行政区划代码,230111,呼兰区,
2,国家标准代码,GB/T 2260-2007,行政区划代码,230112,阿城区,
2,国家标准代码,GB/T 2260-2007,行政区划代码,230113,双城区,
2,国家标准代码,GB/T 2260-2007,行政区划代码,230123,依兰县,
2,国家标准代码,GB/T 2260-2007,行政区划代码,230124,方正县,
2,国家标准代码,GB/T 2260-2007,行政区划代码,230125,宾县,
2,国家标准代码,GB/T 2260-2007,行政区划代码,230126,巴彦县,
2,国家标准代码,GB/T 2260-2007,行政区划代码,230127,木兰县,
2,国家标准代码,GB/T 2260-2007,行政区划代码,230128,通河县,
2,国家标准代码,GB/T 2260-2007,行政区划代码,230129,延寿县,
2,国家标准代码,GB/T 2260-2007,行政区划代码,230183,尚志市,
2,国家标准代码,GB/T 2260-2007,行政区划代码,230184,五常市,
2,国家标准代码,GB/T 2260-2007,行政区划代码,230200,齐齐哈尔市,
2,国家标准代码,GB/T 2260-2007,行政区划代码,230202,龙沙区,
2,国家标准代码,GB/T 2260-2007,行政区划代码,230203,建华区,
2,国家标准代码,GB/T 2260-2007,行政区划代码,230204,铁锋区,
2,国家标准代码,GB/T 2260-2007,行政区划代码,230205,昂昂溪区,
2,国家标准代码,GB/T 2260-2007,行政区划代码,230206,富拉尔基区,
2,国家标准代码,GB/T 2260-2007,行政区划代码,230207,碾子山区,
2,国家标准代码,GB/T 2260-2007,行政区划代码,230208,梅里斯达斡尔族区,
2,国家标准代码,GB/T 2260-2007,行政区划代码,230221,龙江县,
2,国家标准代码,GB/T 2260-2007,行政区划代码,230223,依安县,
2,国家标准代码,GB/T 2260-2007,行政区划代码,230224,泰来县,
2,国家标准代码,GB/T 2260-2007,行政区划代码,230225,甘南县,
2,国家标准代码,GB/T 2260-2007,行政区划代码,230227,富裕县,
2,国家标准代码,GB/T 2260-2007,行政区划代码,230229,克山县,
2,国家标准代码,GB/T 2260-2007,行政区划代码,230230,克东县,
2,国家标准代码,GB/T 2260-2007,行政区划代码,230231,拜泉县,
2,国家标准代码,GB/T 2260-2007,行政区划代码,230281,讷河市,
2,国家标准代码,GB/T 2260-2007,行政区划代码,230300,鸡西市,
2,国家标准代码,GB/T 2260-2007,行政区划代码,230302,鸡冠区,
2,国家标准代码,GB/T 2260-2007,行政区划代码,230303,恒山区,
2,国家标准代码,GB/T 2260-2007,行政区划代码,230304,滴道区,
2,国家标准代码,GB/T 2260-2007,行政区划代码,230305,梨树区,
2,国家标准代码,GB/T 2260-2007,行政区划代码,230306,城子河区,
2,国家标准代码,GB/T 2260-2007,行政区划代码,230307,麻山区,
2,国家标准代码,GB/T 2260-2007,行政区划代码,230321,鸡东县,
2,国家标准代码,GB/T 2260-2007,行政区划代码,230381,虎林市,
2,国家标准代码,GB/T 2260-2007,行政区划代码,230382,密山市,
2,国家标准代码,GB/T 2260-2007,行政区划代码,230400,鹤岗市,
2,国家标准代码,GB/T 2260-2007,行政区划代码,230402,向阳区,
2,国家标准代码,GB/T 2260-2007,行政区划代码,230403,工农区,
2,国家标准代码,GB/T 2260-2007,行政区划代码,230404,南山区,
2,国家标准代码,GB/T 2260-2007,行政区划代码,230405,兴安区,
2,国家标准代码,GB/T 2260-2007,行政区划代码,230406,东山区,
2,国家标准代码,GB/T 2260-2007,行政区划代码,230407,兴山区,
2,国家标准代码,GB/T 2260-2007,行政区划代码,230421,萝北县,
2,国家标准代码,GB/T 2260-2007,行政区划代码,230422,绥滨县,
2,国家标准代码,GB/T 2260-2007,行政区划代码,230500,双鸭山市,
2,国家标准代码,GB/T 2260-2007,行政区划代码,230502,尖山区,
2,国家标准代码,GB/T 2260-2007,行政区划代码,230503,岭东区,
2,国家标准代码,GB/T 2260-2007,行政区划代码,230505,四方台区,
2,国家标准代码,GB/T 2260-2007,行政区划代码,230506,宝山区,
2,国家标准代码,GB/T 2260-2007,行政区划代码,230521,集贤县,
2,国家标准代码,GB/T 2260-2007,行政区划代码,230522,友谊县,
2,国家标准代码,GB/T 2260-2007,行政区划代码,230523,宝清县,
2,国家标准代码,GB/T 2260-2007,行政区划代码,230524,饶河县,
2,国家标准代码,GB/T 2260-2007,行政区划代码,230600,大庆市,
2,国家标准代码,GB/T 2260-2007,行政区划代码,230602,萨尔图区,
2,国家标准代码,GB/T 2260-2007,行政区划代码,230603,龙凤区,
2,国家标准代码,GB/T 2260-2007,行政区划代码,230604,让胡路区,
2,国家标准代码,GB/T 2260-2007,行政区划代码,230605,红岗区,
2,国家标准代码,GB/T 2260-2007,行政区划代码,230606,大同区,
2,国家标准代码,GB/T 2260-2007,行政区划代码,230621,肇州县,
2,国家标准代码,GB/T 2260-2007,行政区划代码,230622,肇源县,
2,国家标准代码,GB/T 2260-2007,行政区划代码,230623,林甸县,
2,国家标准代码,GB/T 2260-2007,行政区划代码,230624,杜尔伯特蒙古族自治县,
2,国家标准代码,GB/T 2260-2007,行政区划代码,230700,伊春市,
2,国家标准代码,GB/T 2260-2007,行政区划代码,230717,伊美区,
2,国家标准代码,GB/T 2260-2007,行政区划代码,230718,乌翠区,
2,国家标准代码,GB/T 2260-2007,行政区划代码,230719,友好区,
2,国家标准代码,GB/T 2260-2007,行政区划代码,230722,嘉荫县,
2,国家标准代码,GB/T 2260-2007,行政区划代码,230723,汤旺县,
2,国家标准代码,GB/T 2260-2007,行政区划代码,230724,丰林县,
2,国家标准代码,GB/T 2260-2007,行政区划代码,230725,大箐山县,
2,国家标准代码,GB/T 2260-2007,行政区划代码,230726,南岔县,
2,国家标准代码,GB/T 2260-2007,行政区划代码,230751,金林区,
2,国家标准代码,GB/T 2260-2007,行政区划代码,230781,铁力市,
2,国家标准代码,GB/T 2260-2007,行政区划代码,230800,佳木斯市,
2,国家标准代码,GB/T 2260-2007,行政区划代码,230803,向阳区,
2,国家标准代码,GB/T 2260-2007,行政区划代码,230804,前进区,
2,国家标准代码,GB/T 2260-2007,行政区划代码,230805,东风区,
2,国家标准代码,GB/T 2260-2007,行政区划代码,230811,郊区,
2,国家标准代码,GB/T 2260-2007,行政区划代码,230822,桦南县,
2,国家标准代码,GB/T 2260-2007,行政区划代码,230826,桦川县,
2,国家标准代码,GB/T 2260-2007,行政区划代码,230828,汤原县,
2,国家标准代码,GB/T 2260-2007,行政区划代码,230881,同江市,
2,国家标准代码,GB/T 2260-2007,行政区划代码,230882,富锦市,
2,国家标准代码,GB/T 2260-2007,行政区划代码,230883,抚远市,
2,国家标准代码,GB/T 2260-2007,行政区划代码,230900,七台河市,
2,国家标准代码,GB/T 2260-2007,行政区划代码,230902,新兴区,
2,国家标准代码,GB/T 2260-2007,行政区划代码,230903,桃山区,
2,国家标准代码,GB/T 2260-2007,行政区划代码,230904,茄子河区,
2,国家标准代码,GB/T 2260-2007,行政区划代码,230921,勃利县,
2,国家标准代码,GB/T 2260-2007,行政区划代码,231000,牡丹江市,
2,国家标准代码,GB/T 2260-2007,行政区划代码,231002,东安区,
2,国家标准代码,GB/T 2260-2007,行政区划代码,231003,阳明区,
2,国家标准代码,GB/T 2260-2007,行政区划代码,231004,爱民区,
2,国家标准代码,GB/T 2260-2007,行政区划代码,231005,西安区,
2,国家标准代码,GB/T 2260-2007,行政区划代码,231025,林口县,
2,国家标准代码,GB/T 2260-2007,行政区划代码,231081,绥芬河市,
2,国家标准代码,GB/T 2260-2007,行政区划代码,231083,海林市,
2,国家标准代码,GB/T 2260-2007,行政区划代码,231084,宁安市,
2,国家标准代码,GB/T 2260-2007,行政区划代码,231085,穆棱市,
2,国家标准代码,GB/T 2260-2007,行政区划代码,231086,东宁市,
2,国家标准代码,GB/T 2260-2007,行政区划代码,231100,黑河市,
2,国家标准代码,GB/T 2260-2007,行政区划代码,231102,爱辉区,
2,国家标准代码,GB/T 2260-2007,行政区划代码,231123,逊克县,
2,国家标准代码,GB/T 2260-2007,行政区划代码,231124,孙吴县,
2,国家标准代码,GB/T 2260-2007,行政区划代码,231181,北安市,
2,国家标准代码,GB/T 2260-2007,行政区划代码,231182,五大连池市,
2,国家标准代码,GB/T 2260-2007,行政区划代码,231183,嫩江市,
2,国家标准代码,GB/T 2260-2007,行政区划代码,231200,绥化市,
2,国家标准代码,GB/T 2260-2007,行政区划代码,231202,北林区,
2,国家标准代码,GB/T 2260-2007,行政区划代码,231221,望奎县,
2,国家标准代码,GB/T 2260-2007,行政区划代码,231222,兰西县,
2,国家标准代码,GB/T 2260-2007,行政区划代码,231223,青冈县,
2,国家标准代码,GB/T 2260-2007,行政区划代码,231224,庆安县,
2,国家标准代码,GB/T 2260-2007,行政区划代码,231225,明水县,
2,国家标准代码,GB/T 2260-2007,行政区划代码,231226,绥棱县,
2,国家标准代码,GB/T 2260-2007,行政区划代码,231281,安达市,
2,国家标准代码,GB/T 2260-2007,行政区划代码,231282,肇东市,
2,国家标准代码,GB/T 2260-2007,行政区划代码,231283,海伦市,
2,国家标准代码,GB/T 2260-2007,行政区划代码,232700,大兴安岭地区,
2,国家标准代码,GB/T 2260-2007,行政区划代码,232701,漠河市,
2,国家标准代码,GB/T 2260-2007,行政区划代码,232721,呼玛县,
2,国家标准代码,GB/T 2260-2007,行政区划代码,232722,塔河县,
2,国家标准代码,GB/T 2260-2007,行政区划代码,310000,上海市,
2,国家标准代码,GB/T 2260-2007,行政区划代码,310101,黄浦区,
2,国家标准代码,GB/T 2260-2007,行政区划代码,310104,徐汇区,
2,国家标准代码,GB/T 2260-2007,行政区划代码,310105,长宁区,
2,国家标准代码,GB/T 2260-2007,行政区划代码,310106,静安区,
2,国家标准代码,GB/T 2260-2007,行政区划代码,310107,普陀区,
2,国家标准代码,GB/T 2260-2007,行政区划代码,310109,虹口区,
2,国家标准代码,GB/T 2260-2007,行政区划代码,310110,杨浦区,
2,国家标准代码,GB/T 2260-2007,行政区划代码,310112,闵行区,
2,国家标准代码,GB/T 2260-2007,行政区划代码,310113,宝山区,
2,国家标准代码,GB/T 2260-2007,行政区划代码,310114,嘉定区,
2,国家标准代码,GB/T 2260-2007,行政区划代码,310115,浦东新区,
2,国家标准代码,GB/T 2260-2007,行政区划代码,310116,金山区,
2,国家标准代码,GB/T 2260-2007,行政区划代码,310117,松江区,
2,国家标准代码,GB/T 2260-2007,行政区划代码,310118,青浦区,
2,国家标准代码,GB/T 2260-2007,行政区划代码,310120,奉贤区,
2,国家标准代码,GB/T 2260-2007,行政区划代码,310151,崇明区,
2,国家标准代码,GB/T 2260-2007,行政区划代码,320000,江苏省,
2,国家标准代码,GB/T 2260-2007,行政区划代码,320100,南京市,
2,国家标准代码,GB/T 2260-2007,行政区划代码,320102,玄武区,
2,国家标准代码,GB/T 2260-2007,行政区划代码,320104,秦淮区,
2,国家标准代码,GB/T 2260-2007,行政区划代码,320105,建邺区,
2,国家标准代码,GB/T 2260-2007,行政区划代码,320106,鼓楼区,
2,国家标准代码,GB/T 2260-2007,行政区划代码,320111,浦口区,
2,国家标准代码,GB/T 2260-2007,行政区划代码,320113,栖霞区,
2,国家标准代码,GB/T 2260-2007,行政区划代码,320114,雨花台区,
2,国家标准代码,GB/T 2260-2007,行政区划代码,320115,江宁区,
2,国家标准代码,GB/T 2260-2007,行政区划代码,320116,六合区,
2,国家标准代码,GB/T 2260-2007,行政区划代码,320117,溧水区,
2,国家标准代码,GB/T 2260-2007,行政区划代码,320118,高淳区,
2,国家标准代码,GB/T 2260-2007,行政区划代码,320200,无锡市,
2,国家标准代码,GB/T 2260-2007,行政区划代码,320205,锡山区,
2,国家标准代码,GB/T 2260-2007,行政区划代码,320206,惠山区,
2,国家标准代码,GB/T 2260-2007,行政区划代码,320211,滨湖区,
2,国家标准代码,GB/T 2260-2007,行政区划代码,320213,梁溪区,
2,国家标准代码,GB/T 2260-2007,行政区划代码,320214,新吴区,
2,国家标准代码,GB/T 2260-2007,行政区划代码,320281,江阴市,
2,国家标准代码,GB/T 2260-2007,行政区划代码,320282,宜兴市,
2,国家标准代码,GB/T 2260-2007,行政区划代码,320300,徐州市,
2,国家标准代码,GB/T 2260-2007,行政区划代码,320302,鼓楼区,
2,国家标准代码,GB/T 2260-2007,行政区划代码,320303,云龙区,
2,国家标准代码,GB/T 2260-2007,行政区划代码,320305,贾汪区,
2,国家标准代码,GB/T 2260-2007,行政区划代码,320311,泉山区,
2,国家标准代码,GB/T 2260-2007,行政区划代码,320312,铜山区,
2,国家标准代码,GB/T 2260-2007,行政区划代码,320321,丰县,
2,国家标准代码,GB/T 2260-2007,行政区划代码,320322,沛县,
2,国家标准代码,GB/T 2260-2007,行政区划代码,320324,睢宁县,
2,国家标准代码,GB/T 2260-2007,行政区划代码,320381,新沂市,
2,国家标准代码,GB/T 2260-2007,行政区划代码,320382,邳州市,
2,国家标准代码,GB/T 2260-2007,行政区划代码,320400,常州市,
2,国家标准代码,GB/T 2260-2007,行政区划代码,320402,天宁区,
2,国家标准代码,GB/T 2260-2007,行政区划代码,320404,钟楼区,
2,国家标准代码,GB/T 2260-2007,行政区划代码,320411,新北区,
2,国家标准代码,GB/T 2260-2007,行政区划代码,320412,武进区,
2,国家标准代码,GB/T 2260-2007,行政区划代码,320413,金坛区,
2,国家标准代码,GB/T 2260-2007,行政区划代码,320481,溧阳市,
2,国家标准代码,GB/T 2260-2007,行政区划代码,320500,苏州市,
2,国家标准代码,GB/T 2260-2007,行政区划代码,320505,虎丘区,
2,国家标准代码,GB/T 2260-2007,行政区划代码,320506,吴中区,
2,国家标准代码,GB/T 2260-2007,行政区划代码,320507,相城区,
2,国家标准代码,GB/T 2260-2007,行政区划代码,320508,姑苏区,
2,国家标准代码,GB/T 2260-2007,行政区划代码,320509,吴江区,
2,国家标准代码,GB/T 2260-2007,行政区划代码,320581,常熟市,
2,国家标准代码,GB/T 2260-2007,行政区划代码,320582,张家港市,
2,国家标准代码,GB/T 2260-2007,行政区划代码,320583,昆山市,
2,国家标准代码,GB/T 2260-2007,行政区划代码,320585,太仓市,
2,国家标准代码,GB/T 2260-2007,行政区划代码,320600,南通市,
2,国家标准代码,GB/T 2260-2007,行政区划代码,320612,通州区,
2,国家标准代码,GB/T 2260-2007,行政区划代码,320613,崇川区,
2,国家标准代码,GB/T 2260-2007,行政区划代码,320614,海门区,
2,国家标准代码,GB/T 2260-2007,行政区划代码,320623,如东县,
2,国家标准代码,GB/T 2260-2007,行政区划代码,320681,启东市,
2,国家标准代码,GB/T 2260-2007,行政区划代码,320682,如皋市,
2,国家标准代码,GB/T 2260-2007,行政区划代码,320685,海安市,
2,国家标准代码,GB/T 2260-2007,行政区划代码,320700,连云港市,
2,国家标准代码,GB/T 2260-2007,行政区划代码,320703,连云区,
2,国家标准代码,GB/T 2260-2007,行政区划代码,320706,海州区,
2,国家标准代码,GB/T 2260-2007,行政区划代码,320707,赣榆区,
2,国家标准代码,GB/T 2260-2007,行政区划代码,320722,东海县,
2,国家标准代码,GB/T 2260-2007,行政区划代码,320723,灌云县,
2,国家标准代码,GB/T 2260-2007,行政区划代码,320724,灌南县,
2,国家标准代码,GB/T 2260-2007,行政区划代码,320800,淮安市,
2,国家标准代码,GB/T 2260-2007,行政区划代码,320803,淮安区,
2,国家标准代码,GB/T 2260-2007,行政区划代码,320804,淮阴区,
2,国家标准代码,GB/T 2260-2007,行政区划代码,320812,清江浦区,
2,国家标准代码,GB/T 2260-2007,行政区划代码,320813,洪泽区,
2,国家标准代码,GB/T 2260-2007,行政区划代码,320826,涟水县,
2,国家标准代码,GB/T 2260-2007,行政区划代码,320830,盱眙县,
2,国家标准代码,GB/T 2260-2007,行政区划代码,320831,金湖县,
2,国家标准代码,GB/T 2260-2007,行政区划代码,320900,盐城市,
2,国家标准代码,GB/T 2260-2007,行政区划代码,320902,亭湖区,
2,国家标准代码,GB/T 2260-2007,行政区划代码,320903,盐都区,
2,国家标准代码,GB/T 2260-2007,行政区划代码,320904,大丰区,
2,国家标准代码,GB/T 2260-2007,行政区划代码,320921,响水县,
2,国家标准代码,GB/T 2260-2007,行政区划代码,320922,滨海县,
2,国家标准代码,GB/T 2260-2007,行政区划代码,320923,阜宁县,
2,国家标准代码,GB/T 2260-2007,行政区划代码,320924,射阳县,
2,国家标准代码,GB/T 2260-2007,行政区划代码,320925,建湖县,
2,国家标准代码,GB/T 2260-2007,行政区划代码,320981,东台市,
2,国家标准代码,GB/T 2260-2007,行政区划代码,321000,扬州市,
2,国家标准代码,GB/T 2260-2007,行政区划代码,321002,广陵区,
2,国家标准代码,GB/T 2260-2007,行政区划代码,321003,邗江区,
2,国家标准代码,GB/T 2260-2007,行政区划代码,321012,江都区,
2,国家标准代码,GB/T 2260-2007,行政区划代码,321023,宝应县,
2,国家标准代码,GB/T 2260-2007,行政区划代码,321081,仪征市,
2,国家标准代码,GB/T 2260-2007,行政区划代码,321084,高邮市,
2,国家标准代码,GB/T 2260-2007,行政区划代码,321100,镇江市,
2,国家标准代码,GB/T 2260-2007,行政区划代码,321102,京口区,
2,国家标准代码,GB/T 2260-2007,行政区划代码,321111,润州区,
2,国家标准代码,GB/T 2260-2007,行政区划代码,321112,丹徒区,
2,国家标准代码,GB/T 2260-2007,行政区划代码,321181,丹阳市,
2,国家标准代码,GB/T 2260-2007,行政区划代码,321182,扬中市,
2,国家标准代码,GB/T 2260-2007,行政区划代码,321183,句容市,
2,国家标准代码,GB/T 2260-2007,行政区划代码,321200,泰州市,
2,国家标准代码,GB/T 2260-2007,行政区划代码,321202,海陵区,
2,国家标准代码,GB/T 2260-2007,行政区划代码,321203,高港区,
2,国家标准代码,GB/T 2260-2007,行政区划代码,321204,姜堰区,
2,国家标准代码,GB/T 2260-2007,行政区划代码,321281,兴化市,
2,国家标准代码,GB/T 2260-2007,行政区划代码,321282,靖江市,
2,国家标准代码,GB/T 2260-2007,行政区划代码,321283,泰兴市,
2,国家标准代码,GB/T 2260-2007,行政区划代码,321300,宿迁市,
2,国家标准代码,GB/T 2260-2007,行政区划代码,321302,宿城区,
2,国家标准代码,GB/T 2260-2007,行政区划代码,321311,宿豫区,
2,国家标准代码,GB/T 2260-2007,行政区划代码,321322,沭阳县,
2,国家标准代码,GB/T 2260-2007,行政区划代码,321323,泗阳县,
2,国家标准代码,GB/T 2260-2007,行政区划代码,321324,泗洪县,
2,国家标准代码,GB/T 2260-2007,行政区划代码,330000,浙江省,
2,国家标准代码,GB/T 2260-2007,行政区划代码,330100,杭州市,
2,国家标准代码,GB/T 2260-2007,行政区划代码,330102,上城区,
2,国家标准代码,GB/T 2260-2007,行政区划代码,330105,拱墅区,
2,国家标准代码,GB/T 2260-2007,行政区划代码,330106,西湖区,
2,国家标准代码,GB/T 2260-2007,行政区划代码,330108,滨江区,
2,国家标准代码,GB/T 2260-2007,行政区划代码,330109,萧山区,
2,国家标准代码,GB/T 2260-2007,行政区划代码,330110,余杭区,
2,国家标准代码,GB/T 2260-2007,行政区划代码,330111,富阳区,
2,国家标准代码,GB/T 2260-2007,行政区划代码,330112,临安区,
2,国家标准代码,GB/T 2260-2007,行政区划代码,330113,临平区,
2,国家标准代码,GB/T 2260-2007,行政区划代码,330114,钱塘区,
2,国家标准代码,GB/T 2260-2007,行政区划代码,330122,桐庐县,
2,国家标准代码,GB/T 2260-2007,行政区划代码,330127,淳安县,
2,国家标准代码,GB/T 2260-2007,行政区划代码,330182,建德市,
2,国家标准代码,GB/T 2260-2007,行政区划代码,330200,宁波市,
2,国家标准代码,GB/T 2260-2007,行政区划代码,330203,海曙区,
2,国家标准代码,GB/T 2260-2007,行政区划代码,330205,江北区,
2,国家标准代码,GB/T 2260-2007,行政区划代码,330206,北仑区,
2,国家标准代码,GB/T 2260-2007,行政区划代码,330211,镇海区,
2,国家标准代码,GB/T 2260-2007,行政区划代码,330212,鄞州区,
2,国家标准代码,GB/T 2260-2007,行政区划代码,330213,奉化区,
2,国家标准代码,GB/T 2260-2007,行政区划代码,330225,象山县,
2,国家标准代码,GB/T 2260-2007,行政区划代码,330226,宁海县,
2,国家标准代码,GB/T 2260-2007,行政区划代码,330281,余姚市,
2,国家标准代码,GB/T 2260-2007,行政区划代码,330282,慈溪市,
2,国家标准代码,GB/T 2260-2007,行政区划代码,330300,温州市,
2,国家标准代码,GB/T 2260-2007,行政区划代码,330302,鹿城区,
2,国家标准代码,GB/T 2260-2007,行政区划代码,330303,龙湾区,
2,国家标准代码,GB/T 2260-2007,行政区划代码,330304,瓯海区,
2,国家标准代码,GB/T 2260-2007,行政区划代码,330305,洞头区,
2,国家标准代码,GB/T 2260-2007,行政区划代码,330324,永嘉县,
2,国家标准代码,GB/T 2260-2007,行政区划代码,330326,平阳县,
2,国家标准代码,GB/T 2260-2007,行政区划代码,330327,苍南县,
2,国家标准代码,GB/T 2260-2007,行政区划代码,330328,文成县,
2,国家标准代码,GB/T 2260-2007,行政区划代码,330329,泰顺县,
2,国家标准代码,GB/T 2260-2007,行政区划代码,330381,瑞安市,
2,国家标准代码,GB/T 2260-2007,行政区划代码,330382,乐清市,
2,国家标准代码,GB/T 2260-2007,行政区划代码,330383,龙港市,
2,国家标准代码,GB/T 2260-2007,行政区划代码,330400,嘉兴市,
2,国家标准代码,GB/T 2260-2007,行政区划代码,330402,南湖区,
2,国家标准代码,GB/T 2260-2007,行政区划代码,330411,秀洲区,
2,国家标准代码,GB/T 2260-2007,行政区划代码,330421,嘉善县,
2,国家标准代码,GB/T 2260-2007,行政区划代码,330424,海盐县,
2,国家标准代码,GB/T 2260-2007,行政区划代码,330481,海宁市,
2,国家标准代码,GB/T 2260-2007,行政区划代码,330482,平湖市,
2,国家标准代码,GB/T 2260-2007,行政区划代码,330483,桐乡市,
2,国家标准代码,GB/T 2260-2007,行政区划代码,330500,湖州市,
2,国家标准代码,GB/T 2260-2007,行政区划代码,330502,吴兴区,
2,国家标准代码,GB/T 2260-2007,行政区划代码,330503,南浔区,
2,国家标准代码,GB/T 2260-2007,行政区划代码,330521,德清县,
2,国家标准代码,GB/T 2260-2007,行政区划代码,330522,长兴县,
2,国家标准代码,GB/T 2260-2007,行政区划代码,330523,安吉县,
2,国家标准代码,GB/T 2260-2007,行政区划代码,330600,绍兴市,
2,国家标准代码,GB/T 2260-2007,行政区划代码,330602,越城区,
2,国家标准代码,GB/T 2260-2007,行政区划代码,330603,柯桥区,
2,国家标准代码,GB/T 2260-2007,行政区划代码,330604,上虞区,
2,国家标准代码,GB/T 2260-2007,行政区划代码,330624,新昌县,
2,国家标准代码,GB/T 2260-2007,行政区划代码,330681,诸暨市,
2,国家标准代码,GB/T 2260-2007,行政区划代码,330683,嵊州市,
2,国家标准代码,GB/T 2260-2007,行政区划代码,330700,金华市,
2,国家标准代码,GB/T 2260-2007,行政区划代码,330702,婺城区,
2,国家标准代码,GB/T 2260-2007,行政区划代码,330703,金东区,
2,国家标准代码,GB/T 2260-2007,行政区划代码,330723,武义县,
2,国家标准代码,GB/T 2260-2007,行政区划代码,330726,浦江县,
2,国家标准代码,GB/T 2260-2007,行政区划代码,330727,磐安县,
2,国家标准代码,GB/T 2260-2007,行政区划代码,330781,兰溪市,
2,国家标准代码,GB/T 2260-2007,行政区划代码,330782,义乌市,
2,国家标准代码,GB/T 2260-2007,行政区划代码,330783,东阳市,
2,国家标准代码,GB/T 2260-2007,行政区划代码,330784,永康市,
2,国家标准代码,GB/T 2260-2007,行政区划代码,330800,衢州市,
2,国家标准代码,GB/T 2260-2007,行政区划代码,330802,柯城区,
2,国家标准代码,GB/T 2260-2007,行政区划代码,330803,衢江区,
2,国家标准代码,GB/T 2260-2007,行政区划代码,330822,常山县,
2,国家标准代码,GB/T 2260-2007,行政区划代码,330824,开化县,
2,国家标准代码,GB/T 2260-2007,行政区划代码,330825,龙游县,
2,国家标准代码,GB/T 2260-2007,行政区划代码,330881,江山市,
2,国家标准代码,GB/T 2260-2007,行政区划代码,330900,舟山市,
2,国家标准代码,GB/T 2260-2007,行政区划代码,330902,定海区,
2,国家标准代码,GB/T 2260-2007,行政区划代码,330903,普陀区,
2,国家标准代码,GB/T 2260-2007,行政区划代码,330921,岱山县,
2,国家标准代码,GB/T 2260-2007,行政区划代码,330922,嵊泗县,
2,国家标准代码,GB/T 2260-2007,行政区划代码,331000,台州市,
2,国家标准代码,GB/T 2260-2007,行政区划代码,331002,椒江区,
2,国家标准代码,GB/T 2260-2007,行政区划代码,331003,黄岩区,
2,国家标准代码,GB/T 2260-2007,行政区划代码,331004,路桥区,
2,国家标准代码,GB/T 2260-2007,行政区划代码,331022,三门县,
2,国家标准代码,GB/T 2260-2007,行政区划代码,331023,天台县,
2,国家标准代码,GB/T 2260-2007,行政区划代码,331024,仙居县,
2,国家标准代码,GB/T 2260-2007,行政区划代码,331081,温岭市,
2,国家标准代码,GB/T 2260-2007,行政区划代码,331082,临海市,
2,国家标准代码,GB/T 2260-2007,行政区划代码,331083,玉环市,
2,国家标准代码,GB/T 2260-2007,行政区划代码,331100,丽水市,
2,国家标准代码,GB/T 2260-2007,行政区划代码,331102,莲都区,
2,国家标准代码,GB/T 2260-2007,行政区划代码,331121,青田县,
2,国家标准代码,GB/T 2260-2007,行政区划代码,331122,缙云县,
2,国家标准代码,GB/T 2260-2007,行政区划代码,331123,遂昌县,
2,国家标准代码,GB/T 2260-2007,行政区划代码,331124,松阳县,
2,国家标准代码,GB/T 2260-2007,行政区划代码,331125,云和县,
2,国家标准代码,GB/T 2260-2007,行政区划代码,331126,庆元县,
2,国家标准代码,GB/T 2260-2007,行政区划代码,331127,景宁畲族自治县,
2,国家标准代码,GB/T 2260-2007,行政区划代码,331181,龙泉市,
2,国家标准代码,GB/T 2260-2007,行政区划代码,340000,安徽省,
2,国家标准代码,GB/T 2260-2007,行政区划代码,340100,合肥市,
2,国家标准代码,GB/T 2260-2007,行政区划代码,340102,瑶海区,
2,国家标准代码,GB/T 2260-2007,行政区划代码,340103,庐阳区,
2,国家标准代码,GB/T 2260-2007,行政区划代码,340104,蜀山区,
2,国家标准代码,GB/T 2260-2007,行政区划代码,340111,包河区,
2,国家标准代码,GB/T 2260-2007,行政区划代码,340121,长丰县,
2,国家标准代码,GB/T 2260-2007,行政区划代码,340122,肥东县,
2,国家标准代码,GB/T 2260-2007,行政区划代码,340123,肥西县,
2,国家标准代码,GB/T 2260-2007,行政区划代码,340124,庐江县,
2,国家标准代码,GB/T 2260-2007,行政区划代码,340181,巢湖市,
2,国家标准代码,GB/T 2260-2007,行政区划代码,340200,芜湖市,
2,国家标准代码,GB/T 2260-2007,行政区划代码,340202,镜湖区,
2,国家标准代码,GB/T 2260-2007,行政区划代码,340207,鸠江区,
2,国家标准代码,GB/T 2260-2007,行政区划代码,340209,弋江区,
2,国家标准代码,GB/T 2260-2007,行政区划代码,340210,湾沚区,
2,国家标准代码,GB/T 2260-2007,行政区划代码,340212,繁昌区,
2,国家标准代码,GB/T 2260-2007,行政区划代码,340223,南陵县,
2,国家标准代码,GB/T 2260-2007,行政区划代码,340281,无为市,
2,国家标准代码,GB/T 2260-2007,行政区划代码,340300,蚌埠市,
2,国家标准代码,GB/T 2260-2007,行政区划代码,340302,龙子湖区,
2,国家标准代码,GB/T 2260-2007,行政区划代码,340303,蚌山区,
2,国家标准代码,GB/T 2260-2007,行政区划代码,340304,禹会区,
2,国家标准代码,GB/T 2260-2007,行政区划代码,340311,淮上区,
2,国家标准代码,GB/T 2260-2007,行政区划代码,340321,怀远县,
2,国家标准代码,GB/T 2260-2007,行政区划代码,340322,五河县,
2,国家标准代码,GB/T 2260-2007,行政区划代码,340323,固镇县,
2,国家标准代码,GB/T 2260-2007,行政区划代码,340400,淮南市,
2,国家标准代码,GB/T 2260-2007,行政区划代码,340402,大通区,
2,国家标准代码,GB/T 2260-2007,行政区划代码,340403,田家庵区,
2,国家标准代码,GB/T 2260-2007,行政区划代码,340404,谢家集区,
2,国家标准代码,GB/T 2260-2007,行政区划代码,340405,八公山区,
2,国家标准代码,GB/T 2260-2007,行政区划代码,340406,潘集区,
2,国家标准代码,GB/T 2260-2007,行政区划代码,340421,凤台县,
2,国家标准代码,GB/T 2260-2007,行政区划代码,340422,寿县,
2,国家标准代码,GB/T 2260-2007,行政区划代码,340500,马鞍山市,
2,国家标准代码,GB/T 2260-2007,行政区划代码,340503,花山区,
2,国家标准代码,GB/T 2260-2007,行政区划代码,340504,雨山区,
2,国家标准代码,GB/T 2260-2007,行政区划代码,340506,博望区,
2,国家标准代码,GB/T 2260-2007,行政区划代码,340521,当涂县,
2,国家标准代码,GB/T 2260-2007,行政区划代码,340522,含山县,
2,国家标准代码,GB/T 2260-2007,行政区划代码,340523,和县,
2,国家标准代码,GB/T 2260-2007,行政区划代码,340600,淮北市,
2,国家标准代码,GB/T 2260-2007,行政区划代码,340602,杜集区,
2,国家标准代码,GB/T 2260-2007,行政区划代码,340603,相山区,
2,国家标准代码,GB/T 2260-2007,行政区划代码,340604,烈山区,
2,国家标准代码,GB/T 2260-2007,行政区划代码,340621,濉溪县,
2,国家标准代码,GB/T 2260-2007,行政区划代码,340700,铜陵市,
2,国家标准代码,GB/T 2260-2007,行政区划代码,340705,铜官区,
2,国家标准代码,GB/T 2260-2007,行政区划代码,340706,义安区,
2,国家标准代码,GB/T 2260-2007,行政区划代码,340711,郊区,
2,国家标准代码,GB/T 2260-2007,行政区划代码,340722,枞阳县,
2,国家标准代码,GB/T 2260-2007,行政区划代码,340800,安庆市,
2,国家标准代码,GB/T 2260-2007,行政区划代码,340802,迎江区,
2,国家标准代码,GB/T 2260-2007,行政区划代码,340803,大观区,
2,国家标准代码,GB/T 2260-2007,行政区划代码,340811,宜秀区,
2,国家标准代码,GB/T 2260-2007,行政区划代码,340822,怀宁县,
2,国家标准代码,GB/T 2260-2007,行政区划代码,340825,太湖县,
2,国家标准代码,GB/T 2260-2007,行政区划代码,340826,宿松县,
2,国家标准代码,GB/T 2260-2007,行政区划代码,340827,望江县,
2,国家标准代码,GB/T 2260-2007,行政区划代码,340828,岳西县,
2,国家标准代码,GB/T 2260-2007,行政区划代码,340881,桐城市,
2,国家标准代码,GB/T 2260-2007,行政区划代码,340882,潜山市,
2,国家标准代码,GB/T 2260-2007,行政区划代码,341000,黄山市,
2,国家标准代码,GB/T 2260-2007,行政区划代码,341002,屯溪区,
2,国家标准代码,GB/T 2260-2007,行政区划代码,341003,黄山区,
2,国家标准代码,GB/T 2260-2007,行政区划代码,341004,徽州区,
2,国家标准代码,GB/T 2260-2007,行政区划代码,341021,歙县,
2,国家标准代码,GB/T 2260-2007,行政区划代码,341022,休宁县,
2,国家标准代码,GB/T 2260-2007,行政区划代码,341023,黟县,
2,国家标准代码,GB/T 2260-2007,行政区划代码,341024,祁门县,
2,国家标准代码,GB/T 2260-2007,行政区划代码,341100,滁州市,
2,国家标准代码,GB/T 2260-2007,行政区划代码,341102,琅琊区,
2,国家标准代码,GB/T 2260-2007,行政区划代码,341103,南谯区,
2,国家标准代码,GB/T 2260-2007,行政区划代码,341122,来安县,
2,国家标准代码,GB/T 2260-2007,行政区划代码,341124,全椒县,
2,国家标准代码,GB/T 2260-2007,行政区划代码,341125,定远县,
2,国家标准代码,GB/T 2260-2007,行政区划代码,341126,凤阳县,
2,国家标准代码,GB/T 2260-2007,行政区划代码,341181,天长市,
2,国家标准代码,GB/T 2260-2007,行政区划代码,341182,明光市,
2,国家标准代码,GB/T 2260-2007,行政区划代码,341200,阜阳市,
2,国家标准代码,GB/T 2260-2007,行政区划代码,341202,颍州区,
2,国家标准代码,GB/T 2260-2007,行政区划代码,341203,颍东区,
2,国家标准代码,GB/T 2260-2007,行政区划代码,341204,颍泉区,
2,国家标准代码,GB/T 2260-2007,行政区划代码,341221,临泉县,
2,国家标准代码,GB/T 2260-2007,行政区划代码,341222,太和县,
2,国家标准代码,GB/T 2260-2007,行政区划代码,341225,阜南县,
2,国家标准代码,GB/T 2260-2007,行政区划代码,341226,颍上县,
2,国家标准代码,GB/T 2260-2007,行政区划代码,341282,界首市,
2,国家标准代码,GB/T 2260-2007,行政区划代码,341300,宿州市,
2,国家标准代码,GB/T 2260-2007,行政区划代码,341302,埇桥区,
2,国家标准代码,GB/T 2260-2007,行政区划代码,341321,砀山县,
2,国家标准代码,GB/T 2260-2007,行政区划代码,341322,萧县,
2,国家标准代码,GB/T 2260-2007,行政区划代码,341323,灵璧县,
2,国家标准代码,GB/T 2260-2007,行政区划代码,341324,泗县,
2,国家标准代码,GB/T 2260-2007,行政区划代码,341500,六安市,
2,国家标准代码,GB/T 2260-2007,行政区划代码,341502,金安区,
2,国家标准代码,GB/T 2260-2007,行政区划代码,341503,裕安区,
2,国家标准代码,GB/T 2260-2007,行政区划代码,341504,叶集区,
2,国家标准代码,GB/T 2260-2007,行政区划代码,341522,霍邱县,
2,国家标准代码,GB/T 2260-2007,行政区划代码,341523,舒城县,
2,国家标准代码,GB/T 2260-2007,行政区划代码,341524,金寨县,
2,国家标准代码,GB/T 2260-2007,行政区划代码,341525,霍山县,
2,国家标准代码,GB/T 2260-2007,行政区划代码,341600,亳州市,
2,国家标准代码,GB/T 2260-2007,行政区划代码,341602,谯城区,
2,国家标准代码,GB/T 2260-2007,行政区划代码,341621,涡阳县,
2,国家标准代码,GB/T 2260-2007,行政区划代码,341622,蒙城县,
2,国家标准代码,GB/T 2260-2007,行政区划代码,341623,利辛县,
2,国家标准代码,GB/T 2260-2007,行政区划代码,341700,池州市,
2,国家标准代码,GB/T 2260-2007,行政区划代码,341702,贵池区,
2,国家标准代码,GB/T 2260-2007,行政区划代码,341721,东至县,
2,国家标准代码,GB/T 2260-2007,行政区划代码,341722,石台县,
2,国家标准代码,GB/T 2260-2007,行政区划代码,341723,青阳县,
2,国家标准代码,GB/T 2260-2007,行政区划代码,341800,宣城市,
2,国家标准代码,GB/T 2260-2007,行政区划代码,341802,宣州区,
2,国家标准代码,GB/T 2260-2007,行政区划代码,341821,郎溪县,
2,国家标准代码,GB/T 2260-2007,行政区划代码,341823,泾县,
2,国家标准代码,GB/T 2260-2007,行政区划代码,341824,绩溪县,
2,国家标准代码,GB/T 2260-2007,行政区划代码,341825,旌德县,
2,国家标准代码,GB/T 2260-2007,行政区划代码,341881,宁国市,
2,国家标准代码,GB/T 2260-2007,行政区划代码,341882,广德市,
2,国家标准代码,GB/T 2260-2007,行政区划代码,350000,福建省,
2,国家标准代码,GB/T 2260-2007,行政区划代码,350100,福州市,
2,国家标准代码,GB/T 2260-2007,行政区划代码,350102,鼓楼区,
2,国家标准代码,GB/T 2260-2007,行政区划代码,350103,台江区,
2,国家标准代码,GB/T 2260-2007,行政区划代码,350104,仓山区,
2,国家标准代码,GB/T 2260-2007,行政区划代码,350105,马尾区,
2,国家标准代码,GB/T 2260-2007,行政区划代码,350111,晋安区,
2,国家标准代码,GB/T 2260-2007,行政区划代码,350112,长乐区,
2,国家标准代码,GB/T 2260-2007,行政区划代码,350121,闽侯县,
2,国家标准代码,GB/T 2260-2007,行政区划代码,350122,连江县,
2,国家标准代码,GB/T 2260-2007,行政区划代码,350123,罗源县,
2,国家标准代码,GB/T 2260-2007,行政区划代码,350124,闽清县,
2,国家标准代码,GB/T 2260-2007,行政区划代码,350125,永泰县,
2,国家标准代码,GB/T 2260-2007,行政区划代码,350128,平潭县,
2,国家标准代码,GB/T 2260-2007,行政区划代码,350181,福清市,
2,国家标准代码,GB/T 2260-2007,行政区划代码,350200,厦门市,
2,国家标准代码,GB/T 2260-2007,行政区划代码,350203,思明区,
2,国家标准代码,GB/T 2260-2007,行政区划代码,350205,海沧区,
2,国家标准代码,GB/T 2260-2007,行政区划代码,350206,湖里区,
2,国家标准代码,GB/T 2260-2007,行政区划代码,350211,集美区,
2,国家标准代码,GB/T 2260-2007,行政区划代码,350212,同安区,
2,国家标准代码,GB/T 2260-2007,行政区划代码,350213,翔安区,
2,国家标准代码,GB/T 2260-2007,行政区划代码,350300,莆田市,
2,国家标准代码,GB/T 2260-2007,行政区划代码,350302,城厢区,
2,国家标准代码,GB/T 2260-2007,行政区划代码,350303,涵江区,
2,国家标准代码,GB/T 2260-2007,行政区划代码,350304,荔城区,
2,国家标准代码,GB/T 2260-2007,行政区划代码,350305,秀屿区,
2,国家标准代码,GB/T 2260-2007,行政区划代码,350322,仙游县,
2,国家标准代码,GB/T 2260-2007,行政区划代码,350400,三明市,
2,国家标准代码,GB/T 2260-2007,行政区划代码,350404,三元区,
2,国家标准代码,GB/T 2260-2007,行政区划代码,350405,沙县区,
2,国家标准代码,GB/T 2260-2007,行政区划代码,350421,明溪县,
2,国家标准代码,GB/T 2260-2007,行政区划代码,350423,清流县,
2,国家标准代码,GB/T 2260-2007,行政区划代码,350424,宁化县,
2,国家标准代码,GB/T 2260-2007,行政区划代码,350425,大田县,
2,国家标准代码,GB/T 2260-2007,行政区划代码,350426,尤溪县,
2,国家标准代码,GB/T 2260-2007,行政区划代码,350428,将乐县,
2,国家标准代码,GB/T 2260-2007,行政区划代码,350429,泰宁县,
2,国家标准代码,GB/T 2260-2007,行政区划代码,350430,建宁县,
2,国家标准代码,GB/T 2260-2007,行政区划代码,350481,永安市,
2,国家标准代码,GB/T 2260-2007,行政区划代码,350500,泉州市,
2,国家标准代码,GB/T 2260-2007,行政区划代码,350502,鲤城区,
2,国家标准代码,GB/T 2260-2007,行政区划代码,350503,丰泽区,
2,国家标准代码,GB/T 2260-2007,行政区划代码,350504,洛江区,
2,国家标准代码,GB/T 2260-2007,行政区划代码,350505,泉港区,
2,国家标准代码,GB/T 2260-2007,行政区划代码,350521,惠安县,
2,国家标准代码,GB/T 2260-2007,行政区划代码,350524,安溪县,
2,国家标准代码,GB/T 2260-2007,行政区划代码,350525,永春县,
2,国家标准代码,GB/T 2260-2007,行政区划代码,350526,德化县,
2,国家标准代码,GB/T 2260-2007,行政区划代码,350527,金门县,
2,国家标准代码,GB/T 2260-2007,行政区划代码,350581,石狮市,
2,国家标准代码,GB/T 2260-2007,行政区划代码,350582,晋江市,
2,国家标准代码,GB/T 2260-2007,行政区划代码,350583,南安市,
2,国家标准代码,GB/T 2260-2007,行政区划代码,350600,漳州市,
2,国家标准代码,GB/T 2260-2007,行政区划代码,350602,芗城区,
2,国家标准代码,GB/T 2260-2007,行政区划代码,350603,龙文区,
2,国家标准代码,GB/T 2260-2007,行政区划代码,350604,龙海区,
2,国家标准代码,GB/T 2260-2007,行政区划代码,350605,长泰区,
2,国家标准代码,GB/T 2260-2007,行政区划代码,350622,云霄县,
2,国家标准代码,GB/T 2260-2007,行政区划代码,350623,漳浦县,
2,国家标准代码,GB/T 2260-2007,行政区划代码,350624,诏安县,
2,国家标准代码,GB/T 2260-2007,行政区划代码,350626,东山县,
2,国家标准代码,GB/T 2260-2007,行政区划代码,350627,南靖县,
2,国家标准代码,GB/T 2260-2007,行政区划代码,350628,平和县,
2,国家标准代码,GB/T 2260-2007,行政区划代码,350629,华安县,
2,国家标准代码,GB/T 2260-2007,行政区划代码,350700,南平市,
2,国家标准代码,GB/T 2260-2007,行政区划代码,350702,延平区,
2,国家标准代码,GB/T 2260-2007,行政区划代码,350703,建阳区,
2,国家标准代码,GB/T 2260-2007,行政区划代码,350721,顺昌县,
2,国家标准代码,GB/T 2260-2007,行政区划代码,350722,浦城县,
2,国家标准代码,GB/T 2260-2007,行政区划代码,350723,光泽县,
2,国家标准代码,GB/T 2260-2007,行政区划代码,350724,松溪县,
2,国家标准代码,GB/T 2260-2007,行政区划代码,350725,政和县,
2,国家标准代码,GB/T 2260-2007,行政区划代码,350781,邵武市,
2,国家标准代码,GB/T 2260-2007,行政区划代码,350782,武夷山市,
2,国家标准代码,GB/T 2260-2007,行政区划代码,350783,建瓯市,
2,国家标准代码,GB/T 2260-2007,行政区划代码,350800,龙岩市,
2,国家标准代码,GB/T 2260-2007,行政区划代码,350802,新罗区,
2,国家标准代码,GB/T 2260-2007,行政区划代码,350803,永定区,
2,国家标准代码,GB/T 2260-2007,行政区划代码,350821,长汀县,
2,国家标准代码,GB/T 2260-2007,行政区划代码,350823,上杭县,
2,国家标准代码,GB/T 2260-2007,行政区划代码,350824,武平县,
2,国家标准代码,GB/T 2260-2007,行政区划代码,350825,连城县,
2,国家标准代码,GB/T 2260-2007,行政区划代码,350881,漳平市,
2,国家标准代码,GB/T 2260-2007,行政区划代码,350900,宁德市,
2,国家标准代码,GB/T 2260-2007,行政区划代码,350902,蕉城区,
2,国家标准代码,GB/T 2260-2007,行政区划代码,350921,霞浦县,
2,国家标准代码,GB/T 2260-2007,行政区划代码,350922,古田县,
2,国家标准代码,GB/T 2260-2007,行政区划代码,350923,屏南县,
2,国家标准代码,GB/T 2260-2007,行政区划代码,350924,寿宁县,
2,国家标准代码,GB/T 2260-2007,行政区划代码,350925,周宁县,
2,国家标准代码,GB/T 2260-2007,行政区划代码,350926,柘荣县,
2,国家标准代码,GB/T 2260-2007,行政区划代码,350981,福安市,
2,国家标准代码,GB/T 2260-2007,行政区划代码,350982,福鼎市,
2,国家标准代码,GB/T 2260-2007,行政区划代码,360000,江西省,
2,国家标准代码,GB/T 2260-2007,行政区划代码,360100,南昌市,
2,国家标准代码,GB/T 2260-2007,行政区划代码,360102,东湖区,
2,国家标准代码,GB/T 2260-2007,行政区划代码,360103,西湖区,
2,国家标准代码,GB/T 2260-2007,行政区划代码,360104,青云谱区,
2,国家标准代码,GB/T 2260-2007,行政区划代码,360111,青山湖区,
2,国家标准代码,GB/T 2260-2007,行政区划代码,360112,新建区,
2,国家标准代码,GB/T 2260-2007,行政区划代码,360113,红谷滩区,
2,国家标准代码,GB/T 2260-2007,行政区划代码,360121,南昌县,
2,国家标准代码,GB/T 2260-2007,行政区划代码,360123,安义县,
2,国家标准代码,GB/T 2260-2007,行政区划代码,360124,进贤县,
2,国家标准代码,GB/T 2260-2007,行政区划代码,360200,景德镇市,
2,国家标准代码,GB/T 2260-2007,行政区划代码,360202,昌江区,
2,国家标准代码,GB/T 2260-2007,行政区划代码,360203,珠山区,
2,国家标准代码,GB/T 2260-2007,行政区划代码,360222,浮梁县,
2,国家标准代码,GB/T 2260-2007,行政区划代码,360281,乐平市,
2,国家标准代码,GB/T 2260-2007,行政区划代码,360300,萍乡市,
2,国家标准代码,GB/T 2260-2007,行政区划代码,360302,安源区,
2,国家标准代码,GB/T 2260-2007,行政区划代码,360313,湘东区,
2,国家标准代码,GB/T 2260-2007,行政区划代码,360321,莲花县,
2,国家标准代码,GB/T 2260-2007,行政区划代码,360322,上栗县,
2,国家标准代码,GB/T 2260-2007,行政区划代码,360323,芦溪县,
2,国家标准代码,GB/T 2260-2007,行政区划代码,360400,九江市,
2,国家标准代码,GB/T 2260-2007,行政区划代码,360402,濂溪区,
2,国家标准代码,GB/T 2260-2007,行政区划代码,360403,浔阳区,
2,国家标准代码,GB/T 2260-2007,行政区划代码,360404,柴桑区,
2,国家标准代码,GB/T 2260-2007,行政区划代码,360423,武宁县,
2,国家标准代码,GB/T 2260-2007,行政区划代码,360424,修水县,
2,国家标准代码,GB/T 2260-2007,行政区划代码,360425,永修县,
2,国家标准代码,GB/T 2260-2007,行政区划代码,360426,德安县,
2,国家标准代码,GB/T 2260-2007,行政区划代码,360428,都昌县,
2,国家标准代码,GB/T 2260-2007,行政区划代码,360429,湖口县,
2,国家标准代码,GB/T 2260-2007,行政区划代码,360430,彭泽县,
2,国家标准代码,GB/T 2260-2007,行政区划代码,360481,瑞昌市,
2,国家标准代码,GB/T 2260-2007,行政区划代码,360482,共青城市,
2,国家标准代码,GB/T 2260-2007,行政区划代码,360483,庐山市,
2,国家标准代码,GB/T 2260-2007,行政区划代码,360500,新余市,
2,国家标准代码,GB/T 2260-2007,行政区划代码,360502,渝水区,
2,国家标准代码,GB/T 2260-2007,行政区划代码,360521,分宜县,
2,国家标准代码,GB/T 2260-2007,行政区划代码,360600,鹰潭市,
2,国家标准代码,GB/T 2260-2007,行政区划代码,360602,月湖区,
2,国家标准代码,GB/T 2260-2007,行政区划代码,360603,余江区,
2,国家标准代码,GB/T 2260-2007,行政区划代码,360681,贵溪市,
2,国家标准代码,GB/T 2260-2007,行政区划代码,360700,赣州市,
2,国家标准代码,GB/T 2260-2007,行政区划代码,360702,章贡区,
2,国家标准代码,GB/T 2260-2007,行政区划代码,360703,南康区,
2,国家标准代码,GB/T 2260-2007,行政区划代码,360704,赣县区,
2,国家标准代码,GB/T 2260-2007,行政区划代码,360722,信丰县,
2,国家标准代码,GB/T 2260-2007,行政区划代码,360723,大余县,
2,国家标准代码,GB/T 2260-2007,行政区划代码,360724,上犹县,
2,国家标准代码,GB/T 2260-2007,行政区划代码,360725,崇义县,
2,国家标准代码,GB/T 2260-2007,行政区划代码,360726,安远县,
2,国家标准代码,GB/T 2260-2007,行政区划代码,360728,定南县,
2,国家标准代码,GB/T 2260-2007,行政区划代码,360729,全南县,
2,国家标准代码,GB/T 2260-2007,行政区划代码,360730,宁都县,
2,国家标准代码,GB/T 2260-2007,行政区划代码,360731,于都县,
2,国家标准代码,GB/T 2260-2007,行政区划代码,360732,兴国县,
2,国家标准代码,GB/T 2260-2007,行政区划代码,360733,会昌县,
2,国家标准代码,GB/T 2260-2007,行政区划代码,360734,寻乌县,
2,国家标准代码,GB/T 2260-2007,行政区划代码,360735,石城县,
2,国家标准代码,GB/T 2260-2007,行政区划代码,360781,瑞金市,
2,国家标准代码,GB/T 2260-2007,行政区划代码,360783,龙南市,
2,国家标准代码,GB/T 2260-2007,行政区划代码,360800,吉安市,
2,国家标准代码,GB/T 2260-2007,行政区划代码,360802,吉州区,
2,国家标准代码,GB/T 2260-2007,行政区划代码,360803,青原区,
2,国家标准代码,GB/T 2260-2007,行政区划代码,360821,吉安县,
2,国家标准代码,GB/T 2260-2007,行政区划代码,360822,吉水县,
2,国家标准代码,GB/T 2260-2007,行政区划代码,360823,峡江县,
2,国家标准代码,GB/T 2260-2007,行政区划代码,360824,新干县,
2,国家标准代码,GB/T 2260-2007,行政区划代码,360825,永丰县,
2,国家标准代码,GB/T 2260-2007,行政区划代码,360826,泰和县,
2,国家标准代码,GB/T 2260-2007,行政区划代码,360827,遂川县,
2,国家标准代码,GB/T 2260-2007,行政区划代码,360828,万安县,
2,国家标准代码,GB/T 2260-2007,行政区划代码,360829,安福县,
2,国家标准代码,GB/T 2260-2007,行政区划代码,360830,永新县,
2,国家标准代码,GB/T 2260-2007,行政区划代码,360881,井冈山市,
2,国家标准代码,GB/T 2260-2007,行政区划代码,360900,宜春市,
2,国家标准代码,GB/T 2260-2007,行政区划代码,360902,袁州区,
2,国家标准代码,GB/T 2260-2007,行政区划代码,360921,奉新县,
2,国家标准代码,GB/T 2260-2007,行政区划代码,360922,万载县,
2,国家标准代码,GB/T 2260-2007,行政区划代码,360923,上高县,
2,国家标准代码,GB/T 2260-2007,行政区划代码,360924,宜丰县,
2,国家标准代码,GB/T 2260-2007,行政区划代码,360925,靖安县,
2,国家标准代码,GB/T 2260-2007,行政区划代码,360926,铜鼓县,
2,国家标准代码,GB/T 2260-2007,行政区划代码,360981,丰城市,
2,国家标准代码,GB/T 2260-2007,行政区划代码,360982,樟树市,
2,国家标准代码,GB/T 2260-2007,行政区划代码,360983,高安市,
2,国家标准代码,GB/T 2260-2007,行政区划代码,361000,抚州市,
2,国家标准代码,GB/T 2260-2007,行政区划代码,361002,临川区,
2,国家标准代码,GB/T 2260-2007,行政区划代码,361003,东乡区,
2,国家标准代码,GB/T 2260-2007,行政区划代码,361021,南城县,
2,国家标准代码,GB/T 2260-2007,行政区划代码,361022,黎川县,
2,国家标准代码,GB/T 2260-2007,行政区划代码,361023,南丰县,
2,国家标准代码,GB/T 2260-2007,行政区划代码,361024,崇仁县,
2,国家标准代码,GB/T 2260-2007,行政区划代码,361025,乐安县,
2,国家标准代码,GB/T 2260-2007,行政区划代码,361026,宜黄县,
2,国家标准代码,GB/T 2260-2007,行政区划代码,361027,金溪县,
2,国家标准代码,GB/T 2260-2007,行政区划代码,361028,资溪县,
2,国家标准代码,GB/T 2260-2007,行政区划代码,361030,广昌县,
2,国家标准代码,GB/T 2260-2007,行政区划代码,361100,上饶市,
2,国家标准代码,GB/T 2260-2007,行政区划代码,361102,信州区,
2,国家标准代码,GB/T 2260-2007,行政区划代码,361103,广丰区,
2,国家标准代码,GB/T 2260-2007,行政区划代码,361104,广信区,
2,国家标准代码,GB/T 2260-2007,行政区划代码,361123,玉山县,
2,国家标准代码,GB/T 2260-2007,行政区划代码,361124,铅山县,
2,国家标准代码,GB/T 2260-2007,行政区划代码,361125,横峰县,
2,国家标准代码,GB/T 2260-2007,行政区划代码,361126,弋阳县,
2,国家标准代码,GB/T 2260-2007,行政区划代码,361127,余干县,
2,国家标准代码,GB/T 2260-2007,行政区划代码,361128,鄱阳县,
2,国家标准代码,GB/T 2260-2007,行政区划代码,361129,万年县,
2,国家标准代码,GB/T 2260-2007,行政区划代码,361130,婺源县,
2,国家标准代码,GB/T 2260-2007,行政区划代码,361181,德兴市,
2,国家标准代码,GB/T 2260-2007,行政区划代码,370000,山东省,
2,国家标准代码,GB/T 2260-2007,行政区划代码,370100,济南市,
2,国家标准代码,GB/T 2260-2007,行政区划代码,370102,历下区,
2,国家标准代码,GB/T 2260-2007,行政区划代码,370103,市中区,
2,国家标准代码,GB/T 2260-2007,行政区划代码,370104,槐荫区,
2,国家标准代码,GB/T 2260-2007,行政区划代码,370105,天桥区,
2,国家标准代码,GB/T 2260-2007,行政区划代码,370112,历城区,
2,国家标准代码,GB/T 2260-2007,行政区划代码,370113,长清区,
2,国家标准代码,GB/T 2260-2007,行政区划代码,370114,章丘区,
2,国家标准代码,GB/T 2260-2007,行政区划代码,370115,济阳区,
2,国家标准代码,GB/T 2260-2007,行政区划代码,370116,莱芜区,
2,国家标准代码,GB/T 2260-2007,行政区划代码,370117,钢城区,
2,国家标准代码,GB/T 2260-2007,行政区划代码,370124,平阴县,
2,国家标准代码,GB/T 2260-2007,行政区划代码,370126,商河县,
2,国家标准代码,GB/T 2260-2007,行政区划代码,370200,青岛市,
2,国家标准代码,GB/T 2260-2007,行政区划代码,370202,市南区,
2,国家标准代码,GB/T 2260-2007,行政区划代码,370203,市北区,
2,国家标准代码,GB/T 2260-2007,行政区划代码,370211,黄岛区,
2,国家标准代码,GB/T 2260-2007,行政区划代码,370212,崂山区,
2,国家标准代码,GB/T 2260-2007,行政区划代码,370213,李沧区,
2,国家标准代码,GB/T 2260-2007,行政区划代码,370214,城阳区,
2,国家标准代码,GB/T 2260-2007,行政区划代码,370215,即墨区,
2,国家标准代码,GB/T 2260-2007,行政区划代码,370281,胶州市,
2,国家标准代码,GB/T 2260-2007,行政区划代码,370283,平度市,
2,国家标准代码,GB/T 2260-2007,行政区划代码,370285,莱西市,
2,国家标准代码,GB/T 2260-2007,行政区划代码,370300,淄博市,
2,国家标准代码,GB/T 2260-2007,行政区划代码,370302,淄川区,
2,国家标准代码,GB/T 2260-2007,行政区划代码,370303,张店区,
2,国家标准代码,GB/T 2260-2007,行政区划代码,370304,博山区,
2,国家标准代码,GB/T 2260-2007,行政区划代码,370305,临淄区,
2,国家标准代码,GB/T 2260-2007,行政区划代码,370306,周村区,
2,国家标准代码,GB/T 2260-2007,行政区划代码,370321,桓台县,
2,国家标准代码,GB/T 2260-2007,行政区划代码,370322,高青县,
2,国家标准代码,GB/T 2260-2007,行政区划代码,370323,沂源县,
2,国家标准代码,GB/T 2260-2007,行政区划代码,370400,枣庄市,
2,国家标准代码,GB/T 2260-2007,行政区划代码,370402,市中区,
2,国家标准代码,GB/T 2260-2007,行政区划代码,370403,薛城区,
2,国家标准代码,GB/T 2260-2007,行政区划代码,370404,峄城区,
2,国家标准代码,GB/T 2260-2007,行政区划代码,370405,台儿庄区,
2,国家标准代码,GB/T 2260-2007,行政区划代码,370406,山亭区,
2,国家标准代码,GB/T 2260-2007,行政区划代码,370481,滕州市,
2,国家标准代码,GB/T 2260-2007,行政区划代码,370500,东营市,
2,国家标准代码,GB/T 2260-2007,行政区划代码,370502,东营区,
2,国家标准代码,GB/T 2260-2007,行政区划代码,370503,河口区,
2,国家标准代码,GB/T 2260-2007,行政区划代码,370505,垦利区,
2,国家标准代码,GB/T 2260-2007,行政区划代码,370522,利津县,
2,国家标准代码,GB/T 2260-2007,行政区划代码,370523,广饶县,
2,国家标准代码,GB/T 2260-2007,行政区划代码,370600,烟台市,
2,国家标准代码,GB/T 2260-2007,行政区划代码,370602,芝罘区,
2,国家标准代码,GB/T 2260-2007,行政区划代码,370611,福山区,
2,国家标准代码,GB/T 2260-2007,行政区划代码,370612,牟平区,
2,国家标准代码,GB/T 2260-2007,行政区划代码,370613,莱山区,
2,国家标准代码,GB/T 2260-2007,行政区划代码,370614,蓬莱区,
2,国家标准代码,GB/T 2260-2007,行政区划代码,370681,龙口市,
2,国家标准代码,GB/T 2260-2007,行政区划代码,370682,莱阳市,
2,国家标准代码,GB/T 2260-2007,行政区划代码,370683,莱州市,
2,国家标准代码,GB/T 2260-2007,行政区划代码,370685,招远市,
2,国家标准代码,GB/T 2260-2007,行政区划代码,370686,栖霞市,
2,国家标准代码,GB/T 2260-2007,行政区划代码,370687,海阳市,
2,国家标准代码,GB/T 2260-2007,行政区划代码,370700,潍坊市,
2,国家标准代码,GB/T 2260-2007,行政区划代码,370702,潍城区,
2,国家标准代码,GB/T 2260-2007,行政区划代码,370703,寒亭区,
2,国家标准代码,GB/T 2260-2007,行政区划代码,370704,坊子区,
2,国家标准代码,GB/T 2260-2007,行政区划代码,370705,奎文区,
2,国家标准代码,GB/T 2260-2007,行政区划代码,370724,临朐县,
2,国家标准代码,GB/T 2260-2007,行政区划代码,370725,昌乐县,
2,国家标准代码,GB/T 2260-2007,行政区划代码,370781,青州市,
2,国家标准代码,GB/T 2260-2007,行政区划代码,370782,诸城市,
2,国家标准代码,GB/T 2260-2007,行政区划代码,370783,寿光市,
2,国家标准代码,GB/T 2260-2007,行政区划代码,370784,安丘市,
2,国家标准代码,GB/T 2260-2007,行政区划代码,370785,高密市,
2,国家标准代码,GB/T 2260-2007,行政区划代码,370786,昌邑市,
2,国家标准代码,GB/T 2260-2007,行政区划代码,370800,济宁市,
2,国家标准代码,GB/T 2260-2007,行政区划代码,370811,任城区,
2,国家标准代码,GB/T 2260-2007,行政区划代码,370812,兖州区,
2,国家标准代码,GB/T 2260-2007,行政区划代码,370826,微山县,
2,国家标准代码,GB/T 2260-2007,行政区划代码,370827,鱼台县,
2,国家标准代码,GB/T 2260-2007,行政区划代码,370828,金乡县,
2,国家标准代码,GB/T 2260-2007,行政区划代码,370829,嘉祥县,
2,国家标准代码,GB/T 2260-2007,行政区划代码,370830,汶上县,
2,国家标准代码,GB/T 2260-2007,行政区划代码,370831,泗水县,
2,国家标准代码,GB/T 2260-2007,行政区划代码,370832,梁山县,
2,国家标准代码,GB/T 2260-2007,行政区划代码,370881,曲阜市,
2,国家标准代码,GB/T 2260-2007,行政区划代码,370883,邹城市,
2,国家标准代码,GB/T 2260-2007,行政区划代码,370900,泰安市,
2,国家标准代码,GB/T 2260-2007,行政区划代码,370902,泰山区,
2,国家标准代码,GB/T 2260-2007,行政区划代码,370911,岱岳区,
2,国家标准代码,GB/T 2260-2007,行政区划代码,370921,宁阳县,
2,国家标准代码,GB/T 2260-2007,行政区划代码,370923,东平县,
2,国家标准代码,GB/T 2260-2007,行政区划代码,370982,新泰市,
2,国家标准代码,GB/T 2260-2007,行政区划代码,370983,肥城市,
2,国家标准代码,GB/T 2260-2007,行政区划代码,371000,威海市,
2,国家标准代码,GB/T 2260-2007,行政区划代码,371002,环翠区,
2,国家标准代码,GB/T 2260-2007,行政区划代码,371003,文登区,
2,国家标准代码,GB/T 2260-2007,行政区划代码,371082,荣成市,
2,国家标准代码,GB/T 2260-2007,行政区划代码,371083,乳山市,
2,国家标准代码,GB/T 2260-2007,行政区划代码,371100,日照市,
2,国家标准代码,GB/T 2260-2007,行政区划代码,371102,东港区,
2,国家标准代码,GB/T 2260-2007,行政区划代码,371103,岚山区,
2,国家标准代码,GB/T 2260-2007,行政区划代码,371121,五莲县,
2,国家标准代码,GB/T 2260-2007,行政区划代码,371122,莒县,
2,国家标准代码,GB/T 2260-2007,行政区划代码,371300,临沂市,
2,国家标准代码,GB/T 2260-2007,行政区划代码,371302,兰山区,
2,国家标准代码,GB/T 2260-2007,行政区划代码,371311,罗庄区,
2,国家标准代码,GB/T 2260-2007,行政区划代码,371312,河东区,
2,国家标准代码,GB/T 2260-2007,行政区划代码,371321,沂南县,
2,国家标准代码,GB/T 2260-2007,行政区划代码,371322,郯城县,
2,国家标准代码,GB/T 2260-2007,行政区划代码,371323,沂水县,
2,国家标准代码,GB/T 2260-2007,行政区划代码,371324,兰陵县,
2,国家标准代码,GB/T 2260-2007,行政区划代码,371325,费县,
2,国家标准代码,GB/T 2260-2007,行政区划代码,371326,平邑县,
2,国家标准代码,GB/T 2260-2007,行政区划代码,371327,莒南县,
2,国家标准代码,GB/T 2260-2007,行政区划代码,371328,蒙阴县,
2,国家标准代码,GB/T 2260-2007,行政区划代码,371329,临沭县,
2,国家标准代码,GB/T 2260-2007,行政区划代码,371400,德州市,
2,国家标准代码,GB/T 2260-2007,行政区划代码,371402,德城区,
2,国家标准代码,GB/T 2260-2007,行政区划代码,371403,陵城区,
2,国家标准代码,GB/T 2260-2007,行政区划代码,371422,宁津县,
2,国家标准代码,GB/T 2260-2007,行政区划代码,371423,庆云县,
2,国家标准代码,GB/T 2260-2007,行政区划代码,371424,临邑县,
2,国家标准代码,GB/T 2260-2007,行政区划代码,371425,齐河县,
2,国家标准代码,GB/T 2260-2007,行政区划代码,371426,平原县,
2,国家标准代码,GB/T 2260-2007,行政区划代码,371427,夏津县,
2,国家标准代码,GB/T 2260-2007,行政区划代码,371428,武城县,
2,国家标准代码,GB/T 2260-2007,行政区划代码,371481,乐陵市,
2,国家标准代码,GB/T 2260-2007,行政区划代码,371482,禹城市,
2,国家标准代码,GB/T 2260-2007,行政区划代码,371500,聊城市,
2,国家标准代码,GB/T 2260-2007,行政区划代码,371502,东昌府区,
2,国家标准代码,GB/T 2260-2007,行政区划代码,371503,茌平区,
2,国家标准代码,GB/T 2260-2007,行政区划代码,371521,阳谷县,
2,国家标准代码,GB/T 2260-2007,行政区划代码,371522,莘县,
2,国家标准代码,GB/T 2260-2007,行政区划代码,371524,东阿县,
2,国家标准代码,GB/T 2260-2007,行政区划代码,371525,冠县,
2,国家标准代码,GB/T 2260-2007,行政区划代码,371526,高唐县,
2,国家标准代码,GB/T 2260-2007,行政区划代码,371581,临清市,
2,国家标准代码,GB/T 2260-2007,行政区划代码,371600,滨州市,
2,国家标准代码,GB/T 2260-2007,行政区划代码,371602,滨城区,
2,国家标准代码,GB/T 2260-2007,行政区划代码,371603,沾化区,
2,国家标准代码,GB/T 2260-2007,行政区划代码,371621,惠民县,
2,国家标准代码,GB/T 2260-2007,行政区划代码,371622,阳信县,
2,国家标准代码,GB/T 2260-2007,行政区划代码,371623,无棣县,
2,国家标准代码,GB/T 2260-2007,行政区划代码,371625,博兴县,
2,国家标准代码,GB/T 2260-2007,行政区划代码,371681,邹平市,
2,国家标准代码,GB/T 2260-2007,行政区划代码,371700,菏泽市,
2,国家标准代码,GB/T 2260-2007,行政区划代码,371702,牡丹区,
2,国家标准代码,GB/T 2260-2007,行政区划代码,371703,定陶区,
2,国家标准代码,GB/T 2260-2007,行政区划代码,371721,曹县,
2,国家标准代码,GB/T 2260-2007,行政区划代码,371722,单县,
2,国家标准代码,GB/T 2260-2007,行政区划代码,371723,成武县,
2,国家标准代码,GB/T 2260-2007,行政区划代码,371724,巨野县,
2,国家标准代码,GB/T 2260-2007,行政区划代码,371725,郓城县,
2,国家标准代码,GB/T 2260-2007,行政区划代码,371726,鄄城县,
2,国家标准代码,GB/T 2260-2007,行政区划代码,371728,东明县,
2,国家标准代码,GB/T 2260-2007,行政区划代码,410000,河南省,
2,国家标准代码,GB/T 2260-2007,行政区划代码,410100,郑州市,
2,国家标准代码,GB/T 2260-2007,行政区划代码,410102,中原区,
2,国家标准代码,GB/T 2260-2007,行政区划代码,410103,二七区,
2,国家标准代码,GB/T 2260-2007,行政区划代码,410104,管城回族区,
2,国家标准代码,GB/T 2260-2007,行政区划代码,410105,金水区,
2,国家标准代码,GB/T 2260-2007,行政区划代码,410106,上街区,
2,国家标准代码,GB/T 2260-2007,行政区划代码,410108,惠济区,
2,国家标准代码,GB/T 2260-2007,行政区划代码,410122,中牟县,
2,国家标准代码,GB/T 2260-2007,行政区划代码,410181,巩义市,
2,国家标准代码,GB/T 2260-2007,行政区划代码,410182,荥阳市,
2,国家标准代码,GB/T 2260-2007,行政区划代码,410183,新密市,
2,国家标准代码,GB/T 2260-2007,行政区划代码,410184,新郑市,
2,国家标准代码,GB/T 2260-2007,行政区划代码,410185,登封市,
2,国家标准代码,GB/T 2260-2007,行政区划代码,410200,开封市,
2,国家标准代码,GB/T 2260-2007,行政区划代码,410202,龙亭区,
2,国家标准代码,GB/T 2260-2007,行政区划代码,410203,顺河回族区,
2,国家标准代码,GB/T 2260-2007,行政区划代码,410204,鼓楼区,
2,国家标准代码,GB/T 2260-2007,行政区划代码,410205,禹王台区,
2,国家标准代码,GB/T 2260-2007,行政区划代码,410212,祥符区,
2,国家标准代码,GB/T 2260-2007,行政区划代码,410221,杞县,
2,国家标准代码,GB/T 2260-2007,行政区划代码,410222,通许县,
2,国家标准代码,GB/T 2260-2007,行政区划代码,410223,尉氏县,
2,国家标准代码,GB/T 2260-2007,行政区划代码,410225,兰考县,
2,国家标准代码,GB/T 2260-2007,行政区划代码,410300,洛阳市,
2,国家标准代码,GB/T 2260-2007,行政区划代码,410302,老城区,
2,国家标准代码,GB/T 2260-2007,行政区划代码,410303,西工区,
2,国家标准代码,GB/T 2260-2007,行政区划代码,410304,瀍河回族区,
2,国家标准代码,GB/T 2260-2007,行政区划代码,410305,涧西区,
2,国家标准代码,GB/T 2260-2007,行政区划代码,410307,偃师区,
2,国家标准代码,GB/T 2260-2007,行政区划代码,410308,孟津区,
2,国家标准代码,GB/T 2260-2007,行政区划代码,410311,洛龙区,
2,国家标准代码,GB/T 2260-2007,行政区划代码,410323,新安县,
2,国家标准代码,GB/T 2260-2007,行政区划代码,410324,栾川县,
2,国家标准代码,GB/T 2260-2007,行政区划代码,410325,嵩县,
2,国家标准代码,GB/T 2260-2007,行政区划代码,410326,汝阳县,
2,国家标准代码,GB/T 2260-2007,行政区划代码,410327,宜阳县,
2,国家标准代码,GB/T 2260-2007,行政区划代码,410328,洛宁县,
2,国家标准代码,GB/T 2260-2007,行政区划代码,410329,伊川县,
2,国家标准代码,GB/T 2260-2007,行政区划代码,410400,平顶山市,
2,国家标准代码,GB/T 2260-2007,行政区划代码,410402,新华区,
2,国家标准代码,GB/T 2260-2007,行政区划代码,410403,卫东区,
2,国家标准代码,GB/T 2260-2007,行政区划代码,410404,石龙区,
2,国家标准代码,GB/T 2260-2007,行政区划代码,410411,湛河区,
2,国家标准代码,GB/T 2260-2007,行政区划代码,410421,宝丰县,
2,国家标准代码,GB/T 2260-2007,行政区划代码,410422,叶县,
2,国家标准代码,GB/T 2260-2007,行政区划代码,410423,鲁山县,
2,国家标准代码,GB/T 2260-2007,行政区划代码,410425,郏县,
2,国家标准代码,GB/T 2260-2007,行政区划代码,410481,舞钢市,
2,国家标准代码,GB/T 2260-2007,行政区划代码,410482,汝州市,
2,国家标准代码,GB/T 2260-2007,行政区划代码,410500,安阳市,
2,国家标准代码,GB/T 2260-2007,行政区划代码,410502,文峰区,
2,国家标准代码,GB/T 2260-2007,行政区划代码,410503,北关区,
2,国家标准代码,GB/T 2260-2007,行政区划代码,410505,殷都区,
2,国家标准代码,GB/T 2260-2007,行政区划代码,410506,龙安区,
2,国家标准代码,GB/T 2260-2007,行政区划代码,410522,安阳县,
2,国家标准代码,GB/T 2260-2007,行政区划代码,410523,汤阴县,
2,国家标准代码,GB/T 2260-2007,行政区划代码,410526,滑县,
2,国家标准代码,GB/T 2260-2007,行政区划代码,410527,内黄县,
2,国家标准代码,GB/T 2260-2007,行政区划代码,410581,林州市,
2,国家标准代码,GB/T 2260-2007,行政区划代码,410600,鹤壁市,
2,国家标准代码,GB/T 2260-2007,行政区划代码,410602,鹤山区,
2,国家标准代码,GB/T 2260-2007,行政区划代码,410603,山城区,
2,国家标准代码,GB/T 2260-2007,行政区划代码,410611,淇滨区,
2,国家标准代码,GB/T 2260-2007,行政区划代码,410621,浚县,
2,国家标准代码,GB/T 2260-2007,行政区划代码,410622,淇县,
2,国家标准代码,GB/T 2260-2007,行政区划代码,410700,新乡市,
2,国家标准代码,GB/T 2260-2007,行政区划代码,410702,红旗区,
2,国家标准代码,GB/T 2260-2007,行政区划代码,410703,卫滨区,
2,国家标准代码,GB/T 2260-2007,行政区划代码,410704,凤泉区,
2,国家标准代码,GB/T 2260-2007,行政区划代码,410711,牧野区,
2,国家标准代码,GB/T 2260-2007,行政区划代码,410721,新乡县,
2,国家标准代码,GB/T 2260-2007,行政区划代码,410724,获嘉县,
2,国家标准代码,GB/T 2260-2007,行政区划代码,410725,原阳县,
2,国家标准代码,GB/T 2260-2007,行政区划代码,410726,延津县,
2,国家标准代码,GB/T 2260-2007,行政区划代码,410727,封丘县,
2,国家标准代码,GB/T 2260-2007,行政区划代码,410781,卫辉市,
2,国家标准代码,GB/T 2260-2007,行政区划代码,410782,辉县市,
2,国家标准代码,GB/T 2260-2007,行政区划代码,410783,长垣市,
2,国家标准代码,GB/T 2260-2007,行政区划代码,410800,焦作市,
2,国家标准代码,GB/T 2260-2007,行政区划代码,410802,解放区,
2,国家标准代码,GB/T 2260-2007,行政区划代码,410803,中站区,
2,国家标准代码,GB/T 2260-2007,行政区划代码,410804,马村区,
2,国家标准代码,GB/T 2260-2007,行政区划代码,410811,山阳区,
2,国家标准代码,GB/T 2260-2007,行政区划代码,410821,修武县,
2,国家标准代码,GB/T 2260-2007,行政区划代码,410822,博爱县,
2,国家标准代码,GB/T 2260-2007,行政区划代码,410823,武陟县,
2,国家标准代码,GB/T 2260-2007,行政区划代码,410825,温县,
2,国家标准代码,GB/T 2260-2007,行政区划代码,410882,沁阳市,
2,国家标准代码,GB/T 2260-2007,行政区划代码,410883,孟州市,
2,国家标准代码,GB/T 2260-2007,行政区划代码,410900,濮阳市,
2,国家标准代码,GB/T 2260-2007,行政区划代码,410902,华龙区,
2,国家标准代码,GB/T 2260-2007,行政区划代码,410922,清丰县,
2,国家标准代码,GB/T 2260-2007,行政区划代码,410923,南乐县,
2,国家标准代码,GB/T 2260-2007,行政区划代码,410926,范县,
2,国家标准代码,GB/T 2260-2007,行政区划代码,410927,台前县,
2,国家标准代码,GB/T 2260-2007,行政区划代码,410928,濮阳县,
2,国家标准代码,GB/T 2260-2007,行政区划代码,411000,许昌市,
2,国家标准代码,GB/T 2260-2007,行政区划代码,411002,魏都区,
2,国家标准代码,GB/T 2260-2007,行政区划代码,411003,建安区,
2,国家标准代码,GB/T 2260-2007,行政区划代码,411024,鄢陵县,
2,国家标准代码,GB/T 2260-2007,行政区划代码,411025,襄城县,
2,国家标准代码,GB/T 2260-2007,行政区划代码,411081,禹州市,
2,国家标准代码,GB/T 2260-2007,行政区划代码,411082,长葛市,
2,国家标准代码,GB/T 2260-2007,行政区划代码,411100,漯河市,
2,国家标准代码,GB/T 2260-2007,行政区划代码,411102,源汇区,
2,国家标准代码,GB/T 2260-2007,行政区划代码,411103,郾城区,
2,国家标准代码,GB/T 2260-2007,行政区划代码,411104,召陵区,
2,国家标准代码,GB/T 2260-2007,行政区划代码,411121,舞阳县,
2,国家标准代码,GB/T 2260-2007,行政区划代码,411122,临颍县,
2,国家标准代码,GB/T 2260-2007,行政区划代码,411200,三门峡市,
2,国家标准代码,GB/T 2260-2007,行政区划代码,411202,湖滨区,
2,国家标准代码,GB/T 2260-2007,行政区划代码,411203,陕州区,
2,国家标准代码,GB/T 2260-2007,行政区划代码,411221,渑池县,
2,国家标准代码,GB/T 2260-2007,行政区划代码,411224,卢氏县,
2,国家标准代码,GB/T 2260-2007,行政区划代码,411281,义马市,
2,国家标准代码,GB/T 2260-2007,行政区划代码,411282,灵宝市,
2,国家标准代码,GB/T 2260-2007,行政区划代码,411300,南阳市,
2,国家标准代码,GB/T 2260-2007,行政区划代码,411302,宛城区,
2,国家标准代码,GB/T 2260-2007,行政区划代码,411303,卧龙区,
2,国家标准代码,GB/T 2260-2007,行政区划代码,411321,南召县,
2,国家标准代码,GB/T 2260-2007,行政区划代码,411322,方城县,
2,国家标准代码,GB/T 2260-2007,行政区划代码,411323,西峡县,
2,国家标准代码,GB/T 2260-2007,行政区划代码,411324,镇平县,
2,国家标准代码,GB/T 2260-2007,行政区划代码,411325,内乡县,
2,国家标准代码,GB/T 2260-2007,行政区划代码,411326,淅川县,
2,国家标准代码,GB/T 2260-2007,行政区划代码,411327,社旗县,
2,国家标准代码,GB/T 2260-2007,行政区划代码,411328,唐河县,
2,国家标准代码,GB/T 2260-2007,行政区划代码,411329,新野县,
2,国家标准代码,GB/T 2260-2007,行政区划代码,411330,桐柏县,
2,国家标准代码,GB/T 2260-2007,行政区划代码,411381,邓州市,
2,国家标准代码,GB/T 2260-2007,行政区划代码,411400,商丘市,
2,国家标准代码,GB/T 2260-2007,行政区划代码,411402,梁园区,
2,国家标准代码,GB/T 2260-2007,行政区划代码,411403,睢阳区,
2,国家标准代码,GB/T 2260-2007,行政区划代码,411421,民权县,
2,国家标准代码,GB/T 2260-2007,行政区划代码,411422,睢县,
2,国家标准代码,GB/T 2260-2007,行政区划代码,411423,宁陵县,
2,国家标准代码,GB/T 2260-2007,行政区划代码,411424,柘城县,
2,国家标准代码,GB/T 2260-2007,行政区划代码,411425,虞城县,
2,国家标准代码,GB/T 2260-2007,行政区划代码,411426,夏邑县,
2,国家标准代码,GB/T 2260-2007,行政区划代码,411481,永城市,
2,国家标准代码,GB/T 2260-2007,行政区划代码,411500,信阳市,
2,国家标准代码,GB/T 2260-2007,行政区划代码,411502,浉河区,
2,国家标准代码,GB/T 2260-2007,行政区划代码,411503,平桥区,
2,国家标准代码,GB/T 2260-2007,行政区划代码,411521,罗山县,
2,国家标准代码,GB/T 2260-2007,行政区划代码,411522,光山县,
2,国家标准代码,GB/T 2260-2007,行政区划代码,411523,新县,
2,国家标准代码,GB/T 2260-2007,行政区划代码,411524,商城县,
2,国家标准代码,GB/T 2260-2007,行政区划代码,411525,固始县,
2,国家标准代码,GB/T 2260-2007,行政区划代码,411526,潢川县,
2,国家标准代码,GB/T 2260-2007,行政区划代码,411527,淮滨县,
2,国家标准代码,GB/T 2260-2007,行政区划代码,411528,息县,
2,国家标准代码,GB/T 2260-2007,行政区划代码,411600,周口市,
2,国家标准代码,GB/T 2260-2007,行政区划代码,411602,川汇区,
2,国家标准代码,GB/T 2260-2007,行政区划代码,411603,淮阳区,
2,国家标准代码,GB/T 2260-2007,行政区划代码,411621,扶沟县,
2,国家标准代码,GB/T 2260-2007,行政区划代码,411622,西华县,
2,国家标准代码,GB/T 2260-2007,行政区划代码,411623,商水县,
2,国家标准代码,GB/T 2260-2007,行政区划代码,411624,沈丘县,
2,国家标准代码,GB/T 2260-2007,行政区划代码,411625,郸城县,
2,国家标准代码,GB/T 2260-2007,行政区划代码,411627,太康县,
2,国家标准代码,GB/T 2260-2007,行政区划代码,411628,鹿邑县,
2,国家标准代码,GB/T 2260-2007,行政区划代码,411681,项城市,
2,国家标准代码,GB/T 2260-2007,行政区划代码,411700,驻马店市,
2,国家标准代码,GB/T 2260-2007,行政区划代码,411702,驿城区,
2,国家标准代码,GB/T 2260-2007,行政区划代码,411721,西平县,
2,国家标准代码,GB/T 2260-2007,行政区划代码,411722,上蔡县,
2,国家标准代码,GB/T 2260-2007,行政区划代码,411723,平舆县,
2,国家标准代码,GB/T 2260-2007,行政区划代码,411724,正阳县,
2,国家标准代码,GB/T 2260-2007,行政区划代码,411725,确山县,
2,国家标准代码,GB/T 2260-2007,行政区划代码,411726,泌阳县,
2,国家标准代码,GB/T 2260-2007,行政区划代码,411727,汝南县,
2,国家标准代码,GB/T 2260-2007,行政区划代码,411728,遂平县,
2,国家标准代码,GB/T 2260-2007,行政区划代码,411729,新蔡县,
2,国家标准代码,GB/T 2260-2007,行政区划代码,419001,济源市,
2,国家标准代码,GB/T 2260-2007,行政区划代码,420000,湖北省,
2,国家标准代码,GB/T 2260-2007,行政区划代码,420100,武汉市,
2,国家标准代码,GB/T 2260-2007,行政区划代码,420102,江岸区,
2,国家标准代码,GB/T 2260-2007,行政区划代码,420103,江汉区,
2,国家标准代码,GB/T 2260-2007,行政区划代码,420104,硚口区,
2,国家标准代码,GB/T 2260-2007,行政区划代码,420105,汉阳区,
2,国家标准代码,GB/T 2260-2007,行政区划代码,420106,武昌区,
2,国家标准代码,GB/T 2260-2007,行政区划代码,420107,青山区,
2,国家标准代码,GB/T 2260-2007,行政区划代码,420111,洪山区,
2,国家标准代码,GB/T 2260-2007,行政区划代码,420112,东西湖区,
2,国家标准代码,GB/T 2260-2007,行政区划代码,420113,汉南区,
2,国家标准代码,GB/T 2260-2007,行政区划代码,420114,蔡甸区,
2,国家标准代码,GB/T 2260-2007,行政区划代码,420115,江夏区,
2,国家标准代码,GB/T 2260-2007,行政区划代码,420116,黄陂区,
2,国家标准代码,GB/T 2260-2007,行政区划代码,420117,新洲区,
2,国家标准代码,GB/T 2260-2007,行政区划代码,420200,黄石市,
2,国家标准代码,GB/T 2260-2007,行政区划代码,420202,黄石港区,
2,国家标准代码,GB/T 2260-2007,行政区划代码,420203,西塞山区,
2,国家标准代码,GB/T 2260-2007,行政区划代码,420204,下陆区,
2,国家标准代码,GB/T 2260-2007,行政区划代码,420205,铁山区,
2,国家标准代码,GB/T 2260-2007,行政区划代码,420222,阳新县,
2,国家标准代码,GB/T 2260-2007,行政区划代码,420281,大冶市,
2,国家标准代码,GB/T 2260-2007,行政区划代码,420300,十堰市,
2,国家标准代码,GB/T 2260-2007,行政区划代码,420302,茅箭区,
2,国家标准代码,GB/T 2260-2007,行政区划代码,420303,张湾区,
2,国家标准代码,GB/T 2260-2007,行政区划代码,420304,郧阳区,
2,国家标准代码,GB/T 2260-2007,行政区划代码,420322,郧西县,
2,国家标准代码,GB/T 2260-2007,行政区划代码,420323,竹山县,
2,国家标准代码,GB/T 2260-2007,行政区划代码,420324,竹溪县,
2,国家标准代码,GB/T 2260-2007,行政区划代码,420325,房县,
2,国家标准代码,GB/T 2260-2007,行政区划代码,420381,丹江口市,
2,国家标准代码,GB/T 2260-2007,行政区划代码,420500,宜昌市,
2,国家标准代码,GB/T 2260-2007,行政区划代码,420502,西陵区,
2,国家标准代码,GB/T 2260-2007,行政区划代码,420503,伍家岗区,
2,国家标准代码,GB/T 2260-2007,行政区划代码,420504,点军区,
2,国家标准代码,GB/T 2260-2007,行政区划代码,420505,猇亭区,
2,国家标准代码,GB/T 2260-2007,行政区划代码,420506,夷陵区,
2,国家标准代码,GB/T 2260-2007,行政区划代码,420525,远安县,
2,国家标准代码,GB/T 2260-2007,行政区划代码,420526,兴山县,
2,国家标准代码,GB/T 2260-2007,行政区划代码,420527,秭归县,
2,国家标准代码,GB/T 2260-2007,行政区划代码,420528,长阳土家族自治县,
2,国家标准代码,GB/T 2260-2007,行政区划代码,420529,五峰土家族自治县,
2,国家标准代码,GB/T 2260-2007,行政区划代码,420581,宜都市,
2,国家标准代码,GB/T 2260-2007,行政区划代码,420582,当阳市,
2,国家标准代码,GB/T 2260-2007,行政区划代码,420583,枝江市,
2,国家标准代码,GB/T 2260-2007,行政区划代码,420600,襄阳市,
2,国家标准代码,GB/T 2260-2007,行政区划代码,420602,襄城区,
2,国家标准代码,GB/T 2260-2007,行政区划代码,420606,樊城区,
2,国家标准代码,GB/T 2260-2007,行政区划代码,420607,襄州区,
2,国家标准代码,GB/T 2260-2007,行政区划代码,420624,南漳县,
2,国家标准代码,GB/T 2260-2007,行政区划代码,420625,谷城县,
2,国家标准代码,GB/T 2260-2007,行政区划代码,420626,保康县,
2,国家标准代码,GB/T 2260-2007,行政区划代码,420682,老河口市,
2,国家标准代码,GB/T 2260-2007,行政区划代码,420683,枣阳市,
2,国家标准代码,GB/T 2260-2007,行政区划代码,420684,宜城市,
2,国家标准代码,GB/T 2260-2007,行政区划代码,420700,鄂州市,
2,国家标准代码,GB/T 2260-2007,行政区划代码,420702,梁子湖区,
2,国家标准代码,GB/T 2260-2007,行政区划代码,420703,华容区,
2,国家标准代码,GB/T 2260-2007,行政区划代码,420704,鄂城区,
2,国家标准代码,GB/T 2260-2007,行政区划代码,420800,荆门市,
2,国家标准代码,GB/T 2260-2007,行政区划代码,420802,东宝区,
2,国家标准代码,GB/T 2260-2007,行政区划代码,420804,掇刀区,
2,国家标准代码,GB/T 2260-2007,行政区划代码,420822,沙洋县,
2,国家标准代码,GB/T 2260-2007,行政区划代码,420881,钟祥市,
2,国家标准代码,GB/T 2260-2007,行政区划代码,420882,京山市,
2,国家标准代码,GB/T 2260-2007,行政区划代码,420900,孝感市,
2,国家标准代码,GB/T 2260-2007,行政区划代码,420902,孝南区,
2,国家标准代码,GB/T 2260-2007,行政区划代码,420921,孝昌县,
2,国家标准代码,GB/T 2260-2007,行政区划代码,420922,大悟县,
2,国家标准代码,GB/T 2260-2007,行政区划代码,420923,云梦县,
2,国家标准代码,GB/T 2260-2007,行政区划代码,420981,应城市,
2,国家标准代码,GB/T 2260-2007,行政区划代码,420982,安陆市,
2,国家标准代码,GB/T 2260-2007,行政区划代码,420984,汉川市,
2,国家标准代码,GB/T 2260-2007,行政区划代码,421000,荆州市,
2,国家标准代码,GB/T 2260-2007,行政区划代码,421002,沙市区,
2,国家标准代码,GB/T 2260-2007,行政区划代码,421003,荆州区,
2,国家标准代码,GB/T 2260-2007,行政区划代码,421022,公安县,
2,国家标准代码,GB/T 2260-2007,行政区划代码,421024,江陵县,
2,国家标准代码,GB/T 2260-2007,行政区划代码,421081,石首市,
2,国家标准代码,GB/T 2260-2007,行政区划代码,421083,洪湖市,
2,国家标准代码,GB/T 2260-2007,行政区划代码,421087,松滋市,
2,国家标准代码,GB/T 2260-2007,行政区划代码,421088,监利市,
2,国家标准代码,GB/T 2260-2007,行政区划代码,421100,黄冈市,
2,国家标准代码,GB/T 2260-2007,行政区划代码,421102,黄州区,
2,国家标准代码,GB/T 2260-2007,行政区划代码,421121,团风县,
2,国家标准代码,GB/T 2260-2007,行政区划代码,421122,红安县,
2,国家标准代码,GB/T 2260-2007,行政区划代码,421123,罗田县,
2,国家标准代码,GB/T 2260-2007,行政区划代码,421124,英山县,
2,国家标准代码,GB/T 2260-2007,行政区划代码,421125,浠水县,
2,国家标准代码,GB/T 2260-2007,行政区划代码,421126,蕲春县,
2,国家标准代码,GB/T 2260-2007,行政区划代码,421127,黄梅县,
2,国家标准代码,GB/T 2260-2007,行政区划代码,421181,麻城市,
2,国家标准代码,GB/T 2260-2007,行政区划代码,421182,武穴市,
2,国家标准代码,GB/T 2260-2007,行政区划代码,421200,咸宁市,
2,国家标准代码,GB/T 2260-2007,行政区划代码,421202,咸安区,
2,国家标准代码,GB/T 2260-2007,行政区划代码,421221,嘉鱼县,
2,国家标准代码,GB/T 2260-2007,行政区划代码,421222,通城县,
2,国家标准代码,GB/T 2260-2007,行政区划代码,421223,崇阳县,
2,国家标准代码,GB/T 2260-2007,行政区划代码,421224,通山县,
2,国家标准代码,GB/T 2260-2007,行政区划代码,421281,赤壁市,
2,国家标准代码,GB/T 2260-2007,行政区划代码,421300,随州市,
2,国家标准代码,GB/T 2260-2007,行政区划代码,421303,曾都区,
2,国家标准代码,GB/T 2260-2007,行政区划代码,421321,随县,
2,国家标准代码,GB/T 2260-2007,行政区划代码,421381,广水市,
2,国家标准代码,GB/T 2260-2007,行政区划代码,422800,恩施土家族苗族自治州,
2,国家标准代码,GB/T 2260-2007,行政区划代码,422801,恩施市,
2,国家标准代码,GB/T 2260-2007,行政区划代码,422802,利川市,
2,国家标准代码,GB/T 2260-2007,行政区划代码,422822,建始县,
2,国家标准代码,GB/T 2260-2007,行政区划代码,422823,巴东县,
2,国家标准代码,GB/T 2260-2007,行政区划代码,422825,宣恩县,
2,国家标准代码,GB/T 2260-2007,行政区划代码,422826,咸丰县,
2,国家标准代码,GB/T 2260-2007,行政区划代码,422827,来凤县,
2,国家标准代码,GB/T 2260-2007,行政区划代码,422828,鹤峰县,
2,国家标准代码,GB/T 2260-2007,行政区划代码,429004,仙桃市,
2,国家标准代码,GB/T 2260-2007,行政区划代码,429005,潜江市,
2,国家标准代码,GB/T 2260-2007,行政区划代码,429006,天门市,
2,国家标准代码,GB/T 2260-2007,行政区划代码,429021,神农架林区,
2,国家标准代码,GB/T 2260-2007,行政区划代码,430000,湖南省,
2,国家标准代码,GB/T 2260-2007,行政区划代码,430100,长沙市,
2,国家标准代码,GB/T 2260-2007,行政区划代码,430102,芙蓉区,
2,国家标准代码,GB/T 2260-2007,行政区划代码,430103,天心区,
2,国家标准代码,GB/T 2260-2007,行政区划代码,430104,岳麓区,
2,国家标准代码,GB/T 2260-2007,行政区划代码,430105,开福区,
2,国家标准代码,GB/T 2260-2007,行政区划代码,430111,雨花区,
2,国家标准代码,GB/T 2260-2007,行政区划代码,430112,望城区,
2,国家标准代码,GB/T 2260-2007,行政区划代码,430121,长沙县,
2,国家标准代码,GB/T 2260-2007,行政区划代码,430122,望城县,
2,国家标准代码,GB/T 2260-2007,行政区划代码,430124,宁乡县,
2,国家标准代码,GB/T 2260-2007,行政区划代码,430140,长沙市高新区,
2,国家标准代码,GB/T 2260-2007,行政区划代码,430181,浏阳市,
2,国家标准代码,GB/T 2260-2007,行政区划代码,430182,宁乡市,
2,国家标准代码,GB/T 2260-2007,行政区划代码,430199,长沙市市本级,
2,国家标准代码,GB/T 2260-2007,行政区划代码,430200,株洲市,
2,国家标准代码,GB/T 2260-2007,行政区划代码,430202,荷塘区,
2,国家标准代码,GB/T 2260-2007,行政区划代码,430203,芦淞区,
2,国家标准代码,GB/T 2260-2007,行政区划代码,430204,石峰区,
2,国家标准代码,GB/T 2260-2007,行政区划代码,430211,天元区,
2,国家标准代码,GB/T 2260-2007,行政区划代码,430212,渌口区,
2,国家标准代码,GB/T 2260-2007,行政区划代码,430221,株洲县,
2,国家标准代码,GB/T 2260-2007,行政区划代码,430223,攸县,
2,国家标准代码,GB/T 2260-2007,行政区划代码,430224,茶陵县,
2,国家标准代码,GB/T 2260-2007,行政区划代码,430225,炎陵县,
2,国家标准代码,GB/T 2260-2007,行政区划代码,430240,云龙示范区,
2,国家标准代码,GB/T 2260-2007,行政区划代码,430281,醴陵市,
2,国家标准代码,GB/T 2260-2007,行政区划代码,430299,株洲市市本级,
2,国家标准代码,GB/T 2260-2007,行政区划代码,430300,湘潭市,
2,国家标准代码,GB/T 2260-2007,行政区划代码,430302,雨湖区,
2,国家标准代码,GB/T 2260-2007,行政区划代码,430304,岳塘区,
2,国家标准代码,GB/T 2260-2007,行政区划代码,430321,湘潭县,
2,国家标准代码,GB/T 2260-2007,行政区划代码,430340,高新区,
2,国家标准代码,GB/T 2260-2007,行政区划代码,430341,湘潭经济技术开发区,
2,国家标准代码,GB/T 2260-2007,行政区划代码,430381,湘乡市,
2,国家标准代码,GB/T 2260-2007,行政区划代码,430382,韶山市,
2,国家标准代码,GB/T 2260-2007,行政区划代码,430399,湘潭市市本级,
2,国家标准代码,GB/T 2260-2007,行政区划代码,430400,衡阳市,
2,国家标准代码,GB/T 2260-2007,行政区划代码,430405,珠晖区,
2,国家标准代码,GB/T 2260-2007,行政区划代码,430406,雁峰区,
2,国家标准代码,GB/T 2260-2007,行政区划代码,430407,石鼓区,
2,国家标准代码,GB/T 2260-2007,行政区划代码,430408,蒸湘区,
2,国家标准代码,GB/T 2260-2007,行政区划代码,430409,高新技术开发区,
2,国家标准代码,GB/T 2260-2007,行政区划代码,430412,南岳区,
2,国家标准代码,GB/T 2260-2007,行政区划代码,430421,衡阳县,
2,国家标准代码,GB/T 2260-2007,行政区划代码,430422,衡南县,
2,国家标准代码,GB/T 2260-2007,行政区划代码,430423,衡山县,
2,国家标准代码,GB/T 2260-2007,行政区划代码,430424,衡东县,
2,国家标准代码,GB/T 2260-2007,行政区划代码,430426,祁东县,
2,国家标准代码,GB/T 2260-2007,行政区划代码,430481,耒阳市,
2,国家标准代码,GB/T 2260-2007,行政区划代码,430482,常宁市,
2,国家标准代码,GB/T 2260-2007,行政区划代码,430499,衡阳市市本级,
2,国家标准代码,GB/T 2260-2007,行政区划代码,430500,邵阳市,
2,国家标准代码,GB/T 2260-2007,行政区划代码,430502,双清区,
2,国家标准代码,GB/T 2260-2007,行政区划代码,430503,大祥区,
2,国家标准代码,GB/T 2260-2007,行政区划代码,430511,北塔区,
2,国家标准代码,GB/T 2260-2007,行政区划代码,430521,邵东县,
2,国家标准代码,GB/T 2260-2007,行政区划代码,430522,新邵县,
2,国家标准代码,GB/T 2260-2007,行政区划代码,430523,邵阳县,
2,国家标准代码,GB/T 2260-2007,行政区划代码,430524,隆回县,
2,国家标准代码,GB/T 2260-2007,行政区划代码,430525,洞口县,
2,国家标准代码,GB/T 2260-2007,行政区划代码,430527,绥宁县,
2,国家标准代码,GB/T 2260-2007,行政区划代码,430528,新宁县,
2,国家标准代码,GB/T 2260-2007,行政区划代码,430529,城步苗族自治县,
2,国家标准代码,GB/T 2260-2007,行政区划代码,430581,武冈市,
2,国家标准代码,GB/T 2260-2007,行政区划代码,430582,邵东市,
2,国家标准代码,GB/T 2260-2007,行政区划代码,430599,邵阳市市本级,
2,国家标准代码,GB/T 2260-2007,行政区划代码,430600,岳阳市,
2,国家标准代码,GB/T 2260-2007,行政区划代码,430602,岳阳楼区,
2,国家标准代码,GB/T 2260-2007,行政区划代码,430603,云溪区,
2,国家标准代码,GB/T 2260-2007,行政区划代码,430611,君山区,
2,国家标准代码,GB/T 2260-2007,行政区划代码,430621,岳阳县,
2,国家标准代码,GB/T 2260-2007,行政区划代码,430623,华容县,
2,国家标准代码,GB/T 2260-2007,行政区划代码,430624,湘阴县,
2,国家标准代码,GB/T 2260-2007,行政区划代码,430626,平江县,
2,国家标准代码,GB/T 2260-2007,行政区划代码,430640,开发区,
2,国家标准代码,GB/T 2260-2007,行政区划代码,430641,屈原区,
2,国家标准代码,GB/T 2260-2007,行政区划代码,430642,南湖旅游度假区,
2,国家标准代码,GB/T 2260-2007,行政区划代码,430681,汨罗市,
2,国家标准代码,GB/T 2260-2007,行政区划代码,430682,临湘市,
2,国家标准代码,GB/T 2260-2007,行政区划代码,430699,岳阳市市本级,
2,国家标准代码,GB/T 2260-2007,行政区划代码,430700,常德市,
2,国家标准代码,GB/T 2260-2007,行政区划代码,430702,武陵区,
2,国家标准代码,GB/T 2260-2007,行政区划代码,430703,鼎城区,
2,国家标准代码,GB/T 2260-2007,行政区划代码,430721,安乡县,
2,国家标准代码,GB/T 2260-2007,行政区划代码,430722,汉寿县,
2,国家标准代码,GB/T 2260-2007,行政区划代码,430723,澧县,
2,国家标准代码,GB/T 2260-2007,行政区划代码,430724,临澧县,
2,国家标准代码,GB/T 2260-2007,行政区划代码,430725,桃源县,
2,国家标准代码,GB/T 2260-2007,行政区划代码,430726,石门县,
2,国家标准代码,GB/T 2260-2007,行政区划代码,430740,洞庭湖区,
2,国家标准代码,GB/T 2260-2007,行政区划代码,430741,西湖区,
2,国家标准代码,GB/T 2260-2007,行政区划代码,430742,桃花源管理区,
2,国家标准代码,GB/T 2260-2007,行政区划代码,430781,津市市,
2,国家标准代码,GB/T 2260-2007,行政区划代码,430796,常德经济技术开发区,
2,国家标准代码,GB/T 2260-2007,行政区划代码,430797,柳叶湖管理区,
2,国家标准代码,GB/T 2260-2007,行政区划代码,430799,常德市市本级,
2,国家标准代码,GB/T 2260-2007,行政区划代码,430800,张家界市,
2,国家标准代码,GB/T 2260-2007,行政区划代码,430802,永定区,
2,国家标准代码,GB/T 2260-2007,行政区划代码,430811,武陵源区,
2,国家标准代码,GB/T 2260-2007,行政区划代码,430821,慈利县,
2,国家标准代码,GB/T 2260-2007,行政区划代码,430822,桑植县,
2,国家标准代码,GB/T 2260-2007,行政区划代码,430899,张家界市市本级,
2,国家标准代码,GB/T 2260-2007,行政区划代码,430900,益阳市,
2,国家标准代码,GB/T 2260-2007,行政区划代码,430902,资阳区,
2,国家标准代码,GB/T 2260-2007,行政区划代码,430903,赫山区,
2,国家标准代码,GB/T 2260-2007,行政区划代码,430921,南县,
2,国家标准代码,GB/T 2260-2007,行政区划代码,430922,桃江县,
2,国家标准代码,GB/T 2260-2007,行政区划代码,430923,安化县,
2,国家标准代码,GB/T 2260-2007,行政区划代码,430940,大通湖区,
2,国家标准代码,GB/T 2260-2007,行政区划代码,430981,沅江市,
2,国家标准代码,GB/T 2260-2007,行政区划代码,430997,高新区,
2,国家标准代码,GB/T 2260-2007,行政区划代码,430999,益阳市市本级,
2,国家标准代码,GB/T 2260-2007,行政区划代码,431000,郴州市,
2,国家标准代码,GB/T 2260-2007,行政区划代码,431002,北湖区,
2,国家标准代码,GB/T 2260-2007,行政区划代码,431003,苏仙区,
2,国家标准代码,GB/T 2260-2007,行政区划代码,431021,桂阳县,
2,国家标准代码,GB/T 2260-2007,行政区划代码,431022,宜章县,
2,国家标准代码,GB/T 2260-2007,行政区划代码,431023,永兴县,
2,国家标准代码,GB/T 2260-2007,行政区划代码,431024,嘉禾县,
2,国家标准代码,GB/T 2260-2007,行政区划代码,431025,临武县,
2,国家标准代码,GB/T 2260-2007,行政区划代码,431026,汝城县,
2,国家标准代码,GB/T 2260-2007,行政区划代码,431027,桂东县,
2,国家标准代码,GB/T 2260-2007,行政区划代码,431028,安仁县,
2,国家标准代码,GB/T 2260-2007,行政区划代码,431081,资兴市,
2,国家标准代码,GB/T 2260-2007,行政区划代码,431100,永州市,
2,国家标准代码,GB/T 2260-2007,行政区划代码,431102,零陵区,
2,国家标准代码,GB/T 2260-2007,行政区划代码,431103,冷水滩区,
2,国家标准代码,GB/T 2260-2007,行政区划代码,431122,东安县,
2,国家标准代码,GB/T 2260-2007,行政区划代码,431123,双牌县,
2,国家标准代码,GB/T 2260-2007,行政区划代码,431124,道县,
2,国家标准代码,GB/T 2260-2007,行政区划代码,431125,江永县,
2,国家标准代码,GB/T 2260-2007,行政区划代码,431126,宁远县,
2,国家标准代码,GB/T 2260-2007,行政区划代码,431127,蓝山县,
2,国家标准代码,GB/T 2260-2007,行政区划代码,431128,新田县,
2,国家标准代码,GB/T 2260-2007,行政区划代码,431129,江华瑶族自治县,
2,国家标准代码,GB/T 2260-2007,行政区划代码,431181,祁阳市,
2,国家标准代码,GB/T 2260-2007,行政区划代码,431200,怀化市,
2,国家标准代码,GB/T 2260-2007,行政区划代码,431202,鹤城区,
2,国家标准代码,GB/T 2260-2007,行政区划代码,431221,中方县,
2,国家标准代码,GB/T 2260-2007,行政区划代码,431222,沅陵县,
2,国家标准代码,GB/T 2260-2007,行政区划代码,431223,辰溪县,
2,国家标准代码,GB/T 2260-2007,行政区划代码,431224,溆浦县,
2,国家标准代码,GB/T 2260-2007,行政区划代码,431225,会同县,
2,国家标准代码,GB/T 2260-2007,行政区划代码,431226,麻阳苗族自治县,
2,国家标准代码,GB/T 2260-2007,行政区划代码,431227,新晃侗族自治县,
2,国家标准代码,GB/T 2260-2007,行政区划代码,431228,芷江侗族自治县,
2,国家标准代码,GB/T 2260-2007,行政区划代码,431229,靖州苗族侗族自治县,
2,国家标准代码,GB/T 2260-2007,行政区划代码,431230,通道侗族自治县,
2,国家标准代码,GB/T 2260-2007,行政区划代码,431281,洪江市,
2,国家标准代码,GB/T 2260-2007,行政区划代码,431300,娄底市,
2,国家标准代码,GB/T 2260-2007,行政区划代码,431302,娄星区,
2,国家标准代码,GB/T 2260-2007,行政区划代码,431321,双峰县,
2,国家标准代码,GB/T 2260-2007,行政区划代码,431322,新化县,
2,国家标准代码,GB/T 2260-2007,行政区划代码,431381,冷水江市,
2,国家标准代码,GB/T 2260-2007,行政区划代码,431382,涟源市,
2,国家标准代码,GB/T 2260-2007,行政区划代码,433100,湘西土家族苗族自治州,
2,国家标准代码,GB/T 2260-2007,行政区划代码,433101,吉首市,
2,国家标准代码,GB/T 2260-2007,行政区划代码,433122,泸溪县,
2,国家标准代码,GB/T 2260-2007,行政区划代码,433123,凤凰县,
2,国家标准代码,GB/T 2260-2007,行政区划代码,433124,花垣县,
2,国家标准代码,GB/T 2260-2007,行政区划代码,433125,保靖县,
2,国家标准代码,GB/T 2260-2007,行政区划代码,433126,古丈县,
2,国家标准代码,GB/T 2260-2007,行政区划代码,433127,永顺县,
2,国家标准代码,GB/T 2260-2007,行政区划代码,433130,龙山县,
2,国家标准代码,GB/T 2260-2007,行政区划代码,440000,广东省,
2,国家标准代码,GB/T 2260-2007,行政区划代码,440100,广州市,
2,国家标准代码,GB/T 2260-2007,行政区划代码,440103,荔湾区,
2,国家标准代码,GB/T 2260-2007,行政区划代码,440104,越秀区,
2,国家标准代码,GB/T 2260-2007,行政区划代码,440105,海珠区,
2,国家标准代码,GB/T 2260-2007,行政区划代码,440106,天河区,
2,国家标准代码,GB/T 2260-2007,行政区划代码,440111,白云区,
2,国家标准代码,GB/T 2260-2007,行政区划代码,440112,黄埔区,
2,国家标准代码,GB/T 2260-2007,行政区划代码,440113,番禺区,
2,国家标准代码,GB/T 2260-2007,行政区划代码,440114,花都区,
2,国家标准代码,GB/T 2260-2007,行政区划代码,440115,南沙区,
2,国家标准代码,GB/T 2260-2007,行政区划代码,440117,从化区,
2,国家标准代码,GB/T 2260-2007,行政区划代码,440118,增城区,
2,国家标准代码,GB/T 2260-2007,行政区划代码,440200,韶关市,
2,国家标准代码,GB/T 2260-2007,行政区划代码,440203,武江区,
2,国家标准代码,GB/T 2260-2007,行政区划代码,440204,浈江区,
2,国家标准代码,GB/T 2260-2007,行政区划代码,440205,曲江区,
2,国家标准代码,GB/T 2260-2007,行政区划代码,440222,始兴县,
2,国家标准代码,GB/T 2260-2007,行政区划代码,440224,仁化县,
2,国家标准代码,GB/T 2260-2007,行政区划代码,440229,翁源县,
2,国家标准代码,GB/T 2260-2007,行政区划代码,440232,乳源瑶族自治县,
2,国家标准代码,GB/T 2260-2007,行政区划代码,440233,新丰县,
2,国家标准代码,GB/T 2260-2007,行政区划代码,440281,乐昌市,
2,国家标准代码,GB/T 2260-2007,行政区划代码,440282,南雄市,
2,国家标准代码,GB/T 2260-2007,行政区划代码,440300,深圳市,
2,国家标准代码,GB/T 2260-2007,行政区划代码,440303,罗湖区,
2,国家标准代码,GB/T 2260-2007,行政区划代码,440304,福田区,
2,国家标准代码,GB/T 2260-2007,行政区划代码,440305,南山区,
2,国家标准代码,GB/T 2260-2007,行政区划代码,440306,宝安区,
2,国家标准代码,GB/T 2260-2007,行政区划代码,440307,龙岗区,
2,国家标准代码,GB/T 2260-2007,行政区划代码,440308,盐田区,
2,国家标准代码,GB/T 2260-2007,行政区划代码,440309,龙华区,
2,国家标准代码,GB/T 2260-2007,行政区划代码,440310,坪山区,
2,国家标准代码,GB/T 2260-2007,行政区划代码,440311,光明区,
2,国家标准代码,GB/T 2260-2007,行政区划代码,440400,珠海市,
2,国家标准代码,GB/T 2260-2007,行政区划代码,440402,香洲区,
2,国家标准代码,GB/T 2260-2007,行政区划代码,440403,斗门区,
2,国家标准代码,GB/T 2260-2007,行政区划代码,440404,金湾区,
2,国家标准代码,GB/T 2260-2007,行政区划代码,440500,汕头市,
2,国家标准代码,GB/T 2260-2007,行政区划代码,440507,龙湖区,
2,国家标准代码,GB/T 2260-2007,行政区划代码,440511,金平区,
2,国家标准代码,GB/T 2260-2007,行政区划代码,440512,濠江区,
2,国家标准代码,GB/T 2260-2007,行政区划代码,440513,潮阳区,
2,国家标准代码,GB/T 2260-2007,行政区划代码,440514,潮南区,
2,国家标准代码,GB/T 2260-2007,行政区划代码,440515,澄海区,
2,国家标准代码,GB/T 2260-2007,行政区划代码,440523,南澳县,
2,国家标准代码,GB/T 2260-2007,行政区划代码,440600,佛山市,
2,国家标准代码,GB/T 2260-2007,行政区划代码,440604,禅城区,
2,国家标准代码,GB/T 2260-2007,行政区划代码,440605,南海区,
2,国家标准代码,GB/T 2260-2007,行政区划代码,440606,顺德区,
2,国家标准代码,GB/T 2260-2007,行政区划代码,440607,三水区,
2,国家标准代码,GB/T 2260-2007,行政区划代码,440608,高明区,
2,国家标准代码,GB/T 2260-2007,行政区划代码,440700,江门市,
2,国家标准代码,GB/T 2260-2007,行政区划代码,440703,蓬江区,
2,国家标准代码,GB/T 2260-2007,行政区划代码,440704,江海区,
2,国家标准代码,GB/T 2260-2007,行政区划代码,440705,新会区,
2,国家标准代码,GB/T 2260-2007,行政区划代码,440781,台山市,
2,国家标准代码,GB/T 2260-2007,行政区划代码,440783,开平市,
2,国家标准代码,GB/T 2260-2007,行政区划代码,440784,鹤山市,
2,国家标准代码,GB/T 2260-2007,行政区划代码,440785,恩平市,
2,国家标准代码,GB/T 2260-2007,行政区划代码,440800,湛江市,
2,国家标准代码,GB/T 2260-2007,行政区划代码,440802,赤坎区,
2,国家标准代码,GB/T 2260-2007,行政区划代码,440803,霞山区,
2,国家标准代码,GB/T 2260-2007,行政区划代码,440804,坡头区,
2,国家标准代码,GB/T 2260-2007,行政区划代码,440811,麻章区,
2,国家标准代码,GB/T 2260-2007,行政区划代码,440823,遂溪县,
2,国家标准代码,GB/T 2260-2007,行政区划代码,440825,徐闻县,
2,国家标准代码,GB/T 2260-2007,行政区划代码,440881,廉江市,
2,国家标准代码,GB/T 2260-2007,行政区划代码,440882,雷州市,
2,国家标准代码,GB/T 2260-2007,行政区划代码,440883,吴川市,
2,国家标准代码,GB/T 2260-2007,行政区划代码,440900,茂名市,
2,国家标准代码,GB/T 2260-2007,行政区划代码,440902,茂南区,
2,国家标准代码,GB/T 2260-2007,行政区划代码,440904,电白区,
2,国家标准代码,GB/T 2260-2007,行政区划代码,440981,高州市,
2,国家标准代码,GB/T 2260-2007,行政区划代码,440982,化州市,
2,国家标准代码,GB/T 2260-2007,行政区划代码,440983,信宜市,
2,国家标准代码,GB/T 2260-2007,行政区划代码,441200,肇庆市,
2,国家标准代码,GB/T 2260-2007,行政区划代码,441202,端州区,
2,国家标准代码,GB/T 2260-2007,行政区划代码,441203,鼎湖区,
2,国家标准代码,GB/T 2260-2007,行政区划代码,441204,高要区,
2,国家标准代码,GB/T 2260-2007,行政区划代码,441223,广宁县,
2,国家标准代码,GB/T 2260-2007,行政区划代码,441224,怀集县,
2,国家标准代码,GB/T 2260-2007,行政区划代码,441225,封开县,
2,国家标准代码,GB/T 2260-2007,行政区划代码,441226,德庆县,
2,国家标准代码,GB/T 2260-2007,行政区划代码,441284,四会市,
2,国家标准代码,GB/T 2260-2007,行政区划代码,441300,惠州市,
2,国家标准代码,GB/T 2260-2007,行政区划代码,441302,惠城区,
2,国家标准代码,GB/T 2260-2007,行政区划代码,441303,惠阳区,
2,国家标准代码,GB/T 2260-2007,行政区划代码,441322,博罗县,
2,国家标准代码,GB/T 2260-2007,行政区划代码,441323,惠东县,
2,国家标准代码,GB/T 2260-2007,行政区划代码,441324,龙门县,
2,国家标准代码,GB/T 2260-2007,行政区划代码,441400,梅州市,
2,国家标准代码,GB/T 2260-2007,行政区划代码,441402,梅江区,
2,国家标准代码,GB/T 2260-2007,行政区划代码,441403,梅县区,
2,国家标准代码,GB/T 2260-2007,行政区划代码,441422,大埔县,
2,国家标准代码,GB/T 2260-2007,行政区划代码,441423,丰顺县,
2,国家标准代码,GB/T 2260-2007,行政区划代码,441424,五华县,
2,国家标准代码,GB/T 2260-2007,行政区划代码,441426,平远县,
2,国家标准代码,GB/T 2260-2007,行政区划代码,441427,蕉岭县,
2,国家标准代码,GB/T 2260-2007,行政区划代码,441481,兴宁市,
2,国家标准代码,GB/T 2260-2007,行政区划代码,441500,汕尾市,
2,国家标准代码,GB/T 2260-2007,行政区划代码,441502,城区,
2,国家标准代码,GB/T 2260-2007,行政区划代码,441521,海丰县,
2,国家标准代码,GB/T 2260-2007,行政区划代码,441523,陆河县,
2,国家标准代码,GB/T 2260-2007,行政区划代码,441581,陆丰市,
2,国家标准代码,GB/T 2260-2007,行政区划代码,441600,河源市,
2,国家标准代码,GB/T 2260-2007,行政区划代码,441602,源城区,
2,国家标准代码,GB/T 2260-2007,行政区划代码,441621,紫金县,
2,国家标准代码,GB/T 2260-2007,行政区划代码,441622,龙川县,
2,国家标准代码,GB/T 2260-2007,行政区划代码,441623,连平县,
2,国家标准代码,GB/T 2260-2007,行政区划代码,441624,和平县,
2,国家标准代码,GB/T 2260-2007,行政区划代码,441625,东源县,
2,国家标准代码,GB/T 2260-2007,行政区划代码,441700,阳江市,
2,国家标准代码,GB/T 2260-2007,行政区划代码,441702,江城区,
2,国家标准代码,GB/T 2260-2007,行政区划代码,441704,阳东区,
2,国家标准代码,GB/T 2260-2007,行政区划代码,441721,阳西县,
2,国家标准代码,GB/T 2260-2007,行政区划代码,441781,阳春市,
2,国家标准代码,GB/T 2260-2007,行政区划代码,441800,清远市,
2,国家标准代码,GB/T 2260-2007,行政区划代码,441802,清城区,
2,国家标准代码,GB/T 2260-2007,行政区划代码,441803,清新区,
2,国家标准代码,GB/T 2260-2007,行政区划代码,441821,佛冈县,
2,国家标准代码,GB/T 2260-2007,行政区划代码,441823,阳山县,
2,国家标准代码,GB/T 2260-2007,行政区划代码,441825,连山壮族瑶族自治县,
2,国家标准代码,GB/T 2260-2007,行政区划代码,441826,连南瑶族自治县,
2,国家标准代码,GB/T 2260-2007,行政区划代码,441881,英德市,
2,国家标准代码,GB/T 2260-2007,行政区划代码,441882,连州市,
2,国家标准代码,GB/T 2260-2007,行政区划代码,441900,东莞市,
2,国家标准代码,GB/T 2260-2007,行政区划代码,442000,中山市,
2,国家标准代码,GB/T 2260-2007,行政区划代码,445100,潮州市,
2,国家标准代码,GB/T 2260-2007,行政区划代码,445102,湘桥区,
2,国家标准代码,GB/T 2260-2007,行政区划代码,445103,潮安区,
2,国家标准代码,GB/T 2260-2007,行政区划代码,445122,饶平县,
2,国家标准代码,GB/T 2260-2007,行政区划代码,445200,揭阳市,
2,国家标准代码,GB/T 2260-2007,行政区划代码,445202,榕城区,
2,国家标准代码,GB/T 2260-2007,行政区划代码,445203,揭东区,
2,国家标准代码,GB/T 2260-2007,行政区划代码,445222,揭西县,
2,国家标准代码,GB/T 2260-2007,行政区划代码,445224,惠来县,
2,国家标准代码,GB/T 2260-2007,行政区划代码,445281,普宁市,
2,国家标准代码,GB/T 2260-2007,行政区划代码,445300,云浮市,
2,国家标准代码,GB/T 2260-2007,行政区划代码,445302,云城区,
2,国家标准代码,GB/T 2260-2007,行政区划代码,445303,云安区,
2,国家标准代码,GB/T 2260-2007,行政区划代码,445321,新兴县,
2,国家标准代码,GB/T 2260-2007,行政区划代码,445322,郁南县,
2,国家标准代码,GB/T 2260-2007,行政区划代码,445381,罗定市,
2,国家标准代码,GB/T 2260-2007,行政区划代码,450000,广西壮族自治区,
2,国家标准代码,GB/T 2260-2007,行政区划代码,450100,南宁市,
2,国家标准代码,GB/T 2260-2007,行政区划代码,450102,兴宁区,
2,国家标准代码,GB/T 2260-2007,行政区划代码,450103,青秀区,
2,国家标准代码,GB/T 2260-2007,行政区划代码,450105,江南区,
2,国家标准代码,GB/T 2260-2007,行政区划代码,450107,西乡塘区,
2,国家标准代码,GB/T 2260-2007,行政区划代码,450108,良庆区,
2,国家标准代码,GB/T 2260-2007,行政区划代码,450109,邕宁区,
2,国家标准代码,GB/T 2260-2007,行政区划代码,450110,武鸣区,
2,国家标准代码,GB/T 2260-2007,行政区划代码,450123,隆安县,
2,国家标准代码,GB/T 2260-2007,行政区划代码,450124,马山县,
2,国家标准代码,GB/T 2260-2007,行政区划代码,450125,上林县,
2,国家标准代码,GB/T 2260-2007,行政区划代码,450126,宾阳县,
2,国家标准代码,GB/T 2260-2007,行政区划代码,450181,横州市,
2,国家标准代码,GB/T 2260-2007,行政区划代码,450200,柳州市,
2,国家标准代码,GB/T 2260-2007,行政区划代码,450202,城中区,
2,国家标准代码,GB/T 2260-2007,行政区划代码,450203,鱼峰区,
2,国家标准代码,GB/T 2260-2007,行政区划代码,450204,柳南区,
2,国家标准代码,GB/T 2260-2007,行政区划代码,450205,柳北区,
2,国家标准代码,GB/T 2260-2007,行政区划代码,450206,柳江区,
2,国家标准代码,GB/T 2260-2007,行政区划代码,450222,柳城县,
2,国家标准代码,GB/T 2260-2007,行政区划代码,450223,鹿寨县,
2,国家标准代码,GB/T 2260-2007,行政区划代码,450224,融安县,
2,国家标准代码,GB/T 2260-2007,行政区划代码,450225,融水苗族自治县,
2,国家标准代码,GB/T 2260-2007,行政区划代码,450226,三江侗族自治县,
2,国家标准代码,GB/T 2260-2007,行政区划代码,450300,桂林市,
2,国家标准代码,GB/T 2260-2007,行政区划代码,450302,秀峰区,
2,国家标准代码,GB/T 2260-2007,行政区划代码,450303,叠彩区,
2,国家标准代码,GB/T 2260-2007,行政区划代码,450304,象山区,
2,国家标准代码,GB/T 2260-2007,行政区划代码,450305,七星区,
2,国家标准代码,GB/T 2260-2007,行政区划代码,450311,雁山区,
2,国家标准代码,GB/T 2260-2007,行政区划代码,450312,临桂区,
2,国家标准代码,GB/T 2260-2007,行政区划代码,450321,阳朔县,
2,国家标准代码,GB/T 2260-2007,行政区划代码,450323,灵川县,
2,国家标准代码,GB/T 2260-2007,行政区划代码,450324,全州县,
2,国家标准代码,GB/T 2260-2007,行政区划代码,450325,兴安县,
2,国家标准代码,GB/T 2260-2007,行政区划代码,450326,永福县,
2,国家标准代码,GB/T 2260-2007,行政区划代码,450327,灌阳县,
2,国家标准代码,GB/T 2260-2007,行政区划代码,450328,龙胜各族自治县,
2,国家标准代码,GB/T 2260-2007,行政区划代码,450329,资源县,
2,国家标准代码,GB/T 2260-2007,行政区划代码,450330,平乐县,
2,国家标准代码,GB/T 2260-2007,行政区划代码,450332,恭城瑶族自治县,
2,国家标准代码,GB/T 2260-2007,行政区划代码,450381,荔浦市,
2,国家标准代码,GB/T 2260-2007,行政区划代码,450400,梧州市,
2,国家标准代码,GB/T 2260-2007,行政区划代码,450403,万秀区,
2,国家标准代码,GB/T 2260-2007,行政区划代码,450405,长洲区,
2,国家标准代码,GB/T 2260-2007,行政区划代码,450406,龙圩区,
2,国家标准代码,GB/T 2260-2007,行政区划代码,450421,苍梧县,
2,国家标准代码,GB/T 2260-2007,行政区划代码,450422,藤县,
2,国家标准代码,GB/T 2260-2007,行政区划代码,450423,蒙山县,
2,国家标准代码,GB/T 2260-2007,行政区划代码,450481,岑溪市,
2,国家标准代码,GB/T 2260-2007,行政区划代码,450500,北海市,
2,国家标准代码,GB/T 2260-2007,行政区划代码,450502,海城区,
2,国家标准代码,GB/T 2260-2007,行政区划代码,450503,银海区,
2,国家标准代码,GB/T 2260-2007,行政区划代码,450512,铁山港区,
2,国家标准代码,GB/T 2260-2007,行政区划代码,450521,合浦县,
2,国家标准代码,GB/T 2260-2007,行政区划代码,450600,防城港市,
2,国家标准代码,GB/T 2260-2007,行政区划代码,450602,港口区,
2,国家标准代码,GB/T 2260-2007,行政区划代码,450603,防城区,
2,国家标准代码,GB/T 2260-2007,行政区划代码,450621,上思县,
2,国家标准代码,GB/T 2260-2007,行政区划代码,450681,东兴市,
2,国家标准代码,GB/T 2260-2007,行政区划代码,450700,钦州市,
2,国家标准代码,GB/T 2260-2007,行政区划代码,450702,钦南区,
2,国家标准代码,GB/T 2260-2007,行政区划代码,450703,钦北区,
2,国家标准代码,GB/T 2260-2007,行政区划代码,450721,灵山县,
2,国家标准代码,GB/T 2260-2007,行政区划代码,450722,浦北县,
2,国家标准代码,GB/T 2260-2007,行政区划代码,450800,贵港市,
2,国家标准代码,GB/T 2260-2007,行政区划代码,450802,港北区,
2,国家标准代码,GB/T 2260-2007,行政区划代码,450803,港南区,
2,国家标准代码,GB/T 2260-2007,行政区划代码,450804,覃塘区,
2,国家标准代码,GB/T 2260-2007,行政区划代码,450821,平南县,
2,国家标准代码,GB/T 2260-2007,行政区划代码,450881,桂平市,
2,国家标准代码,GB/T 2260-2007,行政区划代码,450900,玉林市,
2,国家标准代码,GB/T 2260-2007,行政区划代码,450902,玉州区,
2,国家标准代码,GB/T 2260-2007,行政区划代码,450903,福绵区,
2,国家标准代码,GB/T 2260-2007,行政区划代码,450921,容县,
2,国家标准代码,GB/T 2260-2007,行政区划代码,450922,陆川县,
2,国家标准代码,GB/T 2260-2007,行政区划代码,450923,博白县,
2,国家标准代码,GB/T 2260-2007,行政区划代码,450924,兴业县,
2,国家标准代码,GB/T 2260-2007,行政区划代码,450981,北流市,
2,国家标准代码,GB/T 2260-2007,行政区划代码,451000,百色市,
2,国家标准代码,GB/T 2260-2007,行政区划代码,451002,右江区,
2,国家标准代码,GB/T 2260-2007,行政区划代码,451003,田阳区,
2,国家标准代码,GB/T 2260-2007,行政区划代码,451022,田东县,
2,国家标准代码,GB/T 2260-2007,行政区划代码,451024,德保县,
2,国家标准代码,GB/T 2260-2007,行政区划代码,451026,那坡县,
2,国家标准代码,GB/T 2260-2007,行政区划代码,451027,凌云县,
2,国家标准代码,GB/T 2260-2007,行政区划代码,451028,乐业县,
2,国家标准代码,GB/T 2260-2007,行政区划代码,451029,田林县,
2,国家标准代码,GB/T 2260-2007,行政区划代码,451030,西林县,
2,国家标准代码,GB/T 2260-2007,行政区划代码,451031,隆林各族自治县,
2,国家标准代码,GB/T 2260-2007,行政区划代码,451081,靖西市,
2,国家标准代码,GB/T 2260-2007,行政区划代码,451082,平果市,
2,国家标准代码,GB/T 2260-2007,行政区划代码,451100,贺州市,
2,国家标准代码,GB/T 2260-2007,行政区划代码,451102,八步区,
2,国家标准代码,GB/T 2260-2007,行政区划代码,451103,平桂区,
2,国家标准代码,GB/T 2260-2007,行政区划代码,451121,昭平县,
2,国家标准代码,GB/T 2260-2007,行政区划代码,451122,钟山县,
2,国家标准代码,GB/T 2260-2007,行政区划代码,451123,富川瑶族自治县,
2,国家标准代码,GB/T 2260-2007,行政区划代码,451200,河池市,
2,国家标准代码,GB/T 2260-2007,行政区划代码,451202,金城江区,
2,国家标准代码,GB/T 2260-2007,行政区划代码,451203,宜州区,
2,国家标准代码,GB/T 2260-2007,行政区划代码,451221,南丹县,
2,国家标准代码,GB/T 2260-2007,行政区划代码,451222,天峨县,
2,国家标准代码,GB/T 2260-2007,行政区划代码,451223,凤山县,
2,国家标准代码,GB/T 2260-2007,行政区划代码,451224,东兰县,
2,国家标准代码,GB/T 2260-2007,行政区划代码,451225,罗城仫佬族自治县,
2,国家标准代码,GB/T 2260-2007,行政区划代码,451226,环江毛南族自治县,
2,国家标准代码,GB/T 2260-2007,行政区划代码,451227,巴马瑶族自治县,
2,国家标准代码,GB/T 2260-2007,行政区划代码,451228,都安瑶族自治县,
2,国家标准代码,GB/T 2260-2007,行政区划代码,451229,大化瑶族自治县,
2,国家标准代码,GB/T 2260-2007,行政区划代码,451300,来宾市,
2,国家标准代码,GB/T 2260-2007,行政区划代码,451302,兴宾区,
2,国家标准代码,GB/T 2260-2007,行政区划代码,451321,忻城县,
2,国家标准代码,GB/T 2260-2007,行政区划代码,451322,象州县,
2,国家标准代码,GB/T 2260-2007,行政区划代码,451323,武宣县,
2,国家标准代码,GB/T 2260-2007,行政区划代码,451324,金秀瑶族自治县,
2,国家标准代码,GB/T 2260-2007,行政区划代码,451381,合山市,
2,国家标准代码,GB/T 2260-2007,行政区划代码,451400,崇左市,
2,国家标准代码,GB/T 2260-2007,行政区划代码,451402,江州区,
2,国家标准代码,GB/T 2260-2007,行政区划代码,451421,扶绥县,
2,国家标准代码,GB/T 2260-2007,行政区划代码,451422,宁明县,
2,国家标准代码,GB/T 2260-2007,行政区划代码,451423,龙州县,
2,国家标准代码,GB/T 2260-2007,行政区划代码,451424,大新县,
2,国家标准代码,GB/T 2260-2007,行政区划代码,451425,天等县,
2,国家标准代码,GB/T 2260-2007,行政区划代码,451481,凭祥市,
2,国家标准代码,GB/T 2260-2007,行政区划代码,460000,海南省,
2,国家标准代码,GB/T 2260-2007,行政区划代码,460100,海口市,
2,国家标准代码,GB/T 2260-2007,行政区划代码,460105,秀英区,
2,国家标准代码,GB/T 2260-2007,行政区划代码,460106,龙华区,
2,国家标准代码,GB/T 2260-2007,行政区划代码,460107,琼山区,
2,国家标准代码,GB/T 2260-2007,行政区划代码,460108,美兰区,
2,国家标准代码,GB/T 2260-2007,行政区划代码,460200,三亚市,
2,国家标准代码,GB/T 2260-2007,行政区划代码,460202,海棠区,
2,国家标准代码,GB/T 2260-2007,行政区划代码,460203,吉阳区,
2,国家标准代码,GB/T 2260-2007,行政区划代码,460204,天涯区,
2,国家标准代码,GB/T 2260-2007,行政区划代码,460205,崖州区,
2,国家标准代码,GB/T 2260-2007,行政区划代码,460300,三沙市,
2,国家标准代码,GB/T 2260-2007,行政区划代码,460400,儋州市,
2,国家标准代码,GB/T 2260-2007,行政区划代码,469001,五指山市,
2,国家标准代码,GB/T 2260-2007,行政区划代码,469002,琼海市,
2,国家标准代码,GB/T 2260-2007,行政区划代码,469005,文昌市,
2,国家标准代码,GB/T 2260-2007,行政区划代码,469006,万宁市,
2,国家标准代码,GB/T 2260-2007,行政区划代码,469007,东方市,
2,国家标准代码,GB/T 2260-2007,行政区划代码,469021,定安县,
2,国家标准代码,GB/T 2260-2007,行政区划代码,469022,屯昌县,
2,国家标准代码,GB/T 2260-2007,行政区划代码,469023,澄迈县,
2,国家标准代码,GB/T 2260-2007,行政区划代码,469024,临高县,
2,国家标准代码,GB/T 2260-2007,行政区划代码,469025,白沙黎族自治县,
2,国家标准代码,GB/T 2260-2007,行政区划代码,469026,昌江黎族自治县,
2,国家标准代码,GB/T 2260-2007,行政区划代码,469027,乐东黎族自治县,
2,国家标准代码,GB/T 2260-2007,行政区划代码,469028,陵水黎族自治县,
2,国家标准代码,GB/T 2260-2007,行政区划代码,469029,保亭黎族苗族自治县,
2,国家标准代码,GB/T 2260-2007,行政区划代码,469030,琼中黎族苗族自治县,
2,国家标准代码,GB/T 2260-2007,行政区划代码,500000,重庆市,
2,国家标准代码,GB/T 2260-2007,行政区划代码,500101,万州区,
2,国家标准代码,GB/T 2260-2007,行政区划代码,500102,涪陵区,
2,国家标准代码,GB/T 2260-2007,行政区划代码,500103,渝中区,
2,国家标准代码,GB/T 2260-2007,行政区划代码,500104,大渡口区,
2,国家标准代码,GB/T 2260-2007,行政区划代码,500105,江北区,
2,国家标准代码,GB/T 2260-2007,行政区划代码,500106,沙坪坝区,
2,国家标准代码,GB/T 2260-2007,行政区划代码,500107,九龙坡区,
2,国家标准代码,GB/T 2260-2007,行政区划代码,500108,南岸区,
2,国家标准代码,GB/T 2260-2007,行政区划代码,500109,北碚区,
2,国家标准代码,GB/T 2260-2007,行政区划代码,500110,綦江区,
2,国家标准代码,GB/T 2260-2007,行政区划代码,500111,大足区,
2,国家标准代码,GB/T 2260-2007,行政区划代码,500112,渝北区,
2,国家标准代码,GB/T 2260-2007,行政区划代码,500113,巴南区,
2,国家标准代码,GB/T 2260-2007,行政区划代码,500114,黔江区,
2,国家标准代码,GB/T 2260-2007,行政区划代码,500115,长寿区,
2,国家标准代码,GB/T 2260-2007,行政区划代码,500116,江津区,
2,国家标准代码,GB/T 2260-2007,行政区划代码,500117,合川区,
2,国家标准代码,GB/T 2260-2007,行政区划代码,500118,永川区,
2,国家标准代码,GB/T 2260-2007,行政区划代码,500119,南川区,
2,国家标准代码,GB/T 2260-2007,行政区划代码,500120,璧山区,
2,国家标准代码,GB/T 2260-2007,行政区划代码,500151,铜梁区,
2,国家标准代码,GB/T 2260-2007,行政区划代码,500152,潼南区,
2,国家标准代码,GB/T 2260-2007,行政区划代码,500153,荣昌区,
2,国家标准代码,GB/T 2260-2007,行政区划代码,500154,开州区,
2,国家标准代码,GB/T 2260-2007,行政区划代码,500155,梁平区,
2,国家标准代码,GB/T 2260-2007,行政区划代码,500156,武隆区,
2,国家标准代码,GB/T 2260-2007,行政区划代码,500229,城口县,
2,国家标准代码,GB/T 2260-2007,行政区划代码,500230,丰都县,
2,国家标准代码,GB/T 2260-2007,行政区划代码,500231,垫江县,
2,国家标准代码,GB/T 2260-2007,行政区划代码,500233,忠县,
2,国家标准代码,GB/T 2260-2007,行政区划代码,500235,云阳县,
2,国家标准代码,GB/T 2260-2007,行政区划代码,500236,奉节县,
2,国家标准代码,GB/T 2260-2007,行政区划代码,500237,巫山县,
2,国家标准代码,GB/T 2260-2007,行政区划代码,500238,巫溪县,
2,国家标准代码,GB/T 2260-2007,行政区划代码,500240,石柱土家族自治县,
2,国家标准代码,GB/T 2260-2007,行政区划代码,500241,秀山土家族苗族自治县,
2,国家标准代码,GB/T 2260-2007,行政区划代码,500242,酉阳土家族苗族自治县,
2,国家标准代码,GB/T 2260-2007,行政区划代码,500243,彭水苗族土家族自治县,
2,国家标准代码,GB/T 2260-2007,行政区划代码,510000,四川省,
2,国家标准代码,GB/T 2260-2007,行政区划代码,510100,成都市,
2,国家标准代码,GB/T 2260-2007,行政区划代码,510104,锦江区,
2,国家标准代码,GB/T 2260-2007,行政区划代码,510105,青羊区,
2,国家标准代码,GB/T 2260-2007,行政区划代码,510106,金牛区,
2,国家标准代码,GB/T 2260-2007,行政区划代码,510107,武侯区,
2,国家标准代码,GB/T 2260-2007,行政区划代码,510108,成华区,
2,国家标准代码,GB/T 2260-2007,行政区划代码,510112,龙泉驿区,
2,国家标准代码,GB/T 2260-2007,行政区划代码,510113,青白江区,
2,国家标准代码,GB/T 2260-2007,行政区划代码,510114,新都区,
2,国家标准代码,GB/T 2260-2007,行政区划代码,510115,温江区,
2,国家标准代码,GB/T 2260-2007,行政区划代码,510116,双流区,
2,国家标准代码,GB/T 2260-2007,行政区划代码,510117,郫都区,
2,国家标准代码,GB/T 2260-2007,行政区划代码,510118,新津区,
2,国家标准代码,GB/T 2260-2007,行政区划代码,510121,金堂县,
2,国家标准代码,GB/T 2260-2007,行政区划代码,510129,大邑县,
2,国家标准代码,GB/T 2260-2007,行政区划代码,510131,蒲江县,
2,国家标准代码,GB/T 2260-2007,行政区划代码,510181,都江堰市,
2,国家标准代码,GB/T 2260-2007,行政区划代码,510182,彭州市,
2,国家标准代码,GB/T 2260-2007,行政区划代码,510183,邛崃市,
2,国家标准代码,GB/T 2260-2007,行政区划代码,510184,崇州市,
2,国家标准代码,GB/T 2260-2007,行政区划代码,510185,简阳市,
2,国家标准代码,GB/T 2260-2007,行政区划代码,510300,自贡市,
2,国家标准代码,GB/T 2260-2007,行政区划代码,510302,自流井区,
2,国家标准代码,GB/T 2260-2007,行政区划代码,510303,贡井区,
2,国家标准代码,GB/T 2260-2007,行政区划代码,510304,大安区,
2,国家标准代码,GB/T 2260-2007,行政区划代码,510311,沿滩区,
2,国家标准代码,GB/T 2260-2007,行政区划代码,510321,荣县,
2,国家标准代码,GB/T 2260-2007,行政区划代码,510322,富顺县,
2,国家标准代码,GB/T 2260-2007,行政区划代码,510400,攀枝花市,
2,国家标准代码,GB/T 2260-2007,行政区划代码,510402,东区,
2,国家标准代码,GB/T 2260-2007,行政区划代码,510403,西区,
2,国家标准代码,GB/T 2260-2007,行政区划代码,510411,仁和区,
2,国家标准代码,GB/T 2260-2007,行政区划代码,510421,米易县,
2,国家标准代码,GB/T 2260-2007,行政区划代码,510422,盐边县,
2,国家标准代码,GB/T 2260-2007,行政区划代码,510500,泸州市,
2,国家标准代码,GB/T 2260-2007,行政区划代码,510502,江阳区,
2,国家标准代码,GB/T 2260-2007,行政区划代码,510503,纳溪区,
2,国家标准代码,GB/T 2260-2007,行政区划代码,510504,龙马潭区,
2,国家标准代码,GB/T 2260-2007,行政区划代码,510521,泸县,
2,国家标准代码,GB/T 2260-2007,行政区划代码,510522,合江县,
2,国家标准代码,GB/T 2260-2007,行政区划代码,510524,叙永县,
2,国家标准代码,GB/T 2260-2007,行政区划代码,510525,古蔺县,
2,国家标准代码,GB/T 2260-2007,行政区划代码,510600,德阳市,
2,国家标准代码,GB/T 2260-2007,行政区划代码,510603,旌阳区,
2,国家标准代码,GB/T 2260-2007,行政区划代码,510604,罗江区,
2,国家标准代码,GB/T 2260-2007,行政区划代码,510623,中江县,
2,国家标准代码,GB/T 2260-2007,行政区划代码,510681,广汉市,
2,国家标准代码,GB/T 2260-2007,行政区划代码,510682,什邡市,
2,国家标准代码,GB/T 2260-2007,行政区划代码,510683,绵竹市,
2,国家标准代码,GB/T 2260-2007,行政区划代码,510700,绵阳市,
2,国家标准代码,GB/T 2260-2007,行政区划代码,510703,涪城区,
2,国家标准代码,GB/T 2260-2007,行政区划代码,510704,游仙区,
2,国家标准代码,GB/T 2260-2007,行政区划代码,510705,安州区,
2,国家标准代码,GB/T 2260-2007,行政区划代码,510722,三台县,
2,国家标准代码,GB/T 2260-2007,行政区划代码,510723,盐亭县,
2,国家标准代码,GB/T 2260-2007,行政区划代码,510725,梓潼县,
2,国家标准代码,GB/T 2260-2007,行政区划代码,510726,北川羌族自治县,
2,国家标准代码,GB/T 2260-2007,行政区划代码,510727,平武县,
2,国家标准代码,GB/T 2260-2007,行政区划代码,510781,江油市,
2,国家标准代码,GB/T 2260-2007,行政区划代码,510800,广元市,
2,国家标准代码,GB/T 2260-2007,行政区划代码,510802,利州区,
2,国家标准代码,GB/T 2260-2007,行政区划代码,510811,昭化区,
2,国家标准代码,GB/T 2260-2007,行政区划代码,510812,朝天区,
2,国家标准代码,GB/T 2260-2007,行政区划代码,510821,旺苍县,
2,国家标准代码,GB/T 2260-2007,行政区划代码,510822,青川县,
2,国家标准代码,GB/T 2260-2007,行政区划代码,510823,剑阁县,
2,国家标准代码,GB/T 2260-2007,行政区划代码,510824,苍溪县,
2,国家标准代码,GB/T 2260-2007,行政区划代码,510900,遂宁市,
2,国家标准代码,GB/T 2260-2007,行政区划代码,510903,船山区,
2,国家标准代码,GB/T 2260-2007,行政区划代码,510904,安居区,
2,国家标准代码,GB/T 2260-2007,行政区划代码,510921,蓬溪县,
2,国家标准代码,GB/T 2260-2007,行政区划代码,510923,大英县,
2,国家标准代码,GB/T 2260-2007,行政区划代码,510981,射洪市,
2,国家标准代码,GB/T 2260-2007,行政区划代码,511000,内江市,
2,国家标准代码,GB/T 2260-2007,行政区划代码,511002,市中区,
2,国家标准代码,GB/T 2260-2007,行政区划代码,511011,东兴区,
2,国家标准代码,GB/T 2260-2007,行政区划代码,511024,威远县,
2,国家标准代码,GB/T 2260-2007,行政区划代码,511025,资中县,
2,国家标准代码,GB/T 2260-2007,行政区划代码,511083,隆昌市,
2,国家标准代码,GB/T 2260-2007,行政区划代码,511100,乐山市,
2,国家标准代码,GB/T 2260-2007,行政区划代码,511102,市中区,
2,国家标准代码,GB/T 2260-2007,行政区划代码,511111,沙湾区,
2,国家标准代码,GB/T 2260-2007,行政区划代码,511112,五通桥区,
2,国家标准代码,GB/T 2260-2007,行政区划代码,511113,金口河区,
2,国家标准代码,GB/T 2260-2007,行政区划代码,511123,犍为县,
2,国家标准代码,GB/T 2260-2007,行政区划代码,511124,井研县,
2,国家标准代码,GB/T 2260-2007,行政区划代码,511126,夹江县,
2,国家标准代码,GB/T 2260-2007,行政区划代码,511129,沐川县,
2,国家标准代码,GB/T 2260-2007,行政区划代码,511132,峨边彝族自治县,
2,国家标准代码,GB/T 2260-2007,行政区划代码,511133,马边彝族自治县,
2,国家标准代码,GB/T 2260-2007,行政区划代码,511181,峨眉山市,
2,国家标准代码,GB/T 2260-2007,行政区划代码,511300,南充市,
2,国家标准代码,GB/T 2260-2007,行政区划代码,511302,顺庆区,
2,国家标准代码,GB/T 2260-2007,行政区划代码,511303,高坪区,
2,国家标准代码,GB/T 2260-2007,行政区划代码,511304,嘉陵区,
2,国家标准代码,GB/T 2260-2007,行政区划代码,511321,南部县,
2,国家标准代码,GB/T 2260-2007,行政区划代码,511322,营山县,
2,国家标准代码,GB/T 2260-2007,行政区划代码,511323,蓬安县,
2,国家标准代码,GB/T 2260-2007,行政区划代码,511324,仪陇县,
2,国家标准代码,GB/T 2260-2007,行政区划代码,511325,西充县,
2,国家标准代码,GB/T 2260-2007,行政区划代码,511381,阆中市,
2,国家标准代码,GB/T 2260-2007,行政区划代码,511400,眉山市,
2,国家标准代码,GB/T 2260-2007,行政区划代码,511402,东坡区,
2,国家标准代码,GB/T 2260-2007,行政区划代码,511403,彭山区,
2,国家标准代码,GB/T 2260-2007,行政区划代码,511421,仁寿县,
2,国家标准代码,GB/T 2260-2007,行政区划代码,511423,洪雅县,
2,国家标准代码,GB/T 2260-2007,行政区划代码,511424,丹棱县,
2,国家标准代码,GB/T 2260-2007,行政区划代码,511425,青神县,
2,国家标准代码,GB/T 2260-2007,行政区划代码,511500,宜宾市,
2,国家标准代码,GB/T 2260-2007,行政区划代码,511502,翠屏区,
2,国家标准代码,GB/T 2260-2007,行政区划代码,511503,南溪区,
2,国家标准代码,GB/T 2260-2007,行政区划代码,511504,叙州区,
2,国家标准代码,GB/T 2260-2007,行政区划代码,511523,江安县,
2,国家标准代码,GB/T 2260-2007,行政区划代码,511524,长宁县,
2,国家标准代码,GB/T 2260-2007,行政区划代码,511525,高县,
2,国家标准代码,GB/T 2260-2007,行政区划代码,511526,珙县,
2,国家标准代码,GB/T 2260-2007,行政区划代码,511527,筠连县,
2,国家标准代码,GB/T 2260-2007,行政区划代码,511528,兴文县,
2,国家标准代码,GB/T 2260-2007,行政区划代码,511529,屏山县,
2,国家标准代码,GB/T 2260-2007,行政区划代码,511600,广安市,
2,国家标准代码,GB/T 2260-2007,行政区划代码,511602,广安区,
2,国家标准代码,GB/T 2260-2007,行政区划代码,511603,前锋区,
2,国家标准代码,GB/T 2260-2007,行政区划代码,511621,岳池县,
2,国家标准代码,GB/T 2260-2007,行政区划代码,511622,武胜县,
2,国家标准代码,GB/T 2260-2007,行政区划代码,511623,邻水县,
2,国家标准代码,GB/T 2260-2007,行政区划代码,511681,华蓥市,
2,国家标准代码,GB/T 2260-2007,行政区划代码,511700,达州市,
2,国家标准代码,GB/T 2260-2007,行政区划代码,511702,通川区,
2,国家标准代码,GB/T 2260-2007,行政区划代码,511703,达川区,
2,国家标准代码,GB/T 2260-2007,行政区划代码,511722,宣汉县,
2,国家标准代码,GB/T 2260-2007,行政区划代码,511723,开江县,
2,国家标准代码,GB/T 2260-2007,行政区划代码,511724,大竹县,
2,国家标准代码,GB/T 2260-2007,行政区划代码,511725,渠县,
2,国家标准代码,GB/T 2260-2007,行政区划代码,511781,万源市,
2,国家标准代码,GB/T 2260-2007,行政区划代码,511800,雅安市,
2,国家标准代码,GB/T 2260-2007,行政区划代码,511802,雨城区,
2,国家标准代码,GB/T 2260-2007,行政区划代码,511803,名山区,
2,国家标准代码,GB/T 2260-2007,行政区划代码,511822,荥经县,
2,国家标准代码,GB/T 2260-2007,行政区划代码,511823,汉源县,
2,国家标准代码,GB/T 2260-2007,行政区划代码,511824,石棉县,
2,国家标准代码,GB/T 2260-2007,行政区划代码,511825,天全县,
2,国家标准代码,GB/T 2260-2007,行政区划代码,511826,芦山县,
2,国家标准代码,GB/T 2260-2007,行政区划代码,511827,宝兴县,
2,国家标准代码,GB/T 2260-2007,行政区划代码,511900,巴中市,
2,国家标准代码,GB/T 2260-2007,行政区划代码,511902,巴州区,
2,国家标准代码,GB/T 2260-2007,行政区划代码,511903,恩阳区,
2,国家标准代码,GB/T 2260-2007,行政区划代码,511921,通江县,
2,国家标准代码,GB/T 2260-2007,行政区划代码,511922,南江县,
2,国家标准代码,GB/T 2260-2007,行政区划代码,511923,平昌县,
2,国家标准代码,GB/T 2260-2007,行政区划代码,512000,资阳市,
2,国家标准代码,GB/T 2260-2007,行政区划代码,512002,雁江区,
2,国家标准代码,GB/T 2260-2007,行政区划代码,512021,安岳县,
2,国家标准代码,GB/T 2260-2007,行政区划代码,512022,乐至县,
2,国家标准代码,GB/T 2260-2007,行政区划代码,513200,阿坝藏族羌族自治州,
2,国家标准代码,GB/T 2260-2007,行政区划代码,513201,马尔康市,
2,国家标准代码,GB/T 2260-2007,行政区划代码,513221,汶川县,
2,国家标准代码,GB/T 2260-2007,行政区划代码,513222,理县,
2,国家标准代码,GB/T 2260-2007,行政区划代码,513223,茂县,
2,国家标准代码,GB/T 2260-2007,行政区划代码,513224,松潘县,
2,国家标准代码,GB/T 2260-2007,行政区划代码,513225,九寨沟县,
2,国家标准代码,GB/T 2260-2007,行政区划代码,513226,金川县,
2,国家标准代码,GB/T 2260-2007,行政区划代码,513227,小金县,
2,国家标准代码,GB/T 2260-2007,行政区划代码,513228,黑水县,
2,国家标准代码,GB/T 2260-2007,行政区划代码,513230,壤塘县,
2,国家标准代码,GB/T 2260-2007,行政区划代码,513231,阿坝县,
2,国家标准代码,GB/T 2260-2007,行政区划代码,513232,若尔盖县,
2,国家标准代码,GB/T 2260-2007,行政区划代码,513233,红原县,
2,国家标准代码,GB/T 2260-2007,行政区划代码,513300,甘孜藏族自治州,
2,国家标准代码,GB/T 2260-2007,行政区划代码,513301,康定市,
2,国家标准代码,GB/T 2260-2007,行政区划代码,513322,泸定县,
2,国家标准代码,GB/T 2260-2007,行政区划代码,513323,丹巴县,
2,国家标准代码,GB/T 2260-2007,行政区划代码,513324,九龙县,
2,国家标准代码,GB/T 2260-2007,行政区划代码,513325,雅江县,
2,国家标准代码,GB/T 2260-2007,行政区划代码,513326,道孚县,
2,国家标准代码,GB/T 2260-2007,行政区划代码,513327,炉霍县,
2,国家标准代码,GB/T 2260-2007,行政区划代码,513328,甘孜县,
2,国家标准代码,GB/T 2260-2007,行政区划代码,513329,新龙县,
2,国家标准代码,GB/T 2260-2007,行政区划代码,513330,德格县,
2,国家标准代码,GB/T 2260-2007,行政区划代码,513331,白玉县,
2,国家标准代码,GB/T 2260-2007,行政区划代码,513332,石渠县,
2,国家标准代码,GB/T 2260-2007,行政区划代码,513333,色达县,
2,国家标准代码,GB/T 2260-2007,行政区划代码,513334,理塘县,
2,国家标准代码,GB/T 2260-2007,行政区划代码,513335,巴塘县,
2,国家标准代码,GB/T 2260-2007,行政区划代码,513336,乡城县,
2,国家标准代码,GB/T 2260-2007,行政区划代码,513337,稻城县,
2,国家标准代码,GB/T 2260-2007,行政区划代码,513338,得荣县,
2,国家标准代码,GB/T 2260-2007,行政区划代码,513400,凉山彝族自治州,
2,国家标准代码,GB/T 2260-2007,行政区划代码,513401,西昌市,
2,国家标准代码,GB/T 2260-2007,行政区划代码,513402,会理市,
2,国家标准代码,GB/T 2260-2007,行政区划代码,513422,木里藏族自治县,
2,国家标准代码,GB/T 2260-2007,行政区划代码,513423,盐源县,
2,国家标准代码,GB/T 2260-2007,行政区划代码,513424,德昌县,
2,国家标准代码,GB/T 2260-2007,行政区划代码,513426,会东县,
2,国家标准代码,GB/T 2260-2007,行政区划代码,513427,宁南县,
2,国家标准代码,GB/T 2260-2007,行政区划代码,513428,普格县,
2,国家标准代码,GB/T 2260-2007,行政区划代码,513429,布拖县,
2,国家标准代码,GB/T 2260-2007,行政区划代码,513430,金阳县,
2,国家标准代码,GB/T 2260-2007,行政区划代码,513431,昭觉县,
2,国家标准代码,GB/T 2260-2007,行政区划代码,513432,喜德县,
2,国家标准代码,GB/T 2260-2007,行政区划代码,513433,冕宁县,
2,国家标准代码,GB/T 2260-2007,行政区划代码,513434,越西县,
2,国家标准代码,GB/T 2260-2007,行政区划代码,513435,甘洛县,
2,国家标准代码,GB/T 2260-2007,行政区划代码,513436,美姑县,
2,国家标准代码,GB/T 2260-2007,行政区划代码,513437,雷波县,
2,国家标准代码,GB/T 2260-2007,行政区划代码,520000,贵州省,
2,国家标准代码,GB/T 2260-2007,行政区划代码,520100,贵阳市,
2,国家标准代码,GB/T 2260-2007,行政区划代码,520102,南明区,
2,国家标准代码,GB/T 2260-2007,行政区划代码,520103,云岩区,
2,国家标准代码,GB/T 2260-2007,行政区划代码,520111,花溪区,
2,国家标准代码,GB/T 2260-2007,行政区划代码,520112,乌当区,
2,国家标准代码,GB/T 2260-2007,行政区划代码,520113,白云区,
2,国家标准代码,GB/T 2260-2007,行政区划代码,520115,观山湖区,
2,国家标准代码,GB/T 2260-2007,行政区划代码,520121,开阳县,
2,国家标准代码,GB/T 2260-2007,行政区划代码,520122,息烽县,
2,国家标准代码,GB/T 2260-2007,行政区划代码,520123,修文县,
2,国家标准代码,GB/T 2260-2007,行政区划代码,520181,清镇市,
2,国家标准代码,GB/T 2260-2007,行政区划代码,520200,六盘水市,
2,国家标准代码,GB/T 2260-2007,行政区划代码,520201,钟山区,
2,国家标准代码,GB/T 2260-2007,行政区划代码,520203,六枝特区,
2,国家标准代码,GB/T 2260-2007,行政区划代码,520204,水城区,
2,国家标准代码,GB/T 2260-2007,行政区划代码,520281,盘州市,
2,国家标准代码,GB/T 2260-2007,行政区划代码,520300,遵义市,
2,国家标准代码,GB/T 2260-2007,行政区划代码,520302,红花岗区,
2,国家标准代码,GB/T 2260-2007,行政区划代码,520303,汇川区,
2,国家标准代码,GB/T 2260-2007,行政区划代码,520304,播州区,
2,国家标准代码,GB/T 2260-2007,行政区划代码,520322,桐梓县,
2,国家标准代码,GB/T 2260-2007,行政区划代码,520323,绥阳县,
2,国家标准代码,GB/T 2260-2007,行政区划代码,520324,正安县,
2,国家标准代码,GB/T 2260-2007,行政区划代码,520325,道真仡佬族苗族自治县,
2,国家标准代码,GB/T 2260-2007,行政区划代码,520326,务川仡佬族苗族自治县,
2,国家标准代码,GB/T 2260-2007,行政区划代码,520327,凤冈县,
2,国家标准代码,GB/T 2260-2007,行政区划代码,520328,湄潭县,
2,国家标准代码,GB/T 2260-2007,行政区划代码,520329,余庆县,
2,国家标准代码,GB/T 2260-2007,行政区划代码,520330,习水县,
2,国家标准代码,GB/T 2260-2007,行政区划代码,520381,赤水市,
2,国家标准代码,GB/T 2260-2007,行政区划代码,520382,仁怀市,
2,国家标准代码,GB/T 2260-2007,行政区划代码,520400,安顺市,
2,国家标准代码,GB/T 2260-2007,行政区划代码,520402,西秀区,
2,国家标准代码,GB/T 2260-2007,行政区划代码,520403,平坝区,
2,国家标准代码,GB/T 2260-2007,行政区划代码,520422,普定县,
2,国家标准代码,GB/T 2260-2007,行政区划代码,520423,镇宁布依族苗族自治县,
2,国家标准代码,GB/T 2260-2007,行政区划代码,520424,关岭布依族苗族自治县,
2,国家标准代码,GB/T 2260-2007,行政区划代码,520425,紫云苗族布依族自治县,
2,国家标准代码,GB/T 2260-2007,行政区划代码,520500,毕节市,
2,国家标准代码,GB/T 2260-2007,行政区划代码,520502,七星关区,
2,国家标准代码,GB/T 2260-2007,行政区划代码,520521,大方县,
2,国家标准代码,GB/T 2260-2007,行政区划代码,520523,金沙县,
2,国家标准代码,GB/T 2260-2007,行政区划代码,520524,织金县,
2,国家标准代码,GB/T 2260-2007,行政区划代码,520525,纳雍县,
2,国家标准代码,GB/T 2260-2007,行政区划代码,520526,威宁彝族回族苗族自治县,
2,国家标准代码,GB/T 2260-2007,行政区划代码,520527,赫章县,
2,国家标准代码,GB/T 2260-2007,行政区划代码,520581,黔西市,
2,国家标准代码,GB/T 2260-2007,行政区划代码,520600,铜仁市,
2,国家标准代码,GB/T 2260-2007,行政区划代码,520602,碧江区,
2,国家标准代码,GB/T 2260-2007,行政区划代码,520603,万山区,
2,国家标准代码,GB/T 2260-2007,行政区划代码,520621,江口县,
2,国家标准代码,GB/T 2260-2007,行政区划代码,520622,玉屏侗族自治县,
2,国家标准代码,GB/T 2260-2007,行政区划代码,520623,石阡县,
2,国家标准代码,GB/T 2260-2007,行政区划代码,520624,思南县,
2,国家标准代码,GB/T 2260-2007,行政区划代码,520625,印江土家族苗族自治县,
2,国家标准代码,GB/T 2260-2007,行政区划代码,520626,德江县,
2,国家标准代码,GB/T 2260-2007,行政区划代码,520627,沿河土家族自治县,
2,国家标准代码,GB/T 2260-2007,行政区划代码,520628,松桃苗族自治县,
2,国家标准代码,GB/T 2260-2007,行政区划代码,522300,黔西南布依族苗族自治州,
2,国家标准代码,GB/T 2260-2007,行政区划代码,522301,兴义市,
2,国家标准代码,GB/T 2260-2007,行政区划代码,522302,兴仁市,
2,国家标准代码,GB/T 2260-2007,行政区划代码,522323,普安县,
2,国家标准代码,GB/T 2260-2007,行政区划代码,522324,晴隆县,
2,国家标准代码,GB/T 2260-2007,行政区划代码,522325,贞丰县,
2,国家标准代码,GB/T 2260-2007,行政区划代码,522326,望谟县,
2,国家标准代码,GB/T 2260-2007,行政区划代码,522327,册亨县,
2,国家标准代码,GB/T 2260-2007,行政区划代码,522328,安龙县,
2,国家标准代码,GB/T 2260-2007,行政区划代码,522600,黔东南苗族侗族自治州,
2,国家标准代码,GB/T 2260-2007,行政区划代码,522601,凯里市,
2,国家标准代码,GB/T 2260-2007,行政区划代码,522622,黄平县,
2,国家标准代码,GB/T 2260-2007,行政区划代码,522623,施秉县,
2,国家标准代码,GB/T 2260-2007,行政区划代码,522624,三穗县,
2,国家标准代码,GB/T 2260-2007,行政区划代码,522625,镇远县,
2,国家标准代码,GB/T 2260-2007,行政区划代码,522626,岑巩县,
2,国家标准代码,GB/T 2260-2007,行政区划代码,522627,天柱县,
2,国家标准代码,GB/T 2260-2007,行政区划代码,522628,锦屏县,
2,国家标准代码,GB/T 2260-2007,行政区划代码,522629,剑河县,
2,国家标准代码,GB/T 2260-2007,行政区划代码,522630,台江县,
2,国家标准代码,GB/T 2260-2007,行政区划代码,522631,黎平县,
2,国家标准代码,GB/T 2260-2007,行政区划代码,522632,榕江县,
2,国家标准代码,GB/T 2260-2007,行政区划代码,522633,从江县,
2,国家标准代码,GB/T 2260-2007,行政区划代码,522634,雷山县,
2,国家标准代码,GB/T 2260-2007,行政区划代码,522635,麻江县,
2,国家标准代码,GB/T 2260-2007,行政区划代码,522636,丹寨县,
2,国家标准代码,GB/T 2260-2007,行政区划代码,522700,黔南布依族苗族自治州,
2,国家标准代码,GB/T 2260-2007,行政区划代码,522701,都匀市,
2,国家标准代码,GB/T 2260-2007,行政区划代码,522702,福泉市,
2,国家标准代码,GB/T 2260-2007,行政区划代码,522722,荔波县,
2,国家标准代码,GB/T 2260-2007,行政区划代码,522723,贵定县,
2,国家标准代码,GB/T 2260-2007,行政区划代码,522725,瓮安县,
2,国家标准代码,GB/T 2260-2007,行政区划代码,522726,独山县,
2,国家标准代码,GB/T 2260-2007,行政区划代码,522727,平塘县,
2,国家标准代码,GB/T 2260-2007,行政区划代码,522728,罗甸县,
2,国家标准代码,GB/T 2260-2007,行政区划代码,522729,长顺县,
2,国家标准代码,GB/T 2260-2007,行政区划代码,522730,龙里县,
2,国家标准代码,GB/T 2260-2007,行政区划代码,522731,惠水县,
2,国家标准代码,GB/T 2260-2007,行政区划代码,522732,三都水族自治县,
2,国家标准代码,GB/T 2260-2007,行政区划代码,530000,云南省,
2,国家标准代码,GB/T 2260-2007,行政区划代码,530100,昆明市,
2,国家标准代码,GB/T 2260-2007,行政区划代码,530102,五华区,
2,国家标准代码,GB/T 2260-2007,行政区划代码,530103,盘龙区,
2,国家标准代码,GB/T 2260-2007,行政区划代码,530111,官渡区,
2,国家标准代码,GB/T 2260-2007,行政区划代码,530112,西山区,
2,国家标准代码,GB/T 2260-2007,行政区划代码,530113,东川区,
2,国家标准代码,GB/T 2260-2007,行政区划代码,530114,呈贡区,
2,国家标准代码,GB/T 2260-2007,行政区划代码,530115,晋宁区,
2,国家标准代码,GB/T 2260-2007,行政区划代码,530124,富民县,
2,国家标准代码,GB/T 2260-2007,行政区划代码,530125,宜良县,
2,国家标准代码,GB/T 2260-2007,行政区划代码,530126,石林彝族自治县,
2,国家标准代码,GB/T 2260-2007,行政区划代码,530127,嵩明县,
2,国家标准代码,GB/T 2260-2007,行政区划代码,530128,禄劝彝族苗族自治县,
2,国家标准代码,GB/T 2260-2007,行政区划代码,530129,寻甸回族彝族自治县,
2,国家标准代码,GB/T 2260-2007,行政区划代码,530181,安宁市,
2,国家标准代码,GB/T 2260-2007,行政区划代码,530300,曲靖市,
2,国家标准代码,GB/T 2260-2007,行政区划代码,530302,麒麟区,
2,国家标准代码,GB/T 2260-2007,行政区划代码,530303,沾益区,
2,国家标准代码,GB/T 2260-2007,行政区划代码,530304,马龙区,
2,国家标准代码,GB/T 2260-2007,行政区划代码,530322,陆良县,
2,国家标准代码,GB/T 2260-2007,行政区划代码,530323,师宗县,
2,国家标准代码,GB/T 2260-2007,行政区划代码,530324,罗平县,
2,国家标准代码,GB/T 2260-2007,行政区划代码,530325,富源县,
2,国家标准代码,GB/T 2260-2007,行政区划代码,530326,会泽县,
2,国家标准代码,GB/T 2260-2007,行政区划代码,530381,宣威市,
2,国家标准代码,GB/T 2260-2007,行政区划代码,530400,玉溪市,
2,国家标准代码,GB/T 2260-2007,行政区划代码,530402,红塔区,
2,国家标准代码,GB/T 2260-2007,行政区划代码,530403,江川区,
2,国家标准代码,GB/T 2260-2007,行政区划代码,530423,通海县,
2,国家标准代码,GB/T 2260-2007,行政区划代码,530424,华宁县,
2,国家标准代码,GB/T 2260-2007,行政区划代码,530425,易门县,
2,国家标准代码,GB/T 2260-2007,行政区划代码,530426,峨山彝族自治县,
2,国家标准代码,GB/T 2260-2007,行政区划代码,530427,新平彝族傣族自治县,
2,国家标准代码,GB/T 2260-2007,行政区划代码,530428,元江哈尼族彝族傣族自治县,
2,国家标准代码,GB/T 2260-2007,行政区划代码,530481,澄江市,
2,国家标准代码,GB/T 2260-2007,行政区划代码,530500,保山市,
2,国家标准代码,GB/T 2260-2007,行政区划代码,530502,隆阳区,
2,国家标准代码,GB/T 2260-2007,行政区划代码,530521,施甸县,
2,国家标准代码,GB/T 2260-2007,行政区划代码,530523,龙陵县,
2,国家标准代码,GB/T 2260-2007,行政区划代码,530524,昌宁县,
2,国家标准代码,GB/T 2260-2007,行政区划代码,530581,腾冲市,
2,国家标准代码,GB/T 2260-2007,行政区划代码,530600,昭通市,
2,国家标准代码,GB/T 2260-2007,行政区划代码,530602,昭阳区,
2,国家标准代码,GB/T 2260-2007,行政区划代码,530621,鲁甸县,
2,国家标准代码,GB/T 2260-2007,行政区划代码,530622,巧家县,
2,国家标准代码,GB/T 2260-2007,行政区划代码,530623,盐津县,
2,国家标准代码,GB/T 2260-2007,行政区划代码,530624,大关县,
2,国家标准代码,GB/T 2260-2007,行政区划代码,530625,永善县,
2,国家标准代码,GB/T 2260-2007,行政区划代码,530626,绥江县,
2,国家标准代码,GB/T 2260-2007,行政区划代码,530627,镇雄县,
2,国家标准代码,GB/T 2260-2007,行政区划代码,530628,彝良县,
2,国家标准代码,GB/T 2260-2007,行政区划代码,530629,威信县,
2,国家标准代码,GB/T 2260-2007,行政区划代码,530681,水富市,
2,国家标准代码,GB/T 2260-2007,行政区划代码,530700,丽江市,
2,国家标准代码,GB/T 2260-2007,行政区划代码,530702,古城区,
2,国家标准代码,GB/T 2260-2007,行政区划代码,530721,玉龙纳西族自治县,
2,国家标准代码,GB/T 2260-2007,行政区划代码,530722,永胜县,
2,国家标准代码,GB/T 2260-2007,行政区划代码,530723,华坪县,
2,国家标准代码,GB/T 2260-2007,行政区划代码,530724,宁蒗彝族自治县,
2,国家标准代码,GB/T 2260-2007,行政区划代码,530800,普洱市,
2,国家标准代码,GB/T 2260-2007,行政区划代码,530802,思茅区,
2,国家标准代码,GB/T 2260-2007,行政区划代码,530821,宁洱哈尼族彝族自治县,
2,国家标准代码,GB/T 2260-2007,行政区划代码,530822,墨江哈尼族自治县,
2,国家标准代码,GB/T 2260-2007,行政区划代码,530823,景东彝族自治县,
2,国家标准代码,GB/T 2260-2007,行政区划代码,530824,景谷傣族彝族自治县,
2,国家标准代码,GB/T 2260-2007,行政区划代码,530825,镇沅彝族哈尼族拉祜族自治县,
2,国家标准代码,GB/T 2260-2007,行政区划代码,530826,江城哈尼族彝族自治县,
2,国家标准代码,GB/T 2260-2007,行政区划代码,530827,孟连傣族拉祜族佤族自治县,
2,国家标准代码,GB/T 2260-2007,行政区划代码,530828,澜沧拉祜族自治县,
2,国家标准代码,GB/T 2260-2007,行政区划代码,530829,西盟佤族自治县,
2,国家标准代码,GB/T 2260-2007,行政区划代码,530900,临沧市,
2,国家标准代码,GB/T 2260-2007,行政区划代码,530902,临翔区,
2,国家标准代码,GB/T 2260-2007,行政区划代码,530921,凤庆县,
2,国家标准代码,GB/T 2260-2007,行政区划代码,530922,云县,
2,国家标准代码,GB/T 2260-2007,行政区划代码,530923,永德县,
2,国家标准代码,GB/T 2260-2007,行政区划代码,530924,镇康县,
2,国家标准代码,GB/T 2260-2007,行政区划代码,530925,双江拉祜族佤族布朗族傣族自治县,
2,国家标准代码,GB/T 2260-2007,行政区划代码,530926,耿马傣族佤族自治县,
2,国家标准代码,GB/T 2260-2007,行政区划代码,530927,沧源佤族自治县,
2,国家标准代码,GB/T 2260-2007,行政区划代码,532300,楚雄彝族自治州,
2,国家标准代码,GB/T 2260-2007,行政区划代码,532301,楚雄市,
2,国家标准代码,GB/T 2260-2007,行政区划代码,532302,禄丰市,
2,国家标准代码,GB/T 2260-2007,行政区划代码,532322,双柏县,
2,国家标准代码,GB/T 2260-2007,行政区划代码,532323,牟定县,
2,国家标准代码,GB/T 2260-2007,行政区划代码,532324,南华县,
2,国家标准代码,GB/T 2260-2007,行政区划代码,532325,姚安县,
2,国家标准代码,GB/T 2260-2007,行政区划代码,532326,大姚县,
2,国家标准代码,GB/T 2260-2007,行政区划代码,532327,永仁县,
2,国家标准代码,GB/T 2260-2007,行政区划代码,532328,元谋县,
2,国家标准代码,GB/T 2260-2007,行政区划代码,532329,武定县,
2,国家标准代码,GB/T 2260-2007,行政区划代码,532500,红河哈尼族彝族自治州,
2,国家标准代码,GB/T 2260-2007,行政区划代码,532501,个旧市,
2,国家标准代码,GB/T 2260-2007,行政区划代码,532502,开远市,
2,国家标准代码,GB/T 2260-2007,行政区划代码,532503,蒙自市,
2,国家标准代码,GB/T 2260-2007,行政区划代码,532504,弥勒市,
2,国家标准代码,GB/T 2260-2007,行政区划代码,532523,屏边苗族自治县,
2,国家标准代码,GB/T 2260-2007,行政区划代码,532524,建水县,
2,国家标准代码,GB/T 2260-2007,行政区划代码,532525,石屏县,
2,国家标准代码,GB/T 2260-2007,行政区划代码,532527,泸西县,
2,国家标准代码,GB/T 2260-2007,行政区划代码,532528,元阳县,
2,国家标准代码,GB/T 2260-2007,行政区划代码,532529,红河县,
2,国家标准代码,GB/T 2260-2007,行政区划代码,532530,金平苗族瑶族傣族自治县,
2,国家标准代码,GB/T 2260-2007,行政区划代码,532531,绿春县,
2,国家标准代码,GB/T 2260-2007,行政区划代码,532532,河口瑶族自治县,
2,国家标准代码,GB/T 2260-2007,行政区划代码,532600,文山壮族苗族自治州,
2,国家标准代码,GB/T 2260-2007,行政区划代码,532601,文山市,
2,国家标准代码,GB/T 2260-2007,行政区划代码,532622,砚山县,
2,国家标准代码,GB/T 2260-2007,行政区划代码,532623,西畴县,
2,国家标准代码,GB/T 2260-2007,行政区划代码,532624,麻栗坡县,
2,国家标准代码,GB/T 2260-2007,行政区划代码,532625,马关县,
2,国家标准代码,GB/T 2260-2007,行政区划代码,532626,丘北县,
2,国家标准代码,GB/T 2260-2007,行政区划代码,532627,广南县,
2,国家标准代码,GB/T 2260-2007,行政区划代码,532628,富宁县,
2,国家标准代码,GB/T 2260-2007,行政区划代码,532800,西双版纳傣族自治州,
2,国家标准代码,GB/T 2260-2007,行政区划代码,532801,景洪市,
2,国家标准代码,GB/T 2260-2007,行政区划代码,532822,勐海县,
2,国家标准代码,GB/T 2260-2007,行政区划代码,532823,勐腊县,
2,国家标准代码,GB/T 2260-2007,行政区划代码,532900,大理白族自治州,
2,国家标准代码,GB/T 2260-2007,行政区划代码,532901,大理市,
2,国家标准代码,GB/T 2260-2007,行政区划代码,532922,漾濞彝族自治县,
2,国家标准代码,GB/T 2260-2007,行政区划代码,532923,祥云县,
2,国家标准代码,GB/T 2260-2007,行政区划代码,532924,宾川县,
2,国家标准代码,GB/T 2260-2007,行政区划代码,532925,弥渡县,
2,国家标准代码,GB/T 2260-2007,行政区划代码,532926,南涧彝族自治县,
2,国家标准代码,GB/T 2260-2007,行政区划代码,532927,巍山彝族回族自治县,
2,国家标准代码,GB/T 2260-2007,行政区划代码,532928,永平县,
2,国家标准代码,GB/T 2260-2007,行政区划代码,532929,云龙县,
2,国家标准代码,GB/T 2260-2007,行政区划代码,532930,洱源县,
2,国家标准代码,GB/T 2260-2007,行政区划代码,532931,剑川县,
2,国家标准代码,GB/T 2260-2007,行政区划代码,532932,鹤庆县,
2,国家标准代码,GB/T 2260-2007,行政区划代码,533100,德宏傣族景颇族自治州,
2,国家标准代码,GB/T 2260-2007,行政区划代码,533102,瑞丽市,
2,国家标准代码,GB/T 2260-2007,行政区划代码,533103,芒市,
2,国家标准代码,GB/T 2260-2007,行政区划代码,533122,梁河县,
2,国家标准代码,GB/T 2260-2007,行政区划代码,533123,盈江县,
2,国家标准代码,GB/T 2260-2007,行政区划代码,533124,陇川县,
2,国家标准代码,GB/T 2260-2007,行政区划代码,533300,怒江傈僳族自治州,
2,国家标准代码,GB/T 2260-2007,行政区划代码,533301,泸水市,
2,国家标准代码,GB/T 2260-2007,行政区划代码,533323,福贡县,
2,国家标准代码,GB/T 2260-2007,行政区划代码,533324,贡山独龙族怒族自治县,
2,国家标准代码,GB/T 2260-2007,行政区划代码,533325,兰坪白族普米族自治县,
2,国家标准代码,GB/T 2260-2007,行政区划代码,533400,迪庆藏族自治州,
2,国家标准代码,GB/T 2260-2007,行政区划代码,533401,香格里拉市,
2,国家标准代码,GB/T 2260-2007,行政区划代码,533422,德钦县,
2,国家标准代码,GB/T 2260-2007,行政区划代码,533423,维西傈僳族自治县,
2,国家标准代码,GB/T 2260-2007,行政区划代码,540000,西藏自治区,
2,国家标准代码,GB/T 2260-2007,行政区划代码,540100,拉萨市,
2,国家标准代码,GB/T 2260-2007,行政区划代码,540102,城关区,
2,国家标准代码,GB/T 2260-2007,行政区划代码,540103,堆龙德庆区,
2,国家标准代码,GB/T 2260-2007,行政区划代码,540104,达孜区,
2,国家标准代码,GB/T 2260-2007,行政区划代码,540121,林周县,
2,国家标准代码,GB/T 2260-2007,行政区划代码,540122,当雄县,
2,国家标准代码,GB/T 2260-2007,行政区划代码,540123,尼木县,
2,国家标准代码,GB/T 2260-2007,行政区划代码,540124,曲水县,
2,国家标准代码,GB/T 2260-2007,行政区划代码,540127,墨竹工卡县,
2,国家标准代码,GB/T 2260-2007,行政区划代码,540200,日喀则市,
2,国家标准代码,GB/T 2260-2007,行政区划代码,540202,桑珠孜区,
2,国家标准代码,GB/T 2260-2007,行政区划代码,540221,南木林县,
2,国家标准代码,GB/T 2260-2007,行政区划代码,540222,江孜县,
2,国家标准代码,GB/T 2260-2007,行政区划代码,540223,定日县,
2,国家标准代码,GB/T 2260-2007,行政区划代码,540224,萨迦县,
2,国家标准代码,GB/T 2260-2007,行政区划代码,540225,拉孜县,
2,国家标准代码,GB/T 2260-2007,行政区划代码,540226,昂仁县,
2,国家标准代码,GB/T 2260-2007,行政区划代码,540227,谢通门县,
2,国家标准代码,GB/T 2260-2007,行政区划代码,540228,白朗县,
2,国家标准代码,GB/T 2260-2007,行政区划代码,540229,仁布县,
2,国家标准代码,GB/T 2260-2007,行政区划代码,540230,康马县,
2,国家标准代码,GB/T 2260-2007,行政区划代码,540231,定结县,
2,国家标准代码,GB/T 2260-2007,行政区划代码,540232,仲巴县,
2,国家标准代码,GB/T 2260-2007,行政区划代码,540233,亚东县,
2,国家标准代码,GB/T 2260-2007,行政区划代码,540234,吉隆县,
2,国家标准代码,GB/T 2260-2007,行政区划代码,540235,聂拉木县,
2,国家标准代码,GB/T 2260-2007,行政区划代码,540236,萨嘎县,
2,国家标准代码,GB/T 2260-2007,行政区划代码,540237,岗巴县,
2,国家标准代码,GB/T 2260-2007,行政区划代码,540300,昌都市,
2,国家标准代码,GB/T 2260-2007,行政区划代码,540302,卡若区,
2,国家标准代码,GB/T 2260-2007,行政区划代码,540321,江达县,
2,国家标准代码,GB/T 2260-2007,行政区划代码,540322,贡觉县,
2,国家标准代码,GB/T 2260-2007,行政区划代码,540323,类乌齐县,
2,国家标准代码,GB/T 2260-2007,行政区划代码,540324,丁青县,
2,国家标准代码,GB/T 2260-2007,行政区划代码,540325,察雅县,
2,国家标准代码,GB/T 2260-2007,行政区划代码,540326,八宿县,
2,国家标准代码,GB/T 2260-2007,行政区划代码,540327,左贡县,
2,国家标准代码,GB/T 2260-2007,行政区划代码,540328,芒康县,
2,国家标准代码,GB/T 2260-2007,行政区划代码,540329,洛隆县,
2,国家标准代码,GB/T 2260-2007,行政区划代码,540330,边坝县,
2,国家标准代码,GB/T 2260-2007,行政区划代码,540400,林芝市,
2,国家标准代码,GB/T 2260-2007,行政区划代码,540402,巴宜区,
2,国家标准代码,GB/T 2260-2007,行政区划代码,540421,工布江达县,
2,国家标准代码,GB/T 2260-2007,行政区划代码,540422,米林县,
2,国家标准代码,GB/T 2260-2007,行政区划代码,540423,墨脱县,
2,国家标准代码,GB/T 2260-2007,行政区划代码,540424,波密县,
2,国家标准代码,GB/T 2260-2007,行政区划代码,540425,察隅县,
2,国家标准代码,GB/T 2260-2007,行政区划代码,540426,朗县,
2,国家标准代码,GB/T 2260-2007,行政区划代码,540500,山南市,
2,国家标准代码,GB/T 2260-2007,行政区划代码,540502,乃东区,
2,国家标准代码,GB/T 2260-2007,行政区划代码,540521,扎囊县,
2,国家标准代码,GB/T 2260-2007,行政区划代码,540522,贡嘎县,
2,国家标准代码,GB/T 2260-2007,行政区划代码,540523,桑日县,
2,国家标准代码,GB/T 2260-2007,行政区划代码,540524,琼结县,
2,国家标准代码,GB/T 2260-2007,行政区划代码,540525,曲松县,
2,国家标准代码,GB/T 2260-2007,行政区划代码,540526,措美县,
2,国家标准代码,GB/T 2260-2007,行政区划代码,540527,洛扎县,
2,国家标准代码,GB/T 2260-2007,行政区划代码,540528,加查县,
2,国家标准代码,GB/T 2260-2007,行政区划代码,540529,隆子县,
2,国家标准代码,GB/T 2260-2007,行政区划代码,540530,错那县,
2,国家标准代码,GB/T 2260-2007,行政区划代码,540531,浪卡子县,
2,国家标准代码,GB/T 2260-2007,行政区划代码,540600,那曲市,
2,国家标准代码,GB/T 2260-2007,行政区划代码,540602,色尼区,
2,国家标准代码,GB/T 2260-2007,行政区划代码,540621,嘉黎县,
2,国家标准代码,GB/T 2260-2007,行政区划代码,540622,比如县,
2,国家标准代码,GB/T 2260-2007,行政区划代码,540623,聂荣县,
2,国家标准代码,GB/T 2260-2007,行政区划代码,540624,安多县,
2,国家标准代码,GB/T 2260-2007,行政区划代码,540625,申扎县,
2,国家标准代码,GB/T 2260-2007,行政区划代码,540626,索县,
2,国家标准代码,GB/T 2260-2007,行政区划代码,540627,班戈县,
2,国家标准代码,GB/T 2260-2007,行政区划代码,540628,巴青县,
2,国家标准代码,GB/T 2260-2007,行政区划代码,540629,尼玛县,
2,国家标准代码,GB/T 2260-2007,行政区划代码,540630,双湖县,
2,国家标准代码,GB/T 2260-2007,行政区划代码,542500,阿里地区,
2,国家标准代码,GB/T 2260-2007,行政区划代码,542521,普兰县,
2,国家标准代码,GB/T 2260-2007,行政区划代码,542522,札达县,
2,国家标准代码,GB/T 2260-2007,行政区划代码,542523,噶尔县,
2,国家标准代码,GB/T 2260-2007,行政区划代码,542524,日土县,
2,国家标准代码,GB/T 2260-2007,行政区划代码,542525,革吉县,
2,国家标准代码,GB/T 2260-2007,行政区划代码,542526,改则县,
2,国家标准代码,GB/T 2260-2007,行政区划代码,542527,措勤县,
2,国家标准代码,GB/T 2260-2007,行政区划代码,610000,陕西省,
2,国家标准代码,GB/T 2260-2007,行政区划代码,610100,西安市,
2,国家标准代码,GB/T 2260-2007,行政区划代码,610102,新城区,
2,国家标准代码,GB/T 2260-2007,行政区划代码,610103,碑林区,
2,国家标准代码,GB/T 2260-2007,行政区划代码,610104,莲湖区,
2,国家标准代码,GB/T 2260-2007,行政区划代码,610111,灞桥区,
2,国家标准代码,GB/T 2260-2007,行政区划代码,610112,未央区,
2,国家标准代码,GB/T 2260-2007,行政区划代码,610113,雁塔区,
2,国家标准代码,GB/T 2260-2007,行政区划代码,610114,阎良区,
2,国家标准代码,GB/T 2260-2007,行政区划代码,610115,临潼区,
2,国家标准代码,GB/T 2260-2007,行政区划代码,610116,长安区,
2,国家标准代码,GB/T 2260-2007,行政区划代码,610117,高陵区,
2,国家标准代码,GB/T 2260-2007,行政区划代码,610118,鄠邑区,
2,国家标准代码,GB/T 2260-2007,行政区划代码,610122,蓝田县,
2,国家标准代码,GB/T 2260-2007,行政区划代码,610124,周至县,
2,国家标准代码,GB/T 2260-2007,行政区划代码,610200,铜川市,
2,国家标准代码,GB/T 2260-2007,行政区划代码,610202,王益区,
2,国家标准代码,GB/T 2260-2007,行政区划代码,610203,印台区,
2,国家标准代码,GB/T 2260-2007,行政区划代码,610204,耀州区,
2,国家标准代码,GB/T 2260-2007,行政区划代码,610222,宜君县,
2,国家标准代码,GB/T 2260-2007,行政区划代码,610300,宝鸡市,
2,国家标准代码,GB/T 2260-2007,行政区划代码,610302,渭滨区,
2,国家标准代码,GB/T 2260-2007,行政区划代码,610303,金台区,
2,国家标准代码,GB/T 2260-2007,行政区划代码,610304,陈仓区,
2,国家标准代码,GB/T 2260-2007,行政区划代码,610305,凤翔区,
2,国家标准代码,GB/T 2260-2007,行政区划代码,610323,岐山县,
2,国家标准代码,GB/T 2260-2007,行政区划代码,610324,扶风县,
2,国家标准代码,GB/T 2260-2007,行政区划代码,610326,眉县,
2,国家标准代码,GB/T 2260-2007,行政区划代码,610327,陇县,
2,国家标准代码,GB/T 2260-2007,行政区划代码,610328,千阳县,
2,国家标准代码,GB/T 2260-2007,行政区划代码,610329,麟游县,
2,国家标准代码,GB/T 2260-2007,行政区划代码,610330,凤县,
2,国家标准代码,GB/T 2260-2007,行政区划代码,610331,太白县,
2,国家标准代码,GB/T 2260-2007,行政区划代码,610400,咸阳市,
2,国家标准代码,GB/T 2260-2007,行政区划代码,610402,秦都区,
2,国家标准代码,GB/T 2260-2007,行政区划代码,610403,杨陵区,
2,国家标准代码,GB/T 2260-2007,行政区划代码,610404,渭城区,
2,国家标准代码,GB/T 2260-2007,行政区划代码,610422,三原县,
2,国家标准代码,GB/T 2260-2007,行政区划代码,610423,泾阳县,
2,国家标准代码,GB/T 2260-2007,行政区划代码,610424,乾县,
2,国家标准代码,GB/T 2260-2007,行政区划代码,610425,礼泉县,
2,国家标准代码,GB/T 2260-2007,行政区划代码,610426,永寿县,
2,国家标准代码,GB/T 2260-2007,行政区划代码,610428,长武县,
2,国家标准代码,GB/T 2260-2007,行政区划代码,610429,旬邑县,
2,国家标准代码,GB/T 2260-2007,行政区划代码,610430,淳化县,
2,国家标准代码,GB/T 2260-2007,行政区划代码,610431,武功县,
2,国家标准代码,GB/T 2260-2007,行政区划代码,610481,兴平市,
2,国家标准代码,GB/T 2260-2007,行政区划代码,610482,彬州市,
2,国家标准代码,GB/T 2260-2007,行政区划代码,610500,渭南市,
2,国家标准代码,GB/T 2260-2007,行政区划代码,610502,临渭区,
2,国家标准代码,GB/T 2260-2007,行政区划代码,610503,华州区,
2,国家标准代码,GB/T 2260-2007,行政区划代码,610522,潼关县,
2,国家标准代码,GB/T 2260-2007,行政区划代码,610523,大荔县,
2,国家标准代码,GB/T 2260-2007,行政区划代码,610524,合阳县,
2,国家标准代码,GB/T 2260-2007,行政区划代码,610525,澄城县,
2,国家标准代码,GB/T 2260-2007,行政区划代码,610526,蒲城县,
2,国家标准代码,GB/T 2260-2007,行政区划代码,610527,白水县,
2,国家标准代码,GB/T 2260-2007,行政区划代码,610528,富平县,
2,国家标准代码,GB/T 2260-2007,行政区划代码,610581,韩城市,
2,国家标准代码,GB/T 2260-2007,行政区划代码,610582,华阴市,
2,国家标准代码,GB/T 2260-2007,行政区划代码,610600,延安市,
2,国家标准代码,GB/T 2260-2007,行政区划代码,610602,宝塔区,
2,国家标准代码,GB/T 2260-2007,行政区划代码,610603,安塞区,
2,国家标准代码,GB/T 2260-2007,行政区划代码,610621,延长县,
2,国家标准代码,GB/T 2260-2007,行政区划代码,610622,延川县,
2,国家标准代码,GB/T 2260-2007,行政区划代码,610625,志丹县,
2,国家标准代码,GB/T 2260-2007,行政区划代码,610626,吴起县,
2,国家标准代码,GB/T 2260-2007,行政区划代码,610627,甘泉县,
2,国家标准代码,GB/T 2260-2007,行政区划代码,610628,富县,
2,国家标准代码,GB/T 2260-2007,行政区划代码,610629,洛川县,
2,国家标准代码,GB/T 2260-2007,行政区划代码,610630,宜川县,
2,国家标准代码,GB/T 2260-2007,行政区划代码,610631,黄龙县,
2,国家标准代码,GB/T 2260-2007,行政区划代码,610632,黄陵县,
2,国家标准代码,GB/T 2260-2007,行政区划代码,610681,子长市,
2,国家标准代码,GB/T 2260-2007,行政区划代码,610700,汉中市,
2,国家标准代码,GB/T 2260-2007,行政区划代码,610702,汉台区,
2,国家标准代码,GB/T 2260-2007,行政区划代码,610703,南郑区,
2,国家标准代码,GB/T 2260-2007,行政区划代码,610722,城固县,
2,国家标准代码,GB/T 2260-2007,行政区划代码,610723,洋县,
2,国家标准代码,GB/T 2260-2007,行政区划代码,610724,西乡县,
2,国家标准代码,GB/T 2260-2007,行政区划代码,610725,勉县,
2,国家标准代码,GB/T 2260-2007,行政区划代码,610726,宁强县,
2,国家标准代码,GB/T 2260-2007,行政区划代码,610727,略阳县,
2,国家标准代码,GB/T 2260-2007,行政区划代码,610728,镇巴县,
2,国家标准代码,GB/T 2260-2007,行政区划代码,610729,留坝县,
2,国家标准代码,GB/T 2260-2007,行政区划代码,610730,佛坪县,
2,国家标准代码,GB/T 2260-2007,行政区划代码,610800,榆林市,
2,国家标准代码,GB/T 2260-2007,行政区划代码,610802,榆阳区,
2,国家标准代码,GB/T 2260-2007,行政区划代码,610803,横山区,
2,国家标准代码,GB/T 2260-2007,行政区划代码,610822,府谷县,
2,国家标准代码,GB/T 2260-2007,行政区划代码,610824,靖边县,
2,国家标准代码,GB/T 2260-2007,行政区划代码,610825,定边县,
2,国家标准代码,GB/T 2260-2007,行政区划代码,610826,绥德县,
2,国家标准代码,GB/T 2260-2007,行政区划代码,610827,米脂县,
2,国家标准代码,GB/T 2260-2007,行政区划代码,610828,佳县,
2,国家标准代码,GB/T 2260-2007,行政区划代码,610829,吴堡县,
2,国家标准代码,GB/T 2260-2007,行政区划代码,610830,清涧县,
2,国家标准代码,GB/T 2260-2007,行政区划代码,610831,子洲县,
2,国家标准代码,GB/T 2260-2007,行政区划代码,610881,神木市,
2,国家标准代码,GB/T 2260-2007,行政区划代码,610900,安康市,
2,国家标准代码,GB/T 2260-2007,行政区划代码,610902,汉滨区,
2,国家标准代码,GB/T 2260-2007,行政区划代码,610921,汉阴县,
2,国家标准代码,GB/T 2260-2007,行政区划代码,610922,石泉县,
2,国家标准代码,GB/T 2260-2007,行政区划代码,610923,宁陕县,
2,国家标准代码,GB/T 2260-2007,行政区划代码,610924,紫阳县,
2,国家标准代码,GB/T 2260-2007,行政区划代码,610925,岚皋县,
2,国家标准代码,GB/T 2260-2007,行政区划代码,610926,平利县,
2,国家标准代码,GB/T 2260-2007,行政区划代码,610927,镇坪县,
2,国家标准代码,GB/T 2260-2007,行政区划代码,610929,白河县,
2,国家标准代码,GB/T 2260-2007,行政区划代码,610981,旬阳市,
2,国家标准代码,GB/T 2260-2007,行政区划代码,611000,商洛市,
2,国家标准代码,GB/T 2260-2007,行政区划代码,611002,商州区,
2,国家标准代码,GB/T 2260-2007,行政区划代码,611021,洛南县,
2,国家标准代码,GB/T 2260-2007,行政区划代码,611022,丹凤县,
2,国家标准代码,GB/T 2260-2007,行政区划代码,611023,商南县,
2,国家标准代码,GB/T 2260-2007,行政区划代码,611024,山阳县,
2,国家标准代码,GB/T 2260-2007,行政区划代码,611025,镇安县,
2,国家标准代码,GB/T 2260-2007,行政区划代码,611026,柞水县,
2,国家标准代码,GB/T 2260-2007,行政区划代码,620000,甘肃省,
2,国家标准代码,GB/T 2260-2007,行政区划代码,620100,兰州市,
2,国家标准代码,GB/T 2260-2007,行政区划代码,620102,城关区,
2,国家标准代码,GB/T 2260-2007,行政区划代码,620103,七里河区,
2,国家标准代码,GB/T 2260-2007,行政区划代码,620104,西固区,
2,国家标准代码,GB/T 2260-2007,行政区划代码,620105,安宁区,
2,国家标准代码,GB/T 2260-2007,行政区划代码,620111,红古区,
2,国家标准代码,GB/T 2260-2007,行政区划代码,620121,永登县,
2,国家标准代码,GB/T 2260-2007,行政区划代码,620122,皋兰县,
2,国家标准代码,GB/T 2260-2007,行政区划代码,620123,榆中县,
2,国家标准代码,GB/T 2260-2007,行政区划代码,620200,嘉峪关市,
2,国家标准代码,GB/T 2260-2007,行政区划代码,620300,金昌市,
2,国家标准代码,GB/T 2260-2007,行政区划代码,620302,金川区,
2,国家标准代码,GB/T 2260-2007,行政区划代码,620321,永昌县,
2,国家标准代码,GB/T 2260-2007,行政区划代码,620400,白银市,
2,国家标准代码,GB/T 2260-2007,行政区划代码,620402,白银区,
2,国家标准代码,GB/T 2260-2007,行政区划代码,620403,平川区,
2,国家标准代码,GB/T 2260-2007,行政区划代码,620421,靖远县,
2,国家标准代码,GB/T 2260-2007,行政区划代码,620422,会宁县,
2,国家标准代码,GB/T 2260-2007,行政区划代码,620423,景泰县,
2,国家标准代码,GB/T 2260-2007,行政区划代码,620500,天水市,
2,国家标准代码,GB/T 2260-2007,行政区划代码,620502,秦州区,
2,国家标准代码,GB/T 2260-2007,行政区划代码,620503,麦积区,
2,国家标准代码,GB/T 2260-2007,行政区划代码,620521,清水县,
2,国家标准代码,GB/T 2260-2007,行政区划代码,620522,秦安县,
2,国家标准代码,GB/T 2260-2007,行政区划代码,620523,甘谷县,
2,国家标准代码,GB/T 2260-2007,行政区划代码,620524,武山县,
2,国家标准代码,GB/T 2260-2007,行政区划代码,620525,张家川回族自治县,
2,国家标准代码,GB/T 2260-2007,行政区划代码,620600,武威市,
2,国家标准代码,GB/T 2260-2007,行政区划代码,620602,凉州区,
2,国家标准代码,GB/T 2260-2007,行政区划代码,620621,民勤县,
2,国家标准代码,GB/T 2260-2007,行政区划代码,620622,古浪县,
2,国家标准代码,GB/T 2260-2007,行政区划代码,620623,天祝藏族自治县,
2,国家标准代码,GB/T 2260-2007,行政区划代码,620700,张掖市,
2,国家标准代码,GB/T 2260-2007,行政区划代码,620702,甘州区,
2,国家标准代码,GB/T 2260-2007,行政区划代码,620721,肃南裕固族自治县,
2,国家标准代码,GB/T 2260-2007,行政区划代码,620722,民乐县,
2,国家标准代码,GB/T 2260-2007,行政区划代码,620723,临泽县,
2,国家标准代码,GB/T 2260-2007,行政区划代码,620724,高台县,
2,国家标准代码,GB/T 2260-2007,行政区划代码,620725,山丹县,
2,国家标准代码,GB/T 2260-2007,行政区划代码,620800,平凉市,
2,国家标准代码,GB/T 2260-2007,行政区划代码,620802,崆峒区,
2,国家标准代码,GB/T 2260-2007,行政区划代码,620821,泾川县,
2,国家标准代码,GB/T 2260-2007,行政区划代码,620822,灵台县,
2,国家标准代码,GB/T 2260-2007,行政区划代码,620823,崇信县,
2,国家标准代码,GB/T 2260-2007,行政区划代码,620825,庄浪县,
2,国家标准代码,GB/T 2260-2007,行政区划代码,620826,静宁县,
2,国家标准代码,GB/T 2260-2007,行政区划代码,620881,华亭市,
2,国家标准代码,GB/T 2260-2007,行政区划代码,620900,酒泉市,
2,国家标准代码,GB/T 2260-2007,行政区划代码,620902,肃州区,
2,国家标准代码,GB/T 2260-2007,行政区划代码,620921,金塔县,
2,国家标准代码,GB/T 2260-2007,行政区划代码,620922,瓜州县,
2,国家标准代码,GB/T 2260-2007,行政区划代码,620923,肃北蒙古族自治县,
2,国家标准代码,GB/T 2260-2007,行政区划代码,620924,阿克塞哈萨克族自治县,
2,国家标准代码,GB/T 2260-2007,行政区划代码,620981,玉门市,
2,国家标准代码,GB/T 2260-2007,行政区划代码,620982,敦煌市,
2,国家标准代码,GB/T 2260-2007,行政区划代码,621000,庆阳市,
2,国家标准代码,GB/T 2260-2007,行政区划代码,621002,西峰区,
2,国家标准代码,GB/T 2260-2007,行政区划代码,621021,庆城县,
2,国家标准代码,GB/T 2260-2007,行政区划代码,621022,环县,
2,国家标准代码,GB/T 2260-2007,行政区划代码,621023,华池县,
2,国家标准代码,GB/T 2260-2007,行政区划代码,621024,合水县,
2,国家标准代码,GB/T 2260-2007,行政区划代码,621025,正宁县,
2,国家标准代码,GB/T 2260-2007,行政区划代码,621026,宁县,
2,国家标准代码,GB/T 2260-2007,行政区划代码,621027,镇原县,
2,国家标准代码,GB/T 2260-2007,行政区划代码,621100,定西市,
2,国家标准代码,GB/T 2260-2007,行政区划代码,621102,安定区,
2,国家标准代码,GB/T 2260-2007,行政区划代码,621121,通渭县,
2,国家标准代码,GB/T 2260-2007,行政区划代码,621122,陇西县,
2,国家标准代码,GB/T 2260-2007,行政区划代码,621123,渭源县,
2,国家标准代码,GB/T 2260-2007,行政区划代码,621124,临洮县,
2,国家标准代码,GB/T 2260-2007,行政区划代码,621125,漳县,
2,国家标准代码,GB/T 2260-2007,行政区划代码,621126,岷县,
2,国家标准代码,GB/T 2260-2007,行政区划代码,621200,陇南市,
2,国家标准代码,GB/T 2260-2007,行政区划代码,621202,武都区,
2,国家标准代码,GB/T 2260-2007,行政区划代码,621221,成县,
2,国家标准代码,GB/T 2260-2007,行政区划代码,621222,文县,
2,国家标准代码,GB/T 2260-2007,行政区划代码,621223,宕昌县,
2,国家标准代码,GB/T 2260-2007,行政区划代码,621224,康县,
2,国家标准代码,GB/T 2260-2007,行政区划代码,621225,西和县,
2,国家标准代码,GB/T 2260-2007,行政区划代码,621226,礼县,
2,国家标准代码,GB/T 2260-2007,行政区划代码,621227,徽县,
2,国家标准代码,GB/T 2260-2007,行政区划代码,621228,两当县,
2,国家标准代码,GB/T 2260-2007,行政区划代码,622900,临夏回族自治州,
2,国家标准代码,GB/T 2260-2007,行政区划代码,622901,临夏市,
2,国家标准代码,GB/T 2260-2007,行政区划代码,622921,临夏县,
2,国家标准代码,GB/T 2260-2007,行政区划代码,622922,康乐县,
2,国家标准代码,GB/T 2260-2007,行政区划代码,622923,永靖县,
2,国家标准代码,GB/T 2260-2007,行政区划代码,622924,广河县,
2,国家标准代码,GB/T 2260-2007,行政区划代码,622925,和政县,
2,国家标准代码,GB/T 2260-2007,行政区划代码,622926,东乡族自治县,
2,国家标准代码,GB/T 2260-2007,行政区划代码,622927,积石山保安族东乡族撒拉族自治县,
2,国家标准代码,GB/T 2260-2007,行政区划代码,623000,甘南藏族自治州,
2,国家标准代码,GB/T 2260-2007,行政区划代码,623001,合作市,
2,国家标准代码,GB/T 2260-2007,行政区划代码,623021,临潭县,
2,国家标准代码,GB/T 2260-2007,行政区划代码,623022,卓尼县,
2,国家标准代码,GB/T 2260-2007,行政区划代码,623023,舟曲县,
2,国家标准代码,GB/T 2260-2007,行政区划代码,623024,迭部县,
2,国家标准代码,GB/T 2260-2007,行政区划代码,623025,玛曲县,
2,国家标准代码,GB/T 2260-2007,行政区划代码,623026,碌曲县,
2,国家标准代码,GB/T 2260-2007,行政区划代码,623027,夏河县,
2,国家标准代码,GB/T 2260-2007,行政区划代码,630000,青海省,
2,国家标准代码,GB/T 2260-2007,行政区划代码,630100,西宁市,
2,国家标准代码,GB/T 2260-2007,行政区划代码,630102,城东区,
2,国家标准代码,GB/T 2260-2007,行政区划代码,630103,城中区,
2,国家标准代码,GB/T 2260-2007,行政区划代码,630104,城西区,
2,国家标准代码,GB/T 2260-2007,行政区划代码,630105,城北区,
2,国家标准代码,GB/T 2260-2007,行政区划代码,630106,湟中区,
2,国家标准代码,GB/T 2260-2007,行政区划代码,630121,大通回族土族自治县,
2,国家标准代码,GB/T 2260-2007,行政区划代码,630123,湟源县,
2,国家标准代码,GB/T 2260-2007,行政区划代码,630200,海东市,
2,国家标准代码,GB/T 2260-2007,行政区划代码,630202,乐都区,
2,国家标准代码,GB/T 2260-2007,行政区划代码,630203,平安区,
2,国家标准代码,GB/T 2260-2007,行政区划代码,630222,民和回族土族自治县,
2,国家标准代码,GB/T 2260-2007,行政区划代码,630223,互助土族自治县,
2,国家标准代码,GB/T 2260-2007,行政区划代码,630224,化隆回族自治县,
2,国家标准代码,GB/T 2260-2007,行政区划代码,630225,循化撒拉族自治县,
2,国家标准代码,GB/T 2260-2007,行政区划代码,632200,海北藏族自治州,
2,国家标准代码,GB/T 2260-2007,行政区划代码,632221,门源回族自治县,
2,国家标准代码,GB/T 2260-2007,行政区划代码,632222,祁连县,
2,国家标准代码,GB/T 2260-2007,行政区划代码,632223,海晏县,
2,国家标准代码,GB/T 2260-2007,行政区划代码,632224,刚察县,
2,国家标准代码,GB/T 2260-2007,行政区划代码,632300,黄南藏族自治州,
2,国家标准代码,GB/T 2260-2007,行政区划代码,632301,同仁市,
2,国家标准代码,GB/T 2260-2007,行政区划代码,632322,尖扎县,
2,国家标准代码,GB/T 2260-2007,行政区划代码,632323,泽库县,
2,国家标准代码,GB/T 2260-2007,行政区划代码,632324,河南蒙古族自治县,
2,国家标准代码,GB/T 2260-2007,行政区划代码,632500,海南藏族自治州,
2,国家标准代码,GB/T 2260-2007,行政区划代码,632521,共和县,
2,国家标准代码,GB/T 2260-2007,行政区划代码,632522,同德县,
2,国家标准代码,GB/T 2260-2007,行政区划代码,632523,贵德县,
2,国家标准代码,GB/T 2260-2007,行政区划代码,632524,兴海县,
2,国家标准代码,GB/T 2260-2007,行政区划代码,632525,贵南县,
2,国家标准代码,GB/T 2260-2007,行政区划代码,632600,果洛藏族自治州,
2,国家标准代码,GB/T 2260-2007,行政区划代码,632621,玛沁县,
2,国家标准代码,GB/T 2260-2007,行政区划代码,632622,班玛县,
2,国家标准代码,GB/T 2260-2007,行政区划代码,632623,甘德县,
2,国家标准代码,GB/T 2260-2007,行政区划代码,632624,达日县,
2,国家标准代码,GB/T 2260-2007,行政区划代码,632625,久治县,
2,国家标准代码,GB/T 2260-2007,行政区划代码,632626,玛多县,
2,国家标准代码,GB/T 2260-2007,行政区划代码,632700,玉树藏族自治州,
2,国家标准代码,GB/T 2260-2007,行政区划代码,632701,玉树市,
2,国家标准代码,GB/T 2260-2007,行政区划代码,632722,杂多县,
2,国家标准代码,GB/T 2260-2007,行政区划代码,632723,称多县,
2,国家标准代码,GB/T 2260-2007,行政区划代码,632724,治多县,
2,国家标准代码,GB/T 2260-2007,行政区划代码,632725,囊谦县,
2,国家标准代码,GB/T 2260-2007,行政区划代码,632726,曲麻莱县,
2,国家标准代码,GB/T 2260-2007,行政区划代码,632800,海西蒙古族藏族自治州,
2,国家标准代码,GB/T 2260-2007,行政区划代码,632801,格尔木市,
2,国家标准代码,GB/T 2260-2007,行政区划代码,632802,德令哈市,
2,国家标准代码,GB/T 2260-2007,行政区划代码,632803,茫崖市,
2,国家标准代码,GB/T 2260-2007,行政区划代码,632821,乌兰县,
2,国家标准代码,GB/T 2260-2007,行政区划代码,632822,都兰县,
2,国家标准代码,GB/T 2260-2007,行政区划代码,632823,天峻县,
2,国家标准代码,GB/T 2260-2007,行政区划代码,640000,宁夏回族自治区,
2,国家标准代码,GB/T 2260-2007,行政区划代码,640100,银川市,
2,国家标准代码,GB/T 2260-2007,行政区划代码,640104,兴庆区,
2,国家标准代码,GB/T 2260-2007,行政区划代码,640105,西夏区,
2,国家标准代码,GB/T 2260-2007,行政区划代码,640106,金凤区,
2,国家标准代码,GB/T 2260-2007,行政区划代码,640121,永宁县,
2,国家标准代码,GB/T 2260-2007,行政区划代码,640122,贺兰县,
2,国家标准代码,GB/T 2260-2007,行政区划代码,640181,灵武市,
2,国家标准代码,GB/T 2260-2007,行政区划代码,640200,石嘴山市,
2,国家标准代码,GB/T 2260-2007,行政区划代码,640202,大武口区,
2,国家标准代码,GB/T 2260-2007,行政区划代码,640205,惠农区,
2,国家标准代码,GB/T 2260-2007,行政区划代码,640221,平罗县,
2,国家标准代码,GB/T 2260-2007,行政区划代码,640300,吴忠市,
2,国家标准代码,GB/T 2260-2007,行政区划代码,640302,利通区,
2,国家标准代码,GB/T 2260-2007,行政区划代码,640303,红寺堡区,
2,国家标准代码,GB/T 2260-2007,行政区划代码,640323,盐池县,
2,国家标准代码,GB/T 2260-2007,行政区划代码,640324,同心县,
2,国家标准代码,GB/T 2260-2007,行政区划代码,640381,青铜峡市,
2,国家标准代码,GB/T 2260-2007,行政区划代码,640400,固原市,
2,国家标准代码,GB/T 2260-2007,行政区划代码,640402,原州区,
2,国家标准代码,GB/T 2260-2007,行政区划代码,640422,西吉县,
2,国家标准代码,GB/T 2260-2007,行政区划代码,640423,隆德县,
2,国家标准代码,GB/T 2260-2007,行政区划代码,640424,泾源县,
2,国家标准代码,GB/T 2260-2007,行政区划代码,640425,彭阳县,
2,国家标准代码,GB/T 2260-2007,行政区划代码,640500,中卫市,
2,国家标准代码,GB/T 2260-2007,行政区划代码,640502,沙坡头区,
2,国家标准代码,GB/T 2260-2007,行政区划代码,640521,中宁县,
2,国家标准代码,GB/T 2260-2007,行政区划代码,640522,海原县,
2,国家标准代码,GB/T 2260-2007,行政区划代码,650000,新疆维吾尔自治区,
2,国家标准代码,GB/T 2260-2007,行政区划代码,650100,乌鲁木齐市,
2,国家标准代码,GB/T 2260-2007,行政区划代码,650102,天山区,
2,国家标准代码,GB/T 2260-2007,行政区划代码,650103,沙依巴克区,
2,国家标准代码,GB/T 2260-2007,行政区划代码,650104,新市区,
2,国家标准代码,GB/T 2260-2007,行政区划代码,650105,水磨沟区,
2,国家标准代码,GB/T 2260-2007,行政区划代码,650106,头屯河区,
2,国家标准代码,GB/T 2260-2007,行政区划代码,650107,达坂城区,
2,国家标准代码,GB/T 2260-2007,行政区划代码,650109,米东区,
2,国家标准代码,GB/T 2260-2007,行政区划代码,650121,乌鲁木齐县,
2,国家标准代码,GB/T 2260-2007,行政区划代码,650200,克拉玛依市,
2,国家标准代码,GB/T 2260-2007,行政区划代码,650202,独山子区,
2,国家标准代码,GB/T 2260-2007,行政区划代码,650203,克拉玛依区,
2,国家标准代码,GB/T 2260-2007,行政区划代码,650204,白碱滩区,
2,国家标准代码,GB/T 2260-2007,行政区划代码,650205,乌尔禾区,
2,国家标准代码,GB/T 2260-2007,行政区划代码,650400,吐鲁番市,
2,国家标准代码,GB/T 2260-2007,行政区划代码,650402,高昌区,
2,国家标准代码,GB/T 2260-2007,行政区划代码,650421,鄯善县,
2,国家标准代码,GB/T 2260-2007,行政区划代码,650422,托克逊县,
2,国家标准代码,GB/T 2260-2007,行政区划代码,650500,哈密市,
2,国家标准代码,GB/T 2260-2007,行政区划代码,650502,伊州区,
2,国家标准代码,GB/T 2260-2007,行政区划代码,650521,巴里坤哈萨克自治县,
2,国家标准代码,GB/T 2260-2007,行政区划代码,650522,伊吾县,
2,国家标准代码,GB/T 2260-2007,行政区划代码,652300,昌吉回族自治州,
2,国家标准代码,GB/T 2260-2007,行政区划代码,652301,昌吉市,
2,国家标准代码,GB/T 2260-2007,行政区划代码,652302,阜康市,
2,国家标准代码,GB/T 2260-2007,行政区划代码,652323,呼图壁县,
2,国家标准代码,GB/T 2260-2007,行政区划代码,652324,玛纳斯县,
2,国家标准代码,GB/T 2260-2007,行政区划代码,652325,奇台县,
2,国家标准代码,GB/T 2260-2007,行政区划代码,652327,吉木萨尔县,
2,国家标准代码,GB/T 2260-2007,行政区划代码,652328,木垒哈萨克自治县,
2,国家标准代码,GB/T 2260-2007,行政区划代码,652700,博尔塔拉蒙古自治州,
2,国家标准代码,GB/T 2260-2007,行政区划代码,652701,博乐市,
2,国家标准代码,GB/T 2260-2007,行政区划代码,652702,阿拉山口市,
2,国家标准代码,GB/T 2260-2007,行政区划代码,652722,精河县,
2,国家标准代码,GB/T 2260-2007,行政区划代码,652723,温泉县,
2,国家标准代码,GB/T 2260-2007,行政区划代码,652800,巴音郭楞蒙古自治州,
2,国家标准代码,GB/T 2260-2007,行政区划代码,652801,库尔勒市,
2,国家标准代码,GB/T 2260-2007,行政区划代码,652822,轮台县,
2,国家标准代码,GB/T 2260-2007,行政区划代码,652823,尉犁县,
2,国家标准代码,GB/T 2260-2007,行政区划代码,652824,若羌县,
2,国家标准代码,GB/T 2260-2007,行政区划代码,652825,且末县,
2,国家标准代码,GB/T 2260-2007,行政区划代码,652826,焉耆回族自治县,
2,国家标准代码,GB/T 2260-2007,行政区划代码,652827,和静县,
2,国家标准代码,GB/T 2260-2007,行政区划代码,652828,和硕县,
2,国家标准代码,GB/T 2260-2007,行政区划代码,652829,博湖县,
2,国家标准代码,GB/T 2260-2007,行政区划代码,652900,阿克苏地区,
2,国家标准代码,GB/T 2260-2007,行政区划代码,652901,阿克苏市,
2,国家标准代码,GB/T 2260-2007,行政区划代码,652902,库车市,
2,国家标准代码,GB/T 2260-2007,行政区划代码,652922,温宿县,
2,国家标准代码,GB/T 2260-2007,行政区划代码,652924,沙雅县,
2,国家标准代码,GB/T 2260-2007,行政区划代码,652925,新和县,
2,国家标准代码,GB/T 2260-2007,行政区划代码,652926,拜城县,
2,国家标准代码,GB/T 2260-2007,行政区划代码,652927,乌什县,
2,国家标准代码,GB/T 2260-2007,行政区划代码,652928,阿瓦提县,
2,国家标准代码,GB/T 2260-2007,行政区划代码,652929,柯坪县,
2,国家标准代码,GB/T 2260-2007,行政区划代码,653000,克孜勒苏柯尔克孜自治州,
2,国家标准代码,GB/T 2260-2007,行政区划代码,653001,阿图什市,
2,国家标准代码,GB/T 2260-2007,行政区划代码,653022,阿克陶县,
2,国家标准代码,GB/T 2260-2007,行政区划代码,653023,阿合奇县,
2,国家标准代码,GB/T 2260-2007,行政区划代码,653024,乌恰县,
2,国家标准代码,GB/T 2260-2007,行政区划代码,653100,喀什地区,
2,国家标准代码,GB/T 2260-2007,行政区划代码,653101,喀什市,
2,国家标准代码,GB/T 2260-2007,行政区划代码,653121,疏附县,
2,国家标准代码,GB/T 2260-2007,行政区划代码,653122,疏勒县,
2,国家标准代码,GB/T 2260-2007,行政区划代码,653123,英吉沙县,
2,国家标准代码,GB/T 2260-2007,行政区划代码,653124,泽普县,
2,国家标准代码,GB/T 2260-2007,行政区划代码,653125,莎车县,
2,国家标准代码,GB/T 2260-2007,行政区划代码,653126,叶城县,
2,国家标准代码,GB/T 2260-2007,行政区划代码,653127,麦盖提县,
2,国家标准代码,GB/T 2260-2007,行政区划代码,653128,岳普湖县,
2,国家标准代码,GB/T 2260-2007,行政区划代码,653129,伽师县,
2,国家标准代码,GB/T 2260-2007,行政区划代码,653130,巴楚县,
2,国家标准代码,GB/T 2260-2007,行政区划代码,653131,塔什库尔干塔吉克自治县,
2,国家标准代码,GB/T 2260-2007,行政区划代码,653200,和田地区,
2,国家标准代码,GB/T 2260-2007,行政区划代码,653201,和田市,
2,国家标准代码,GB/T 2260-2007,行政区划代码,653221,和田县,
2,国家标准代码,GB/T 2260-2007,行政区划代码,653222,墨玉县,
2,国家标准代码,GB/T 2260-2007,行政区划代码,653223,皮山县,
2,国家标准代码,GB/T 2260-2007,行政区划代码,653224,洛浦县,
2,国家标准代码,GB/T 2260-2007,行政区划代码,653225,策勒县,
2,国家标准代码,GB/T 2260-2007,行政区划代码,653226,于田县,
2,国家标准代码,GB/T 2260-2007,行政区划代码,653227,民丰县,
2,国家标准代码,GB/T 2260-2007,行政区划代码,654000,伊犁哈萨克自治州,
2,国家标准代码,GB/T 2260-2007,行政区划代码,654002,伊宁市,
2,国家标准代码,GB/T 2260-2007,行政区划代码,654003,奎屯市,
2,国家标准代码,GB/T 2260-2007,行政区划代码,654004,霍尔果斯市,
2,国家标准代码,GB/T 2260-2007,行政区划代码,654021,伊宁县,
2,国家标准代码,GB/T 2260-2007,行政区划代码,654022,察布查尔锡伯自治县,
2,国家标准代码,GB/T 2260-2007,行政区划代码,654023,霍城县,
2,国家标准代码,GB/T 2260-2007,行政区划代码,654024,巩留县,
2,国家标准代码,GB/T 2260-2007,行政区划代码,654025,新源县,
2,国家标准代码,GB/T 2260-2007,行政区划代码,654026,昭苏县,
2,国家标准代码,GB/T 2260-2007,行政区划代码,654027,特克斯县,
2,国家标准代码,GB/T 2260-2007,行政区划代码,654028,尼勒克县,
2,国家标准代码,GB/T 2260-2007,行政区划代码,654200,塔城地区,
2,国家标准代码,GB/T 2260-2007,行政区划代码,654201,塔城市,
2,国家标准代码,GB/T 2260-2007,行政区划代码,654202,乌苏市,
2,国家标准代码,GB/T 2260-2007,行政区划代码,654203,沙湾市,
2,国家标准代码,GB/T 2260-2007,行政区划代码,654221,额敏县,
2,国家标准代码,GB/T 2260-2007,行政区划代码,654224,托里县,
2,国家标准代码,GB/T 2260-2007,行政区划代码,654225,裕民县,
2,国家标准代码,GB/T 2260-2007,行政区划代码,654226,和布克赛尔蒙古自治县,
2,国家标准代码,GB/T 2260-2007,行政区划代码,654300,阿勒泰地区,
2,国家标准代码,GB/T 2260-2007,行政区划代码,654301,阿勒泰市,
2,国家标准代码,GB/T 2260-2007,行政区划代码,654321,布尔津县,
2,国家标准代码,GB/T 2260-2007,行政区划代码,654322,富蕴县,
2,国家标准代码,GB/T 2260-2007,行政区划代码,654323,福海县,
2,国家标准代码,GB/T 2260-2007,行政区划代码,654324,哈巴河县,
2,国家标准代码,GB/T 2260-2007,行政区划代码,654325,青河县,
2,国家标准代码,GB/T 2260-2007,行政区划代码,654326,吉木乃县,
2,国家标准代码,GB/T 2260-2007,行政区划代码,659001,石河子市,
2,国家标准代码,GB/T 2260-2007,行政区划代码,659002,阿拉尔市,
2,国家标准代码,GB/T 2260-2007,行政区划代码,659003,图木舒克市,
2,国家标准代码,GB/T 2260-2007,行政区划代码,659004,五家渠市,
2,国家标准代码,GB/T 2260-2007,行政区划代码,659005,北屯市,
2,国家标准代码,GB/T 2260-2007,行政区划代码,659006,铁门关市,
2,国家标准代码,GB/T 2260-2007,行政区划代码,659007,双河市,
2,国家标准代码,GB/T 2260-2007,行政区划代码,659008,可克达拉市,
2,国家标准代码,GB/T 2260-2007,行政区划代码,659009,昆玉市,
2,国家标准代码,GB/T 2260-2007,行政区划代码,659010,胡杨河市,
2,国家标准代码,GB/T 2260-2007,行政区划代码,659011,新星市,
2,国家标准代码,GB/T 2260-2007,行政区划代码,710000,台湾省,
2,国家标准代码,GB/T 2260-2007,行政区划代码,810000,香港特别行政区,
2,国家标准代码,GB/T 2260-2007,行政区划代码,820000,澳门特别行政区,
2,国家标准代码,GB/T 4761-2008,联系人关系,0,本人或户主,
2,国家标准代码,GB/T 4761-2008,联系人关系,1,配偶,
2,国家标准代码,GB/T 4761-2008,联系人关系,2,子,
2,国家标准代码,GB/T 4761-2008,联系人关系,3,女,
2,国家标准代码,GB/T 4761-2008,联系人关系,4,孙子、孙女或外孙子、外孙女,
2,国家标准代码,GB/T 4761-2008,联系人关系,5,父母,
2,国家标准代码,GB/T 4761-2008,联系人关系,6,祖父母或外祖父母,
2,国家标准代码,GB/T 4761-2008,联系人关系,7,兄、弟、姐、妹,
2,国家标准代码,GB/T 4761-2008,联系人关系,9,其他,
2,国家标准代码,GB/T 12404-1997,单位隶属关系代码,10,中央,包括全国人大常委会，中共中央，国务院各部委及其所属机构，国务院各直属机构、办事机构及其所属机构
2,国家标准代码,GB/T 12404-1997,单位隶属关系代码,20,省,包括自治区、直辖市
2,国家标准代码,GB/T 12404-1997,单位隶属关系代码,40,市、地区,包括自治州、盟、省辖市、直辖市辖区(县)
2,国家标准代码,GB/T 12404-1997,单位隶属关系代码,50,县,包括地(州、盟)辖市、省辖市辖区、自治县(旗)、旗、县级市
2,国家标准代码,GB/T 12404-1997,单位隶属关系代码,60,街道、镇、乡,
2,国家标准代码,GB/T 12404-1997,单位隶属关系代码,61,街道,
2,国家标准代码,GB/T 12404-1997,单位隶属关系代码,62,镇,
2,国家标准代码,GB/T 12404-1997,单位隶属关系代码,63,乡,
2,国家标准代码,GB/T 12404-1997,单位隶属关系代码,70,居民、村民委员会,
2,国家标准代码,GB/T 12404-1997,单位隶属关系代码,71,居民委员会,
2,国家标准代码,GB/T 12404-1997,单位隶属关系代码,72,村民委员会,
2,国家标准代码,GB/T 12404-1997,单位隶属关系代码,90,其他,
2,国家标准代码,GBT6864_2003,学位代码,1,名誉博士,
2,国家标准代码,GBT6864_2003,学位代码,2,博士,
2,国家标准代码,GBT6864_2003,学位代码,3,硕士,
2,国家标准代码,GBT6864_2003,学位代码,4,学士,
2,国家标准代码,GBT6864_2003,学位代码,201,哲学博士学位,
2,国家标准代码,GBT6864_2003,学位代码,202,经济学博士学位,
2,国家标准代码,GBT6864_2003,学位代码,203,法学博士学位,
2,国家标准代码,GBT6864_2003,学位代码,204,教育学博士学位,
2,国家标准代码,GBT6864_2003,学位代码,205,文学博士学位,
2,国家标准代码,GBT6864_2003,学位代码,206,历史学博士学位,
2,国家标准代码,GBT6864_2003,学位代码,207,理学博士学位,
2,国家标准代码,GBT6864_2003,学位代码,208,工学博士学位,
2,国家标准代码,GBT6864_2003,学位代码,209,农学博士学位,
2,国家标准代码,GBT6864_2003,学位代码,210,医学博士学位,
2,国家标准代码,GBT6864_2003,学位代码,211,军事学博士学位,
2,国家标准代码,GBT6864_2003,学位代码,212,管理学博士学位,
2,国家标准代码,GBT6864_2003,学位代码,245,临床医学博士专业学位,
2,国家标准代码,GBT6864_2003,学位代码,248,兽医博士专业学位,
2,国家标准代码,GBT6864_2003,学位代码,250,口腔医学博士专业学位,
2,国家标准代码,GBT6864_2003,学位代码,301,哲学硕士学位,
2,国家标准代码,GBT6864_2003,学位代码,302,经济学硕士学位,
2,国家标准代码,GBT6864_2003,学位代码,303,法学硕士学位,
2,国家标准代码,GBT6864_2003,学位代码,304,教育学硕士学位,
2,国家标准代码,GBT6864_2003,学位代码,305,文学硕士学位,
2,国家标准代码,GBT6864_2003,学位代码,306,历史学硕士学位,
2,国家标准代码,GBT6864_2003,学位代码,307,理学硕士学位,
2,国家标准代码,GBT6864_2003,学位代码,308,工学硕士学位,
2,国家标准代码,GBT6864_2003,学位代码,309,农学硕士学位,
2,国家标准代码,GBT6864_2003,学位代码,310,医学硕士学位,
2,国家标准代码,GBT6864_2003,学位代码,311,军事学硕士学位,
2,国家标准代码,GBT6864_2003,学位代码,312,管理学硕士学位,
2,国家标准代码,GBT6864_2003,学位代码,341,法律硕士专业学位,
2,国家标准代码,GBT6864_2003,学位代码,342,教育硕士专业学位,
2,国家标准代码,GBT6864_2003,学位代码,343,工程硕士专业学位,
2,国家标准代码,GBT6864_2003,学位代码,344,建筑学硕士专业学位,
2,国家标准代码,GBT6864_2003,学位代码,345,临床医学硕士专业学位,
2,国家标准代码,GBT6864_2003,学位代码,346,工商管理硕士专业学位,
2,国家标准代码,GBT6864_2003,学位代码,347,农业推广硕士专业学位,
2,国家标准代码,GBT6864_2003,学位代码,348,兽医硕士专业学位,
2,国家标准代码,GBT6864_2003,学位代码,349,公共管理硕士专业学位,
2,国家标准代码,GBT6864_2003,学位代码,350,口腔医学硕士专业学位,
2,国家标准代码,GBT6864_2003,学位代码,351,公共卫生硕士专业学位,
2,国家标准代码,GBT6864_2003,学位代码,352,军事硕士专业学位,
2,国家标准代码,GBT6864_2003,学位代码,401,哲学学士学位,
2,国家标准代码,GBT6864_2003,学位代码,402,经济学学士学位,
2,国家标准代码,GBT6864_2003,学位代码,403,法学学士学位,
2,国家标准代码,GBT6864_2003,学位代码,404,教育学学士学位,
2,国家标准代码,GBT6864_2003,学位代码,405,文学学士学位学位,
2,国家标准代码,GBT6864_2003,学位代码,406,历史学学士学位,
2,国家标准代码,GBT6864_2003,学位代码,407,理学学士学位,
2,国家标准代码,GBT6864_2003,学位代码,408,工学学士学位,
2,国家标准代码,GBT6864_2003,学位代码,409,农学学士学位,
2,国家标准代码,GBT6864_2003,学位代码,410,医学学士学位,
2,国家标准代码,GBT6864_2003,学位代码,411,军事学学士学位,
2,国家标准代码,GBT6864_2003,学位代码,412,管理学学士学位,
2,国家标准代码,GBT6864_2003,学位代码,444,建筑学学士专业学位,
2,国家标准代码,GB/T 16751.3-2023,中医临床诊疗术语 第3部分：治法,C01.,治则类术语,
2,国家标准代码,GB/T 16751.3-2023,中医临床诊疗术语 第3部分：治法,C01.01.,治未病法,
2,国家标准代码,GB/T 16751.3-2023,中医临床诊疗术语 第3部分：治法,C01.01.01,未病先防,
2,国家标准代码,GB/T 16751.3-2023,中医临床诊疗术语 第3部分：治法,C01.01.02,已病防变,
2,国家标准代码,GB/T 16751.3-2023,中医临床诊疗术语 第3部分：治法,C01.01.03,瘥后防复,
2,国家标准代码,GB/T 16751.3-2023,中医临床诊疗术语 第3部分：治法,C01.02,急则治标,
2,国家标准代码,GB/T 16751.3-2023,中医临床诊疗术语 第3部分：治法,C01.03,缓则治本,
2,国家标准代码,GB/T 16751.3-2023,中医临床诊疗术语 第3部分：治法,C01.04,标本兼治,
2,国家标准代码,GB/T 16751.3-2023,中医临床诊疗术语 第3部分：治法,C01.05,因时制宜,
2,国家标准代码,GB/T 16751.3-2023,中医临床诊疗术语 第3部分：治法,C01.06,因地制宜,
2,国家标准代码,GB/T 16751.3-2023,中医临床诊疗术语 第3部分：治法,C01.07,因人制宜,
2,国家标准代码,GB/T 16751.3-2023,中医临床诊疗术语 第3部分：治法,C01.08,扶正祛邪,
2,国家标准代码,GB/T 16751.3-2023,中医临床诊疗术语 第3部分：治法,C01.09,扶正固本,
2,国家标准代码,GB/T 16751.3-2023,中医临床诊疗术语 第3部分：治法,C01.10,祛邪扶正,
2,国家标准代码,GB/T 16751.3-2023,中医临床诊疗术语 第3部分：治法,C01.11,攻补兼施,
2,国家标准代码,GB/T 16751.3-2023,中医临床诊疗术语 第3部分：治法,C01.11.01,先攻后补,
2,国家标准代码,GB/T 16751.3-2023,中医临床诊疗术语 第3部分：治法,C01.11.02,先补后攻,
2,国家标准代码,GB/T 16751.3-2023,中医临床诊疗术语 第3部分：治法,C01.11.03,寓攻于补,
2,国家标准代码,GB/T 16751.3-2023,中医临床诊疗术语 第3部分：治法,C01.11.04,寓补于攻,
2,国家标准代码,GB/T 16751.3-2023,中医临床诊疗术语 第3部分：治法,C01.12.,正治法,
2,国家标准代码,GB/T 16751.3-2023,中医临床诊疗术语 第3部分：治法,C01.12.01,寒者热之,
2,国家标准代码,GB/T 16751.3-2023,中医临床诊疗术语 第3部分：治法,C01.12.02,热者寒之,
2,国家标准代码,GB/T 16751.3-2023,中医临床诊疗术语 第3部分：治法,C01.12.03,虚则补之,
2,国家标准代码,GB/T 16751.3-2023,中医临床诊疗术语 第3部分：治法,C01.12.04,实则泻之,
2,国家标准代码,GB/T 16751.3-2023,中医临床诊疗术语 第3部分：治法,C01.13.,反治法,
2,国家标准代码,GB/T 16751.3-2023,中医临床诊疗术语 第3部分：治法,C01.13.01,寒因寒用,
2,国家标准代码,GB/T 16751.3-2023,中医临床诊疗术语 第3部分：治法,C01.13.02,热因热用,
2,国家标准代码,GB/T 16751.3-2023,中医临床诊疗术语 第3部分：治法,C01.13.03,塞因塞用,
2,国家标准代码,GB/T 16751.3-2023,中医临床诊疗术语 第3部分：治法,C01.13.04,通因通用,
2,国家标准代码,GB/T 16751.3-2023,中医临床诊疗术语 第3部分：治法,C01.14,调理阴阳,
2,国家标准代码,GB/T 16751.3-2023,中医临床诊疗术语 第3部分：治法,C01.14.01,从阴引阳,
2,国家标准代码,GB/T 16751.3-2023,中医临床诊疗术语 第3部分：治法,C01.14.02,从阳引阴,
2,国家标准代码,GB/T 16751.3-2023,中医临床诊疗术语 第3部分：治法,C01.15,虚者补其母,
2,国家标准代码,GB/T 16751.3-2023,中医临床诊疗术语 第3部分：治法,C01.16,实者泻其子,
2,国家标准代码,GB/T 16751.3-2023,中医临床诊疗术语 第3部分：治法,C02.,治法类术语,
2,国家标准代码,GB/T 16751.3-2023,中医临床诊疗术语 第3部分：治法,C02.01.,解表法,
2,国家标准代码,GB/T 16751.3-2023,中医临床诊疗术语 第3部分：治法,C02.01.01,调和营卫,
2,国家标准代码,GB/T 16751.3-2023,中医临床诊疗术语 第3部分：治法,C02.01.01.01,疏风和营,
2,国家标准代码,GB/T 16751.3-2023,中医临床诊疗术语 第3部分：治法,C02.01.01.02,散寒和营,
2,国家标准代码,GB/T 16751.3-2023,中医临床诊疗术语 第3部分：治法,C02.01.01.03,化湿和营,
2,国家标准代码,GB/T 16751.3-2023,中医临床诊疗术语 第3部分：治法,C02.01.02,辛温解表,
2,国家标准代码,GB/T 16751.3-2023,中医临床诊疗术语 第3部分：治法,C02.01.02.01,疏风散寒,
2,国家标准代码,GB/T 16751.3-2023,中医临床诊疗术语 第3部分：治法,C02.01.02.01.01,疏风散寒解表,
2,国家标准代码,GB/T 16751.3-2023,中医临床诊疗术语 第3部分：治法,C02.01.02.02,发汗解表,
2,国家标准代码,GB/T 16751.3-2023,中医临床诊疗术语 第3部分：治法,C02.01.03,辛凉解表,
2,国家标准代码,GB/T 16751.3-2023,中医临床诊疗术语 第3部分：治法,C02.01.04,疏邪解表,
2,国家标准代码,GB/T 16751.3-2023,中医临床诊疗术语 第3部分：治法,C02.01.04.01,解肌发表,
2,国家标准代码,GB/T 16751.3-2023,中医临床诊疗术语 第3部分：治法,C02.01.04.01.01,疏风解表,
2,国家标准代码,GB/T 16751.3-2023,中医临床诊疗术语 第3部分：治法,C02.01.04.02,解肌透疹,
2,国家标准代码,GB/T 16751.3-2023,中医临床诊疗术语 第3部分：治法,C02.01.04.02.01,疏风透疹,
2,国家标准代码,GB/T 16751.3-2023,中医临床诊疗术语 第3部分：治法,C02.01.04.02.02,解毒透疹,
2,国家标准代码,GB/T 16751.3-2023,中医临床诊疗术语 第3部分：治法,C02.01.04.03,祛湿解表,
2,国家标准代码,GB/T 16751.3-2023,中医临床诊疗术语 第3部分：治法,C02.01.04.04,理气解表,
2,国家标准代码,GB/T 16751.3-2023,中医临床诊疗术语 第3部分：治法,C02.01.05,扶正解表,
2,国家标准代码,GB/T 16751.3-2023,中医临床诊疗术语 第3部分：治法,C02.01.05.01,益气解表,
2,国家标准代码,GB/T 16751.3-2023,中医临床诊疗术语 第3部分：治法,C02.01.05.02,养血解表,
2,国家标准代码,GB/T 16751.3-2023,中医临床诊疗术语 第3部分：治法,C02.01.05.02.01,求汗于血,
2,国家标准代码,GB/T 16751.3-2023,中医临床诊疗术语 第3部分：治法,C02.01.05.03,滋阴解表,
2,国家标准代码,GB/T 16751.3-2023,中医临床诊疗术语 第3部分：治法,C02.01.05.04,温阳解表,
2,国家标准代码,GB/T 16751.3-2023,中医临床诊疗术语 第3部分：治法,C02.01.05.04.01,温经解表,
2,国家标准代码,GB/T 16751.3-2023,中医临床诊疗术语 第3部分：治法,C02.01.05.04.02,解表通经,
2,国家标准代码,GB/T 16751.3-2023,中医临床诊疗术语 第3部分：治法,C02.02.,表里双解法,
2,国家标准代码,GB/T 16751.3-2023,中医临床诊疗术语 第3部分：治法,C02.02.01,表里双解,
2,国家标准代码,GB/T 16751.3-2023,中医临床诊疗术语 第3部分：治法,C02.02.01.01,辛凉清热,
2,国家标准代码,GB/T 16751.3-2023,中医临床诊疗术语 第3部分：治法,C02.02.01.01.01,疏风清热,
2,国家标准代码,GB/T 16751.3-2023,中医临床诊疗术语 第3部分：治法,C02.02.01.01.02,透表清热,
2,国家标准代码,GB/T 16751.3-2023,中医临床诊疗术语 第3部分：治法,C02.02.01.02,解表宣肺,
2,国家标准代码,GB/T 16751.3-2023,中医临床诊疗术语 第3部分：治法,C02.02.01.02.01,疏风宣肺,
2,国家标准代码,GB/T 16751.3-2023,中医临床诊疗术语 第3部分：治法,C02.02.01.02.02,散寒清肺,
2,国家标准代码,GB/T 16751.3-2023,中医临床诊疗术语 第3部分：治法,C02.02.02,解表攻里,
2,国家标准代码,GB/T 16751.3-2023,中医临床诊疗术语 第3部分：治法,C02.02.03,解表清里,
2,国家标准代码,GB/T 16751.3-2023,中医临床诊疗术语 第3部分：治法,C02.02.03.01,解肌清热,
2,国家标准代码,GB/T 16751.3-2023,中医临床诊疗术语 第3部分：治法,C02.02.03.02,解表清肺,
2,国家标准代码,GB/T 16751.3-2023,中医临床诊疗术语 第3部分：治法,C02.02.04,解表温里,
2,国家标准代码,GB/T 16751.3-2023,中医临床诊疗术语 第3部分：治法,C02.03.,涌吐法,
2,国家标准代码,GB/T 16751.3-2023,中医临床诊疗术语 第3部分：治法,C02.03.01,涌吐宿食,
2,国家标准代码,GB/T 16751.3-2023,中医临床诊疗术语 第3部分：治法,C02.03.02,涌吐痰食,
2,国家标准代码,GB/T 16751.3-2023,中医临床诊疗术语 第3部分：治法,C02.03.03,涌吐痰诞,
2,国家标准代码,GB/T 16751.3-2023,中医临床诊疗术语 第3部分：治法,C02.03.03.01,涌吐风痰,
2,国家标准代码,GB/T 16751.3-2023,中医临床诊疗术语 第3部分：治法,C02.03.03.02,开关涌吐,
2,国家标准代码,GB/T 16751.3-2023,中医临床诊疗术语 第3部分：治法,C02.04.,攻下法,
2,国家标准代码,GB/T 16751.3-2023,中医临床诊疗术语 第3部分：治法,C02.04.01,清热攻下,
2,国家标准代码,GB/T 16751.3-2023,中医临床诊疗术语 第3部分：治法,C02.04.01.01,泻结行滞,
2,国家标准代码,GB/T 16751.3-2023,中医临床诊疗术语 第3部分：治法,C02.04.01.02,急下存阴,
2,国家标准代码,GB/T 16751.3-2023,中医临床诊疗术语 第3部分：治法,C02.04.02,温下实寒,
2,国家标准代码,GB/T 16751.3-2023,中医临床诊疗术语 第3部分：治法,C02.04.02.01,温阳通便,
2,国家标准代码,GB/T 16751.3-2023,中医临床诊疗术语 第3部分：治法,C02.04.02.02,攻下冷积,
2,国家标准代码,GB/T 16751.3-2023,中医临床诊疗术语 第3部分：治法,C02.04.03,益气通下,
2,国家标准代码,GB/T 16751.3-2023,中医临床诊疗术语 第3部分：治法,C02.04.04,润燥通便,
2,国家标准代码,GB/T 16751.3-2023,中医临床诊疗术语 第3部分：治法,C02.04.04.01,润肠泄热,
2,国家标准代码,GB/T 16751.3-2023,中医临床诊疗术语 第3部分：治法,C02.04.04.02,软坚润燥,
2,国家标准代码,GB/T 16751.3-2023,中医临床诊疗术语 第3部分：治法,C02.04.05,泻下逐水,
2,国家标准代码,GB/T 16751.3-2023,中医临床诊疗术语 第3部分：治法,C02.04.05.01,泻热逐水,
2,国家标准代码,GB/T 16751.3-2023,中医临床诊疗术语 第3部分：治法,C02.04.05.02,温阳逐水,
2,国家标准代码,GB/T 16751.3-2023,中医临床诊疗术语 第3部分：治法,C02.04.05.03,破积逐水,
2,国家标准代码,GB/T 16751.3-2023,中医临床诊疗术语 第3部分：治法,C02.05.,和解法,
2,国家标准代码,GB/T 16751.3-2023,中医临床诊疗术语 第3部分：治法,C02.05.01,和解表里,
2,国家标准代码,GB/T 16751.3-2023,中医临床诊疗术语 第3部分：治法,C02.05.01.01,和解少阳,
2,国家标准代码,GB/T 16751.3-2023,中医临床诊疗术语 第3部分：治法,C02.05.01.02,和解透表,
2,国家标准代码,GB/T 16751.3-2023,中医临床诊疗术语 第3部分：治法,C02.05.01.03,表里分消,
2,国家标准代码,GB/T 16751.3-2023,中医临床诊疗术语 第3部分：治法,C02.05.01.04,开达膜原,
2,国家标准代码,GB/T 16751.3-2023,中医临床诊疗术语 第3部分：治法,C02.05.01.05,驱邪截疟,
2,国家标准代码,GB/T 16751.3-2023,中医临床诊疗术语 第3部分：治法,C02.05.02,寒温并用,
2,国家标准代码,GB/T 16751.3-2023,中医临床诊疗术语 第3部分：治法,C02.05.02.01,平调寒热,
2,国家标准代码,GB/T 16751.3-2023,中医临床诊疗术语 第3部分：治法,C02.05.02.02,辛开苦降,
2,国家标准代码,GB/T 16751.3-2023,中医临床诊疗术语 第3部分：治法,C02.05.02.03,清上温中,
2,国家标准代码,GB/T 16751.3-2023,中医临床诊疗术语 第3部分：治法,C02.05.02.04,温中清肠,
2,国家标准代码,GB/T 16751.3-2023,中医临床诊疗术语 第3部分：治法,C02.05.02.05,温下清上,
2,国家标准代码,GB/T 16751.3-2023,中医临床诊疗术语 第3部分：治法,C02.05.03,调和气血,
2,国家标准代码,GB/T 16751.3-2023,中医临床诊疗术语 第3部分：治法,C02.05.03.01,调气和营,
2,国家标准代码,GB/T 16751.3-2023,中医临床诊疗术语 第3部分：治法,C02.05.03.02,调理冲任,
2,国家标准代码,GB/T 16751.3-2023,中医临床诊疗术语 第3部分：治法,C02.05.04,调和肝脾,
2,国家标准代码,GB/T 16751.3-2023,中医临床诊疗术语 第3部分：治法,C02.05.04.01,疏肝理脾,
2,国家标准代码,GB/T 16751.3-2023,中医临床诊疗术语 第3部分：治法,C02.05.04.02,疏肝健脾,
2,国家标准代码,GB/T 16751.3-2023,中医临床诊疗术语 第3部分：治法,C02.05.04.03,抑肝扶脾,
2,国家标准代码,GB/T 16751.3-2023,中医临床诊疗术语 第3部分：治法,C02.05.05,疏肝和胃,
2,国家标准代码,GB/T 16751.3-2023,中医临床诊疗术语 第3部分：治法,C02.05.05.01,解郁和胃,
2,国家标准代码,GB/T 16751.3-2023,中医临床诊疗术语 第3部分：治法,C02.05.05.02,抑肝和胃,
2,国家标准代码,GB/T 16751.3-2023,中医临床诊疗术语 第3部分：治法,C02.05.05.03,泄肝和胃,
2,国家标准代码,GB/T 16751.3-2023,中医临床诊疗术语 第3部分：治法,C02.05.06,调理脾胃,
2,国家标准代码,GB/T 16751.3-2023,中医临床诊疗术语 第3部分：治法,C02.05.06.01,健脾和胃,
2,国家标准代码,GB/T 16751.3-2023,中医临床诊疗术语 第3部分：治法,C02.05.06.02,养胃和中,
2,国家标准代码,GB/T 16751.3-2023,中医临床诊疗术语 第3部分：治法,C02.05.06.03,调中和胃,
2,国家标准代码,GB/T 16751.3-2023,中医临床诊疗术语 第3部分：治法,C02.05.06.04,和中缓急,
2,国家标准代码,GB/T 16751.3-2023,中医临床诊疗术语 第3部分：治法,C02.05.06.05,调理肠胃,
2,国家标准代码,GB/T 16751.3-2023,中医临床诊疗术语 第3部分：治法,C02.06.,清热法,
2,国家标准代码,GB/T 16751.3-2023,中医临床诊疗术语 第3部分：治法,C02.06.01,清热泻火,
2,国家标准代码,GB/T 16751.3-2023,中医临床诊疗术语 第3部分：治法,C02.06.01.01,苦寒清热,
2,国家标准代码,GB/T 16751.3-2023,中医临床诊疗术语 第3部分：治法,C02.06.01.02,甘寒清热,
2,国家标准代码,GB/T 16751.3-2023,中医临床诊疗术语 第3部分：治法,C02.06.01.03,辛寒清热,
2,国家标准代码,GB/T 16751.3-2023,中医临床诊疗术语 第3部分：治法,C02.06.01.04,清热行滞,
2,国家标准代码,GB/T 16751.3-2023,中医临床诊疗术语 第3部分：治法,C02.06.01.05,清热止痛,
2,国家标准代码,GB/T 16751.3-2023,中医临床诊疗术语 第3部分：治法,C02.06.01.06,清热化斑,
2,国家标准代码,GB/T 16751.3-2023,中医临床诊疗术语 第3部分：治法,C02.06.01.07,清热止血,
2,国家标准代码,GB/T 16751.3-2023,中医临床诊疗术语 第3部分：治法,C02.06.02,清热解毒,
2,国家标准代码,GB/T 16751.3-2023,中医临床诊疗术语 第3部分：治法,C02.06.02.01,清营解毒,
2,国家标准代码,GB/T 16751.3-2023,中医临床诊疗术语 第3部分：治法,C02.06.02.02,凉血解毒,
2,国家标准代码,GB/T 16751.3-2023,中医临床诊疗术语 第3部分：治法,C02.06.02.03,解毒化斑,
2,国家标准代码,GB/T 16751.3-2023,中医临床诊疗术语 第3部分：治法,C02.06.02.04,清心解毒,
2,国家标准代码,GB/T 16751.3-2023,中医临床诊疗术语 第3部分：治法,C02.06.02.05,清肺解毒,
2,国家标准代码,GB/T 16751.3-2023,中医临床诊疗术语 第3部分：治法,C02.06.02.06,清肝解毒,
2,国家标准代码,GB/T 16751.3-2023,中医临床诊疗术语 第3部分：治法,C02.06.02.07,清胃解毒,
2,国家标准代码,GB/T 16751.3-2023,中医临床诊疗术语 第3部分：治法,C02.06.02.08,清肠解毒,
2,国家标准代码,GB/T 16751.3-2023,中医临床诊疗术语 第3部分：治法,C02.06.02.09,解毒消瘴,
2,国家标准代码,GB/T 16751.3-2023,中医临床诊疗术语 第3部分：治法,C02.06.03,清热祛邪,
2,国家标准代码,GB/T 16751.3-2023,中医临床诊疗术语 第3部分：治法,C02.06.03.01,清热透邪,
2,国家标准代码,GB/T 16751.3-2023,中医临床诊疗术语 第3部分：治法,C02.06.03.02,清热透疹,
2,国家标准代码,GB/T 16751.3-2023,中医临床诊疗术语 第3部分：治法,C02.06.03.03,清热宣痹,
2,国家标准代码,GB/T 16751.3-2023,中医临床诊疗术语 第3部分：治法,C02.06.03.04,清热凉营,
2,国家标准代码,GB/T 16751.3-2023,中医临床诊疗术语 第3部分：治法,C02.06.03.04.01,清营泄热,
2,国家标准代码,GB/T 16751.3-2023,中医临床诊疗术语 第3部分：治法,C02.06.03.04.02,清营透热,
2,国家标准代码,GB/T 16751.3-2023,中医临床诊疗术语 第3部分：治法,C02.06.03.05,清热凉血,
2,国家标准代码,GB/T 16751.3-2023,中医临床诊疗术语 第3部分：治法,C02.06.03.05.01,气血双清,
2,国家标准代码,GB/T 16751.3-2023,中医临床诊疗术语 第3部分：治法,C02.06.03.05.02,清营凉血,
2,国家标准代码,GB/T 16751.3-2023,中医临床诊疗术语 第3部分：治法,C02.06.03.05.03,凉血清热,
2,国家标准代码,GB/T 16751.3-2023,中医临床诊疗术语 第3部分：治法,C02.06.03.05.04,凉血止痢,
2,国家标准代码,GB/T 16751.3-2023,中医临床诊疗术语 第3部分：治法,C02.06.03.05.05,凉血化斑,
2,国家标准代码,GB/T 16751.3-2023,中医临床诊疗术语 第3部分：治法,C02.06.03.05.06,凉血止血,
2,国家标准代码,GB/T 16751.3-2023,中医临床诊疗术语 第3部分：治法,C02.06.03.05.07,凉血润燥,
2,国家标准代码,GB/T 16751.3-2023,中医临床诊疗术语 第3部分：治法,C02.06.03.05.08,凉血养阴,
2,国家标准代码,GB/T 16751.3-2023,中医临床诊疗术语 第3部分：治法,C02.06.03.06,清热散结,
2,国家标准代码,GB/T 16751.3-2023,中医临床诊疗术语 第3部分：治法,C02.06.03.06.01,清热散结止痛,
2,国家标准代码,GB/T 16751.3-2023,中医临床诊疗术语 第3部分：治法,C02.06.03.07,清热消肿,
2,国家标准代码,GB/T 16751.3-2023,中医临床诊疗术语 第3部分：治法,C02.06.04,清泄里热,
2,国家标准代码,GB/T 16751.3-2023,中医临床诊疗术语 第3部分：治法,C02.06.04.01,清宣郁热,
2,国家标准代码,GB/T 16751.3-2023,中医临床诊疗术语 第3部分：治法,C02.06.04.02,清心泻火,
2,国家标准代码,GB/T 16751.3-2023,中医临床诊疗术语 第3部分：治法,C02.06.04.02.01,清心导赤,
2,国家标准代码,GB/T 16751.3-2023,中医临床诊疗术语 第3部分：治法,C02.06.04.02.02,清心凉营,
2,国家标准代码,GB/T 16751.3-2023,中医临床诊疗术语 第3部分：治法,C02.06.04.02.03,清心凉血,
2,国家标准代码,GB/T 16751.3-2023,中医临床诊疗术语 第3部分：治法,C02.06.04.02.04,清心养阴,
2,国家标准代码,GB/T 16751.3-2023,中医临床诊疗术语 第3部分：治法,C02.06.04.02.05,清心安神,
2,国家标准代码,GB/T 16751.3-2023,中医临床诊疗术语 第3部分：治法,C02.06.04.02.06,清心泻脾,
2,国家标准代码,GB/T 16751.3-2023,中医临床诊疗术语 第3部分：治法,C02.06.04.02.07,清心泻肝,
2,国家标准代码,GB/T 16751.3-2023,中医临床诊疗术语 第3部分：治法,C02.06.04.02.08,清心泻肺,
2,国家标准代码,GB/T 16751.3-2023,中医临床诊疗术语 第3部分：治法,C02.06.04.02.09,清心泻肾,
2,国家标准代码,GB/T 16751.3-2023,中医临床诊疗术语 第3部分：治法,C02.06.04.03,清热泻肺,
2,国家标准代码,GB/T 16751.3-2023,中医临床诊疗术语 第3部分：治法,C02.06.04.03.01,清热宣肺,
2,国家标准代码,GB/T 16751.3-2023,中医临床诊疗术语 第3部分：治法,C02.06.04.03.01.01,清肺止咳,
2,国家标准代码,GB/T 16751.3-2023,中医临床诊疗术语 第3部分：治法,C02.06.04.03.01.02,清肺平喘,
2,国家标准代码,GB/T 16751.3-2023,中医临床诊疗术语 第3部分：治法,C02.06.04.03.02,清泄膈热,
2,国家标准代码,GB/T 16751.3-2023,中医临床诊疗术语 第3部分：治法,C02.06.04.03.03,清肺化瘀,
2,国家标准代码,GB/T 16751.3-2023,中医临床诊疗术语 第3部分：治法,C02.06.04.03.04,清肺止血,
2,国家标准代码,GB/T 16751.3-2023,中医临床诊疗术语 第3部分：治法,C02.06.04.03.05,清泻肺胃,
2,国家标准代码,GB/T 16751.3-2023,中医临床诊疗术语 第3部分：治法,C02.06.04.03.06,清肺泻肠,
2,国家标准代码,GB/T 16751.3-2023,中医临床诊疗术语 第3部分：治法,C02.06.04.04,清脾泄热,
2,国家标准代码,GB/T 16751.3-2023,中医临床诊疗术语 第3部分：治法,C02.06.04.04.01,清胃泄热,
2,国家标准代码,GB/T 16751.3-2023,中医临床诊疗术语 第3部分：治法,C02.06.04.04.01.01,清热和胃,
2,国家标准代码,GB/T 16751.3-2023,中医临床诊疗术语 第3部分：治法,C02.06.04.04.01.02,清热止呕,
2,国家标准代码,GB/T 16751.3-2023,中医临床诊疗术语 第3部分：治法,C02.06.04.04.01.03,清胃止血,
2,国家标准代码,GB/T 16751.3-2023,中医临床诊疗术语 第3部分：治法,C02.06.04.04.01.04,清胃滋阴,
2,国家标准代码,GB/T 16751.3-2023,中医临床诊疗术语 第3部分：治法,C02.06.04.04.01.05,清胃行滞,
2,国家标准代码,GB/T 16751.3-2023,中医临床诊疗术语 第3部分：治法,C02.06.04.04.01.06,清胃降逆,
2,国家标准代码,GB/T 16751.3-2023,中医临床诊疗术语 第3部分：治法,C02.06.04.04.02,清泻肠热,
2,国家标准代码,GB/T 16751.3-2023,中医临床诊疗术语 第3部分：治法,C02.06.04.04.02.01,清肠止血,
2,国家标准代码,GB/T 16751.3-2023,中医临床诊疗术语 第3部分：治法,C02.06.04.04.02.02,清肠止泻,
2,国家标准代码,GB/T 16751.3-2023,中医临床诊疗术语 第3部分：治法,C02.06.04.04.02.03,清肠止痢,
2,国家标准代码,GB/T 16751.3-2023,中医临床诊疗术语 第3部分：治法,C02.06.04.05,清泻肝胆,
2,国家标准代码,GB/T 16751.3-2023,中医临床诊疗术语 第3部分：治法,C02.06.04.05.01,清肝泄火,
2,国家标准代码,GB/T 16751.3-2023,中医临床诊疗术语 第3部分：治法,C02.06.04.05.01.01,疏肝清热,
2,国家标准代码,GB/T 16751.3-2023,中医临床诊疗术语 第3部分：治法,C02.06.04.05.01.02,清肝理气,
2,国家标准代码,GB/T 16751.3-2023,中医临床诊疗术语 第3部分：治法,C02.06.04.05.01.03,清肝化瘀,
2,国家标准代码,GB/T 16751.3-2023,中医临床诊疗术语 第3部分：治法,C02.06.04.05.01.04,清肝养阴,
2,国家标准代码,GB/T 16751.3-2023,中医临床诊疗术语 第3部分：治法,C02.06.04.05.01.05,泻肝清肺,
2,国家标准代码,GB/T 16751.3-2023,中医临床诊疗术语 第3部分：治法,C02.06.04.05.01.06,泻肝清胃,
2,国家标准代码,GB/T 16751.3-2023,中医临床诊疗术语 第3部分：治法,C02.06.04.05.02,清泄胆热,
2,国家标准代码,GB/T 16751.3-2023,中医临床诊疗术语 第3部分：治法,C02.06.04.05.03,清泄相火,
2,国家标准代码,GB/T 16751.3-2023,中医临床诊疗术语 第3部分：治法,C02.06.04.06,清热通淋,
2,国家标准代码,GB/T 16751.3-2023,中医临床诊疗术语 第3部分：治法,C02.06.04.07,清热调经,
2,国家标准代码,GB/T 16751.3-2023,中医临床诊疗术语 第3部分：治法,C02.06.04.08,清热止带,
2,国家标准代码,GB/T 16751.3-2023,中医临床诊疗术语 第3部分：治法,C02.06.04.09,清热安胎,
2,国家标准代码,GB/T 16751.3-2023,中医临床诊疗术语 第3部分：治法,C02.06.05,清泻虚热,
2,国家标准代码,GB/T 16751.3-2023,中医临床诊疗术语 第3部分：治法,C02.06.05.01,潜降虚火,
2,国家标准代码,GB/T 16751.3-2023,中医临床诊疗术语 第3部分：治法,C02.06.05.02,咸寒清热,
2,国家标准代码,GB/T 16751.3-2023,中医临床诊疗术语 第3部分：治法,C02.06.05.03,清热除蒸,
2,国家标准代码,GB/T 16751.3-2023,中医临床诊疗术语 第3部分：治法,C02.06.06,清热养阴,
2,国家标准代码,GB/T 16751.3-2023,中医临床诊疗术语 第3部分：治法,C02.06.06.01,清热生津,
2,国家标准代码,GB/T 16751.3-2023,中医临床诊疗术语 第3部分：治法,C02.06.06.02,清热止渴,
2,国家标准代码,GB/T 16751.3-2023,中医临床诊疗术语 第3部分：治法,C02.07.,理气法,
2,国家标准代码,GB/T 16751.3-2023,中医临床诊疗术语 第3部分：治法,C02.07.01,理气解郁,
2,国家标准代码,GB/T 16751.3-2023,中医临床诊疗术语 第3部分：治法,C02.07.01.01,宣通气机,
2,国家标准代码,GB/T 16751.3-2023,中医临床诊疗术语 第3部分：治法,C02.07.01.02,透邪解郁,
2,国家标准代码,GB/T 16751.3-2023,中医临床诊疗术语 第3部分：治法,C02.07.01.03,开郁降气,
2,国家标准代码,GB/T 16751.3-2023,中医临床诊疗术语 第3部分：治法,C02.07.01.04,宣肺解郁,
2,国家标准代码,GB/T 16751.3-2023,中医临床诊疗术语 第3部分：治法,C02.07.01.04.01,宣肺通气,
2,国家标准代码,GB/T 16751.3-2023,中医临床诊疗术语 第3部分：治法,C02.07.01.05,疏肝理气,
2,国家标准代码,GB/T 16751.3-2023,中医临床诊疗术语 第3部分：治法,C02.07.01.05.01,疏肝利胆,
2,国家标准代码,GB/T 16751.3-2023,中医临床诊疗术语 第3部分：治法,C02.07.01.05.02,平肝降逆,
2,国家标准代码,GB/T 16751.3-2023,中医临床诊疗术语 第3部分：治法,C02.07.01.05.03,疏肝养血,
2,国家标准代码,GB/T 16751.3-2023,中医临床诊疗术语 第3部分：治法,C02.07.01.05.04,疏肝散结,
2,国家标准代码,GB/T 16751.3-2023,中医临床诊疗术语 第3部分：治法,C02.07.01.05.05,疏肝化瘀,
2,国家标准代码,GB/T 16751.3-2023,中医临床诊疗术语 第3部分：治法,C02.07.01.05.06,疏肝通络,
2,国家标准代码,GB/T 16751.3-2023,中医临床诊疗术语 第3部分：治法,C02.07.02,行气降逆,
2,国家标准代码,GB/T 16751.3-2023,中医临床诊疗术语 第3部分：治法,C02.07.02.01,宣肺降逆,
2,国家标准代码,GB/T 16751.3-2023,中医临床诊疗术语 第3部分：治法,C02.07.02.01.01,宣肺止咳,
2,国家标准代码,GB/T 16751.3-2023,中医临床诊疗术语 第3部分：治法,C02.07.02.01.02,降逆平喘,
2,国家标准代码,GB/T 16751.3-2023,中医临床诊疗术语 第3部分：治法,C02.07.02.01.02.01,宣肺平喘,
2,国家标准代码,GB/T 16751.3-2023,中医临床诊疗术语 第3部分：治法,C02.07.02.01.02.02,泻肺平喘,
2,国家标准代码,GB/T 16751.3-2023,中医临床诊疗术语 第3部分：治法,C02.07.02.02,和胃降逆,
2,国家标准代码,GB/T 16751.3-2023,中医临床诊疗术语 第3部分：治法,C02.07.02.02.01,降逆止呕,
2,国家标准代码,GB/T 16751.3-2023,中医临床诊疗术语 第3部分：治法,C02.07.02.02.02,降逆止呃,
2,国家标准代码,GB/T 16751.3-2023,中医临床诊疗术语 第3部分：治法,C02.07.02.02.03,降逆消痞,
2,国家标准代码,GB/T 16751.3-2023,中医临床诊疗术语 第3部分：治法,C02.07.02.03,平冲降逆,
2,国家标准代码,GB/T 16751.3-2023,中医临床诊疗术语 第3部分：治法,C02.07.03,理气行滞,
2,国家标准代码,GB/T 16751.3-2023,中医临床诊疗术语 第3部分：治法,C02.07.03.01,行气和胃,
2,国家标准代码,GB/T 16751.3-2023,中医临床诊疗术语 第3部分：治法,C02.07.03.02,理气消痞,
2,国家标准代码,GB/T 16751.3-2023,中医临床诊疗术语 第3部分：治法,C02.07.03.03,理气健脾,
2,国家标准代码,GB/T 16751.3-2023,中医临床诊疗术语 第3部分：治法,C02.07.03.04,理气消肿,
2,国家标准代码,GB/T 16751.3-2023,中医临床诊疗术语 第3部分：治法,C02.07.03.05,行气宽肠,
2,国家标准代码,GB/T 16751.3-2023,中医临床诊疗术语 第3部分：治法,C02.07.03.06,利气疏导,
2,国家标准代码,GB/T 16751.3-2023,中医临床诊疗术语 第3部分：治法,C02.07.03.07,理气调经,
2,国家标准代码,GB/T 16751.3-2023,中医临床诊疗术语 第3部分：治法,C02.07.03.08,理气安胎,
2,国家标准代码,GB/T 16751.3-2023,中医临床诊疗术语 第3部分：治法,C02.07.03.09,理气止痛,
2,国家标准代码,GB/T 16751.3-2023,中医临床诊疗术语 第3部分：治法,C02.07.03.10,理气通络,
2,国家标准代码,GB/T 16751.3-2023,中医临床诊疗术语 第3部分：治法,C02.07.03.11,理气化瘀,
2,国家标准代码,GB/T 16751.3-2023,中医临床诊疗术语 第3部分：治法,C02.07.03.12,行气破血,
2,国家标准代码,GB/T 16751.3-2023,中医临床诊疗术语 第3部分：治法,C02.07.03.13,理气破积,
2,国家标准代码,GB/T 16751.3-2023,中医临床诊疗术语 第3部分：治法,C02.07.04,补气升提,
2,国家标准代码,GB/T 16751.3-2023,中医临床诊疗术语 第3部分：治法,C02.08.,理血法,
2,国家标准代码,GB/T 16751.3-2023,中医临床诊疗术语 第3部分：治法,C02.08.01,活血养血,
2,国家标准代码,GB/T 16751.3-2023,中医临床诊疗术语 第3部分：治法,C02.08.01.01,祛瘀生新,
2,国家标准代码,GB/T 16751.3-2023,中医临床诊疗术语 第3部分：治法,C02.08.01.02,和营行瘀,
2,国家标准代码,GB/T 16751.3-2023,中医临床诊疗术语 第3部分：治法,C02.08.01.03,和血安胎,
2,国家标准代码,GB/T 16751.3-2023,中医临床诊疗术语 第3部分：治法,C02.08.02,活血化瘀,
2,国家标准代码,GB/T 16751.3-2023,中医临床诊疗术语 第3部分：治法,C02.08.02.01,活血行滞,
2,国家标准代码,GB/T 16751.3-2023,中医临床诊疗术语 第3部分：治法,C02.08.02.01.01,化瘀宽胸,
2,国家标准代码,GB/T 16751.3-2023,中医临床诊疗术语 第3部分：治法,C02.08.02.01.02,消散瘀血,
2,国家标准代码,GB/T 16751.3-2023,中医临床诊疗术语 第3部分：治法,C02.08.02.01.03,行血祛瘀,
2,国家标准代码,GB/T 16751.3-2023,中医临床诊疗术语 第3部分：治法,C02.08.02.01.04,活血散结,
2,国家标准代码,GB/T 16751.3-2023,中医临床诊疗术语 第3部分：治法,C02.08.02.02,活血消积,
2,国家标准代码,GB/T 16751.3-2023,中医临床诊疗术语 第3部分：治法,C02.08.02.02.01,化瘀利水,
2,国家标准代码,GB/T 16751.3-2023,中医临床诊疗术语 第3部分：治法,C02.08.02.02.02,化瘀消积,
2,国家标准代码,GB/T 16751.3-2023,中医临床诊疗术语 第3部分：治法,C02.08.02.03,破血行瘀,
2,国家标准代码,GB/T 16751.3-2023,中医临床诊疗术语 第3部分：治法,C02.08.02.03.01,行血逐瘀,
2,国家标准代码,GB/T 16751.3-2023,中医临床诊疗术语 第3部分：治法,C02.08.02.03.02,破瘀消肿,
2,国家标准代码,GB/T 16751.3-2023,中医临床诊疗术语 第3部分：治法,C02.08.02.03.03,破瘀散结,
2,国家标准代码,GB/T 16751.3-2023,中医临床诊疗术语 第3部分：治法,C02.08.02.03.04,破瘀消癥,
2,国家标准代码,GB/T 16751.3-2023,中医临床诊疗术语 第3部分：治法,C02.08.02.03.05,攻下逐瘀,
2,国家标准代码,GB/T 16751.3-2023,中医临床诊疗术语 第3部分：治法,C02.08.02.03.05.01,祛瘀下胎,
2,国家标准代码,GB/T 16751.3-2023,中医临床诊疗术语 第3部分：治法,C02.08.03,活血舒筋,
2,国家标准代码,GB/T 16751.3-2023,中医临床诊疗术语 第3部分：治法,C02.08.03.01,舒筋和络,
2,国家标准代码,GB/T 16751.3-2023,中医临床诊疗术语 第3部分：治法,C02.08.04,活血通经,
2,国家标准代码,GB/T 16751.3-2023,中医临床诊疗术语 第3部分：治法,C02.08.04.01,通经止痒,
2,国家标准代码,GB/T 16751.3-2023,中医临床诊疗术语 第3部分：治法,C02.08.04.02,活血通痹,
2,国家标准代码,GB/T 16751.3-2023,中医临床诊疗术语 第3部分：治法,C02.08.04.03,活血祛风,
2,国家标准代码,GB/T 16751.3-2023,中医临床诊疗术语 第3部分：治法,C02.08.04.04,化瘀宣肺,
2,国家标准代码,GB/T 16751.3-2023,中医临床诊疗术语 第3部分：治法,C02.08.04.05,化瘀宽心,
2,国家标准代码,GB/T 16751.3-2023,中医临床诊疗术语 第3部分：治法,C02.08.04.06,化瘀理脾,
2,国家标准代码,GB/T 16751.3-2023,中医临床诊疗术语 第3部分：治法,C02.08.04.07,化瘀养胃,
2,国家标准代码,GB/T 16751.3-2023,中医临床诊疗术语 第3部分：治法,C02.08.04.08,化瘀养肝,
2,国家标准代码,GB/T 16751.3-2023,中医临床诊疗术语 第3部分：治法,C02.08.04.09,活血调经,
2,国家标准代码,GB/T 16751.3-2023,中医临床诊疗术语 第3部分：治法,C02.08.05,活血通络,
2,国家标准代码,GB/T 16751.3-2023,中医临床诊疗术语 第3部分：治法,C02.08.05.01,和络,
2,国家标准代码,GB/T 16751.3-2023,中医临床诊疗术语 第3部分：治法,C02.08.05.01.01,和营通络,
2,国家标准代码,GB/T 16751.3-2023,中医临床诊疗术语 第3部分：治法,C02.08.05.01.02,宣痹和络,
2,国家标准代码,GB/T 16751.3-2023,中医临床诊疗术语 第3部分：治法,C02.08.05.01.03,消肿和络,
2,国家标准代码,GB/T 16751.3-2023,中医临床诊疗术语 第3部分：治法,C02.08.05.02,祛瘀通络,
2,国家标准代码,GB/T 16751.3-2023,中医临床诊疗术语 第3部分：治法,C02.08.05.02.01,化瘀通脑,
2,国家标准代码,GB/T 16751.3-2023,中医临床诊疗术语 第3部分：治法,C02.08.05.02.02,化瘀和胃,
2,国家标准代码,GB/T 16751.3-2023,中医临床诊疗术语 第3部分：治法,C02.08.05.02.03,化瘀疏肝,
2,国家标准代码,GB/T 16751.3-2023,中医临床诊疗术语 第3部分：治法,C02.08.05.02.04,通络下乳,
2,国家标准代码,GB/T 16751.3-2023,中医临床诊疗术语 第3部分：治法,C02.08.06,活血止痛,
2,国家标准代码,GB/T 16751.3-2023,中医临床诊疗术语 第3部分：治法,C02.08.06.01,和营止痛,
2,国家标准代码,GB/T 16751.3-2023,中医临床诊疗术语 第3部分：治法,C02.08.06.02,宣痹止痛,
2,国家标准代码,GB/T 16751.3-2023,中医临床诊疗术语 第3部分：治法,C02.08.06.03,通经止痛,
2,国家标准代码,GB/T 16751.3-2023,中医临床诊疗术语 第3部分：治法,C02.08.06.04,舒筋止痛,
2,国家标准代码,GB/T 16751.3-2023,中医临床诊疗术语 第3部分：治法,C02.08.06.05,止血定痛,
2,国家标准代码,GB/T 16751.3-2023,中医临床诊疗术语 第3部分：治法,C02.08.06.06,化瘀止痛,
2,国家标准代码,GB/T 16751.3-2023,中医临床诊疗术语 第3部分：治法,C02.08.06.07,消癥止痛,
2,国家标准代码,GB/T 16751.3-2023,中医临床诊疗术语 第3部分：治法,C02.08.07,活血止血,
2,国家标准代码,GB/T 16751.3-2023,中医临床诊疗术语 第3部分：治法,C02.08.07.01,和络止血,
2,国家标准代码,GB/T 16751.3-2023,中医临床诊疗术语 第3部分：治法,C02.08.07.02,化瘀止血,
2,国家标准代码,GB/T 16751.3-2023,中医临床诊疗术语 第3部分：治法,C02.08.08,化瘀清热,
2,国家标准代码,GB/T 16751.3-2023,中医临床诊疗术语 第3部分：治法,C02.08.08.01,凉血化瘀,
2,国家标准代码,GB/T 16751.3-2023,中医临床诊疗术语 第3部分：治法,C02.08.08.02,清热化瘀通络,
2,国家标准代码,GB/T 16751.3-2023,中医临床诊疗术语 第3部分：治法,C02.09.,祛湿法,
2,国家标准代码,GB/T 16751.3-2023,中医临床诊疗术语 第3部分：治法,C02.09.01.,化湿,
2,国家标准代码,GB/T 16751.3-2023,中医临床诊疗术语 第3部分：治法,C02.09.01.01,芳香化湿,
2,国家标准代码,GB/T 16751.3-2023,中医临床诊疗术语 第3部分：治法,C02.09.01.01.01,轻清宣化,
2,国家标准代码,GB/T 16751.3-2023,中医临床诊疗术语 第3部分：治法,C02.09.01.01.02,宣散湿邪,
2,国家标准代码,GB/T 16751.3-2023,中医临床诊疗术语 第3部分：治法,C02.09.01.01.03,行气化湿,
2,国家标准代码,GB/T 16751.3-2023,中医临床诊疗术语 第3部分：治法,C02.09.01.01.03.01,祛湿除满,
2,国家标准代码,GB/T 16751.3-2023,中医临床诊疗术语 第3部分：治法,C02.09.01.01.03.02,祛湿止泻,
2,国家标准代码,GB/T 16751.3-2023,中医临床诊疗术语 第3部分：治法,C02.09.01.01.03.03,祛湿止痢,
2,国家标准代码,GB/T 16751.3-2023,中医临床诊疗术语 第3部分：治法,C02.09.01.01.04,辟秽化浊,
2,国家标准代码,GB/T 16751.3-2023,中医临床诊疗术语 第3部分：治法,C02.09.01.01.04.01,除湿止带,
2,国家标准代码,GB/T 16751.3-2023,中医临床诊疗术语 第3部分：治法,C02.09.01.01.05,祛湿解毒,
2,国家标准代码,GB/T 16751.3-2023,中医临床诊疗术语 第3部分：治法,C02.09.01.01.05.01,祛湿止痒,
2,国家标准代码,GB/T 16751.3-2023,中医临床诊疗术语 第3部分：治法,C02.09.01.02,散寒除湿,
2,国家标准代码,GB/T 16751.3-2023,中医临床诊疗术语 第3部分：治法,C02.09.01.02.01,宣化寒湿,
2,国家标准代码,GB/T 16751.3-2023,中医临床诊疗术语 第3部分：治法,C02.09.01.02.02,温化寒湿,
2,国家标准代码,GB/T 16751.3-2023,中医临床诊疗术语 第3部分：治法,C02.09.01.03,清热祛湿,
2,国家标准代码,GB/T 16751.3-2023,中医临床诊疗术语 第3部分：治法,C02.09.01.03.01,清热化湿,
2,国家标准代码,GB/T 16751.3-2023,中医临床诊疗术语 第3部分：治法,C02.09.01.03.01.01,清热化湿行滞,
2,国家标准代码,GB/T 16751.3-2023,中医临床诊疗术语 第3部分：治法,C02.09.01.03.01.02,清热化湿解毒,
2,国家标准代码,GB/T 16751.3-2023,中医临床诊疗术语 第3部分：治法,C02.09.01.03.01.03,清热化湿通络,
2,国家标准代码,GB/T 16751.3-2023,中医临床诊疗术语 第3部分：治法,C02.09.01.03.02,清热利湿,
2,国家标准代码,GB/T 16751.3-2023,中医临床诊疗术语 第3部分：治法,C02.09.01.03.02.01,清泄湿热,
2,国家标准代码,GB/T 16751.3-2023,中医临床诊疗术语 第3部分：治法,C02.09.01.03.02.02,清化湿浊,
2,国家标准代码,GB/T 16751.3-2023,中医临床诊疗术语 第3部分：治法,C02.09.01.03.02.03,清利湿浊,
2,国家标准代码,GB/T 16751.3-2023,中医临床诊疗术语 第3部分：治法,C02.09.01.04,健脾化湿,
2,国家标准代码,GB/T 16751.3-2023,中医临床诊疗术语 第3部分：治法,C02.09.01.04.01,健脾渗湿,
2,国家标准代码,GB/T 16751.3-2023,中医临床诊疗术语 第3部分：治法,C02.09.01.04.02,化湿和中,
2,国家标准代码,GB/T 16751.3-2023,中医临床诊疗术语 第3部分：治法,C02.09.01.04.03,温中化湿,
2,国家标准代码,GB/T 16751.3-2023,中医临床诊疗术语 第3部分：治法,C02.09.01.04.04,健脾止带,
2,国家标准代码,GB/T 16751.3-2023,中医临床诊疗术语 第3部分：治法,C02.09.01.05,除湿通络,
2,国家标准代码,GB/T 16751.3-2023,中医临床诊疗术语 第3部分：治法,C02.09.01.05.01,祛湿宣痹,
2,国家标准代码,GB/T 16751.3-2023,中医临床诊疗术语 第3部分：治法,C02.09.01.05.02,除湿止痛,
2,国家标准代码,GB/T 16751.3-2023,中医临床诊疗术语 第3部分：治法,C02.09.02.,燥湿,
2,国家标准代码,GB/T 16751.3-2023,中医临床诊疗术语 第3部分：治法,C02.09.02.01,辛香燥湿,
2,国家标准代码,GB/T 16751.3-2023,中医临床诊疗术语 第3部分：治法,C02.09.02.01.01,祛风燥湿,
2,国家标准代码,GB/T 16751.3-2023,中医临床诊疗术语 第3部分：治法,C02.09.02.01.02,辛香化浊,
2,国家标准代码,GB/T 16751.3-2023,中医临床诊疗术语 第3部分：治法,C02.09.02.01.03,辛香健胃,
2,国家标准代码,GB/T 16751.3-2023,中医临床诊疗术语 第3部分：治法,C02.09.02.01.04,辛香运脾,
2,国家标准代码,GB/T 16751.3-2023,中医临床诊疗术语 第3部分：治法,C02.09.02.02,苦温燥湿,
2,国家标准代码,GB/T 16751.3-2023,中医临床诊疗术语 第3部分：治法,C02.09.02.03,苦寒燥湿,
2,国家标准代码,GB/T 16751.3-2023,中医临床诊疗术语 第3部分：治法,C02.09.02.03.01,燥湿化浊,
2,国家标准代码,GB/T 16751.3-2023,中医临床诊疗术语 第3部分：治法,C02.09.02.03.02,清热燥湿解毒,
2,国家标准代码,GB/T 16751.3-2023,中医临床诊疗术语 第3部分：治法,C02.09.02.04,燥湿敛疮,
2,国家标准代码,GB/T 16751.3-2023,中医临床诊疗术语 第3部分：治法,C02.09.03.,渗湿,
2,国家标准代码,GB/T 16751.3-2023,中医临床诊疗术语 第3部分：治法,C02.09.03.01,淡渗分利,
2,国家标准代码,GB/T 16751.3-2023,中医临床诊疗术语 第3部分：治法,C02.09.03.01.01,分清泄浊,
2,国家标准代码,GB/T 16751.3-2023,中医临床诊疗术语 第3部分：治法,C02.09.03.01.02,宽中利湿,
2,国家标准代码,GB/T 16751.3-2023,中医临床诊疗术语 第3部分：治法,C02.09.03.01.03,清心利湿,
2,国家标准代码,GB/T 16751.3-2023,中医临床诊疗术语 第3部分：治法,C02.09.03.02,清化三焦,
2,国家标准代码,GB/T 16751.3-2023,中医临床诊疗术语 第3部分：治法,C02.09.03.02.01,清宣上焦湿热,
2,国家标准代码,GB/T 16751.3-2023,中医临床诊疗术语 第3部分：治法,C02.09.03.02.02,清化中焦湿热,
2,国家标准代码,GB/T 16751.3-2023,中医临床诊疗术语 第3部分：治法,C02.09.03.02.02.01,清化脾胃,
2,国家标准代码,GB/T 16751.3-2023,中医临床诊疗术语 第3部分：治法,C02.09.03.02.02.02,清利脾经,
2,国家标准代码,GB/T 16751.3-2023,中医临床诊疗术语 第3部分：治法,C02.09.03.02.03,清利下焦湿热,
2,国家标准代码,GB/T 16751.3-2023,中医临床诊疗术语 第3部分：治法,C02.09.03.02.03.01,清利肝胆,
2,国家标准代码,GB/T 16751.3-2023,中医临床诊疗术语 第3部分：治法,C02.09.03.02.03.02,清胆利湿,
2,国家标准代码,GB/T 16751.3-2023,中医临床诊疗术语 第3部分：治法,C02.09.03.02.03.03,清利肝经,
2,国家标准代码,GB/T 16751.3-2023,中医临床诊疗术语 第3部分：治法,C02.09.03.02.03.04,清利肠道,
2,国家标准代码,GB/T 16751.3-2023,中医临床诊疗术语 第3部分：治法,C02.09.03.02.03.05,清利膀胱,
2,国家标准代码,GB/T 16751.3-2023,中医临床诊疗术语 第3部分：治法,C02.09.04.,利湿,
2,国家标准代码,GB/T 16751.3-2023,中医临床诊疗术语 第3部分：治法,C02.09.04.01,利湿化浊,
2,国家标准代码,GB/T 16751.3-2023,中医临床诊疗术语 第3部分：治法,C02.09.04.01.01,化湿降浊,
2,国家标准代码,GB/T 16751.3-2023,中医临床诊疗术语 第3部分：治法,C02.09.04.02,利水消肿,
2,国家标准代码,GB/T 16751.3-2023,中医临床诊疗术语 第3部分：治法,C02.09.04.02.01,祛湿消肿,
2,国家标准代码,GB/T 16751.3-2023,中医临床诊疗术语 第3部分：治法,C02.09.04.02.01.01,渗湿利水,
2,国家标准代码,GB/T 16751.3-2023,中医临床诊疗术语 第3部分：治法,C02.09.04.02.02,解表利水,
2,国家标准代码,GB/T 16751.3-2023,中医临床诊疗术语 第3部分：治法,C02.09.04.02.02.01,疏风利水,
2,国家标准代码,GB/T 16751.3-2023,中医临床诊疗术语 第3部分：治法,C02.09.04.02.03,化气利水,
2,国家标准代码,GB/T 16751.3-2023,中医临床诊疗术语 第3部分：治法,C02.09.04.02.03.01,散寒利水,
2,国家标准代码,GB/T 16751.3-2023,中医临床诊疗术语 第3部分：治法,C02.09.04.02.03.02,宣肺利水,
2,国家标准代码,GB/T 16751.3-2023,中医临床诊疗术语 第3部分：治法,C02.09.04.02.03.03,健脾利水,
2,国家标准代码,GB/T 16751.3-2023,中医临床诊疗术语 第3部分：治法,C02.09.04.02.03.04,温肾利水,
2,国家标准代码,GB/T 16751.3-2023,中医临床诊疗术语 第3部分：治法,C02.10.,润燥法,
2,国家标准代码,GB/T 16751.3-2023,中医临床诊疗术语 第3部分：治法,C02.10.01,轻宣润燥,
2,国家标准代码,GB/T 16751.3-2023,中医临床诊疗术语 第3部分：治法,C02.10.01.01,疏表润燥,
2,国家标准代码,GB/T 16751.3-2023,中医临床诊疗术语 第3部分：治法,C02.10.01.02,祛风润燥,
2,国家标准代码,GB/T 16751.3-2023,中医临床诊疗术语 第3部分：治法,C02.10.01.03,轻宣凉燥,
2,国家标准代码,GB/T 16751.3-2023,中医临床诊疗术语 第3部分：治法,C02.10.01.04,清宣润燥,
2,国家标准代码,GB/T 16751.3-2023,中医临床诊疗术语 第3部分：治法,C02.10.02,清热润燥,
2,国家标准代码,GB/T 16751.3-2023,中医临床诊疗术语 第3部分：治法,C02.10.02.01,清肺润燥,
2,国家标准代码,GB/T 16751.3-2023,中医临床诊疗术语 第3部分：治法,C02.10.03,养血润燥,
2,国家标准代码,GB/T 16751.3-2023,中医临床诊疗术语 第3部分：治法,C02.10.03.01,养营润燥,
2,国家标准代码,GB/T 16751.3-2023,中医临床诊疗术语 第3部分：治法,C02.10.03.02,养血润肤,
2,国家标准代码,GB/T 16751.3-2023,中医临床诊疗术语 第3部分：治法,C02.10.03.03,润肤止痒,
2,国家标准代码,GB/T 16751.3-2023,中医临床诊疗术语 第3部分：治法,C02.10.04,滋阴润燥,
2,国家标准代码,GB/T 16751.3-2023,中医临床诊疗术语 第3部分：治法,C02.10.04.01,生津润燥,
2,国家标准代码,GB/T 16751.3-2023,中医临床诊疗术语 第3部分：治法,C02.10.04.01.01,生津止渴,
2,国家标准代码,GB/T 16751.3-2023,中医临床诊疗术语 第3部分：治法,C02.10.04.01.02,润燥止渴,
2,国家标准代码,GB/T 16751.3-2023,中医临床诊疗术语 第3部分：治法,C02.10.04.02,增液润肺,
2,国家标准代码,GB/T 16751.3-2023,中医临床诊疗术语 第3部分：治法,C02.10.04.02.01,润燥止咳,
2,国家标准代码,GB/T 16751.3-2023,中医临床诊疗术语 第3部分：治法,C02.10.04.03,增液通便,
2,国家标准代码,GB/T 16751.3-2023,中医临床诊疗术语 第3部分：治法,C02.10.04.04,润燥解毒,
2,国家标准代码,GB/T 16751.3-2023,中医临床诊疗术语 第3部分：治法,C02.11.,补益法,
2,国家标准代码,GB/T 16751.3-2023,中医临床诊疗术语 第3部分：治法,C02.11.01.,补气,
2,国家标准代码,GB/T 16751.3-2023,中医临床诊疗术语 第3部分：治法,C02.11.01.01,补益心气,
2,国家标准代码,GB/T 16751.3-2023,中医临床诊疗术语 第3部分：治法,C02.11.01.01.01,益气生脉,
2,国家标准代码,GB/T 16751.3-2023,中医临床诊疗术语 第3部分：治法,C02.11.01.01.02,补益心肺,
2,国家标准代码,GB/T 16751.3-2023,中医临床诊疗术语 第3部分：治法,C02.11.01.02,补益肝气,
2,国家标准代码,GB/T 16751.3-2023,中医临床诊疗术语 第3部分：治法,C02.11.01.03,补益中气,
2,国家标准代码,GB/T 16751.3-2023,中医临床诊疗术语 第3部分：治法,C02.11.01.03.01,补益脾气,
2,国家标准代码,GB/T 16751.3-2023,中医临床诊疗术语 第3部分：治法,C02.11.01.03.01.01,补脾止泻,
2,国家标准代码,GB/T 16751.3-2023,中医临床诊疗术语 第3部分：治法,C02.11.01.03.01.02,补脾益肺,
2,国家标准代码,GB/T 16751.3-2023,中医临床诊疗术语 第3部分：治法,C02.11.01.03.01.03,补益脾肾,
2,国家标准代码,GB/T 16751.3-2023,中医临床诊疗术语 第3部分：治法,C02.11.01.03.02,补胃和中,
2,国家标准代码,GB/T 16751.3-2023,中医临床诊疗术语 第3部分：治法,C02.11.01.03.03,益气升阳,
2,国家标准代码,GB/T 16751.3-2023,中医临床诊疗术语 第3部分：治法,C02.11.01.03.03.01,升阳益气散火,
2,国家标准代码,GB/T 16751.3-2023,中医临床诊疗术语 第3部分：治法,C02.11.01.04,补益肺气,
2,国家标准代码,GB/T 16751.3-2023,中医临床诊疗术语 第3部分：治法,C02.11.01.05,补益肾气,
2,国家标准代码,GB/T 16751.3-2023,中医临床诊疗术语 第3部分：治法,C02.11.01.05.01,补肾纳气,
2,国家标准代码,GB/T 16751.3-2023,中医临床诊疗术语 第3部分：治法,C02.11.01.05.02,补肾益肺,
2,国家标准代码,GB/T 16751.3-2023,中医临床诊疗术语 第3部分：治法,C02.11.01.05.03,补肾扶元,
2,国家标准代码,GB/T 16751.3-2023,中医临床诊疗术语 第3部分：治法,C02.11.01.05.04,补肾安胎,
2,国家标准代码,GB/T 16751.3-2023,中医临床诊疗术语 第3部分：治法,C02.11.01.06,益气下胎,
2,国家标准代码,GB/T 16751.3-2023,中医临床诊疗术语 第3部分：治法,C02.11.01.07,补气固脱,
2,国家标准代码,GB/T 16751.3-2023,中医临床诊疗术语 第3部分：治法,C02.11.01.07.01,益气固脱,
2,国家标准代码,GB/T 16751.3-2023,中医临床诊疗术语 第3部分：治法,C02.11.01.07.02,补气回阳,
2,国家标准代码,GB/T 16751.3-2023,中医临床诊疗术语 第3部分：治法,C02.11.01.08,补气祛邪,
2,国家标准代码,GB/T 16751.3-2023,中医临床诊疗术语 第3部分：治法,C02.11.01.08.01,益气退热,
2,国家标准代码,GB/T 16751.3-2023,中医临床诊疗术语 第3部分：治法,C02.11.01.08.02,补气清热,
2,国家标准代码,GB/T 16751.3-2023,中医临床诊疗术语 第3部分：治法,C02.11.01.08.03,补气化湿,
2,国家标准代码,GB/T 16751.3-2023,中医临床诊疗术语 第3部分：治法,C02.11.01.08.04,补气祛痰,
2,国家标准代码,GB/T 16751.3-2023,中医临床诊疗术语 第3部分：治法,C02.11.01.08.05,补气利水,
2,国家标准代码,GB/T 16751.3-2023,中医临床诊疗术语 第3部分：治法,C02.11.02.,补血,
2,国家标准代码,GB/T 16751.3-2023,中医临床诊疗术语 第3部分：治法,C02.11.02.01,补血养心,
2,国家标准代码,GB/T 16751.3-2023,中医临床诊疗术语 第3部分：治法,C02.11.02.01.01,补血养神,
2,国家标准代码,GB/T 16751.3-2023,中医临床诊疗术语 第3部分：治法,C02.11.02.01.02,养血复脉,
2,国家标准代码,GB/T 16751.3-2023,中医临床诊疗术语 第3部分：治法,C02.11.02.02,补血养肝,
2,国家标准代码,GB/T 16751.3-2023,中医临床诊疗术语 第3部分：治法,C02.11.02.02.01,养血舒肝,
2,国家标准代码,GB/T 16751.3-2023,中医临床诊疗术语 第3部分：治法,C02.11.02.02.02,养血舒筋,
2,国家标准代码,GB/T 16751.3-2023,中医临床诊疗术语 第3部分：治法,C02.11.02.02.03,养血平肝,
2,国家标准代码,GB/T 16751.3-2023,中医临床诊疗术语 第3部分：治法,C02.11.02.03,养血调血,
2,国家标准代码,GB/T 16751.3-2023,中医临床诊疗术语 第3部分：治法,C02.11.02.03.01,养血生津,
2,国家标准代码,GB/T 16751.3-2023,中医临床诊疗术语 第3部分：治法,C02.11.02.03.02,养血生发,
2,国家标准代码,GB/T 16751.3-2023,中医临床诊疗术语 第3部分：治法,C02.11.02.03.03,养血润肠,
2,国家标准代码,GB/T 16751.3-2023,中医临床诊疗术语 第3部分：治法,C02.11.02.03.04,养血和络,
2,国家标准代码,GB/T 16751.3-2023,中医临床诊疗术语 第3部分：治法,C02.11.02.03.05,养血止血,
2,国家标准代码,GB/T 16751.3-2023,中医临床诊疗术语 第3部分：治法,C02.11.02.03.06,养血调经,
2,国家标准代码,GB/T 16751.3-2023,中医临床诊疗术语 第3部分：治法,C02.11.02.03.07,养血安胎,
2,国家标准代码,GB/T 16751.3-2023,中医临床诊疗术语 第3部分：治法,C02.11.02.04,补血固脱,
2,国家标准代码,GB/T 16751.3-2023,中医临床诊疗术语 第3部分：治法,C02.11.02.04.01,补血温阳,
2,国家标准代码,GB/T 16751.3-2023,中医临床诊疗术语 第3部分：治法,C02.11.02.04.02,止血补气固脱,
2,国家标准代码,GB/T 16751.3-2023,中医临床诊疗术语 第3部分：治法,C02.11.02.05,养血祛邪,
2,国家标准代码,GB/T 16751.3-2023,中医临床诊疗术语 第3部分：治法,C02.11.02.05.01,养血祛风,
2,国家标准代码,GB/T 16751.3-2023,中医临床诊疗术语 第3部分：治法,C02.11.02.05.02,养血止痒,
2,国家标准代码,GB/T 16751.3-2023,中医临床诊疗术语 第3部分：治法,C02.11.02.05.03,养血止痛,
2,国家标准代码,GB/T 16751.3-2023,中医临床诊疗术语 第3部分：治法,C02.11.02.05.04,养血祛痰,
2,国家标准代码,GB/T 16751.3-2023,中医临床诊疗术语 第3部分：治法,C02.11.02.05.05,养血清热,
2,国家标准代码,GB/T 16751.3-2023,中医临床诊疗术语 第3部分：治法,C02.11.02.05.06,养血清肝,
2,国家标准代码,GB/T 16751.3-2023,中医临床诊疗术语 第3部分：治法,C02.11.02.05.07,养血宣痹,
2,国家标准代码,GB/T 16751.3-2023,中医临床诊疗术语 第3部分：治法,C02.11.03.,滋阴,
2,国家标准代码,GB/T 16751.3-2023,中医临床诊疗术语 第3部分：治法,C02.11.03.01,滋阴生津,
2,国家标准代码,GB/T 16751.3-2023,中医临床诊疗术语 第3部分：治法,C02.11.03.01.01,滋阴止渴,
2,国家标准代码,GB/T 16751.3-2023,中医临床诊疗术语 第3部分：治法,C02.11.03.02,滋阴补血,
2,国家标准代码,GB/T 16751.3-2023,中医临床诊疗术语 第3部分：治法,C02.11.03.03,滋补心阴,
2,国家标准代码,GB/T 16751.3-2023,中医临床诊疗术语 第3部分：治法,C02.11.03.03.01,滋阴通脉,
2,国家标准代码,GB/T 16751.3-2023,中医临床诊疗术语 第3部分：治法,C02.11.03.04,滋补肝阴,
2,国家标准代码,GB/T 16751.3-2023,中医临床诊疗术语 第3部分：治法,C02.11.03.04.01,滋阴疏肝,
2,国家标准代码,GB/T 16751.3-2023,中医临床诊疗术语 第3部分：治法,C02.11.03.04.02,滋阴柔肝,
2,国家标准代码,GB/T 16751.3-2023,中医临床诊疗术语 第3部分：治法,C02.11.03.04.03,滋补肝肾,
2,国家标准代码,GB/T 16751.3-2023,中医临床诊疗术语 第3部分：治法,C02.11.03.04.04,滋阴平肝,
2,国家标准代码,GB/T 16751.3-2023,中医临床诊疗术语 第3部分：治法,C02.11.03.04.05,滋阴潜阳,
2,国家标准代码,GB/T 16751.3-2023,中医临床诊疗术语 第3部分：治法,C02.11.03.05,滋补脾阴,
2,国家标准代码,GB/T 16751.3-2023,中医临床诊疗术语 第3部分：治法,C02.11.03.05.01,养胃生津,
2,国家标准代码,GB/T 16751.3-2023,中医临床诊疗术语 第3部分：治法,C02.11.03.05.02,滋阴益胃,
2,国家标准代码,GB/T 16751.3-2023,中医临床诊疗术语 第3部分：治法,C02.11.03.05.03,滋阴通便,
2,国家标准代码,GB/T 16751.3-2023,中医临床诊疗术语 第3部分：治法,C02.11.03.06,滋补肺阴,
2,国家标准代码,GB/T 16751.3-2023,中医临床诊疗术语 第3部分：治法,C02.11.03.06.01,润肺生津,
2,国家标准代码,GB/T 16751.3-2023,中医临床诊疗术语 第3部分：治法,C02.11.03.06.02,滋阴止咳,
2,国家标准代码,GB/T 16751.3-2023,中医临床诊疗术语 第3部分：治法,C02.11.03.06.03,滋阴清肺,
2,国家标准代码,GB/T 16751.3-2023,中医临床诊疗术语 第3部分：治法,C02.11.03.06.04,滋肺清肠,
2,国家标准代码,GB/T 16751.3-2023,中医临床诊疗术语 第3部分：治法,C02.11.03.07,滋补肾阴,
2,国家标准代码,GB/T 16751.3-2023,中医临床诊疗术语 第3部分：治法,C02.11.03.07.01,滋肾纳气,
2,国家标准代码,GB/T 16751.3-2023,中医临床诊疗术语 第3部分：治法,C02.11.03.07.02,大补真阴,
2,国家标准代码,GB/T 16751.3-2023,中医临床诊疗术语 第3部分：治法,C02.11.03.08,滋阴清热,
2,国家标准代码,GB/T 16751.3-2023,中医临床诊疗术语 第3部分：治法,C02.11.03.08.01,滋阴止汗,
2,国家标准代码,GB/T 16751.3-2023,中医临床诊疗术语 第3部分：治法,C02.11.03.08.02,滋阴解郁清热,
2,国家标准代码,GB/T 16751.3-2023,中医临床诊疗术语 第3部分：治法,C02.11.03.08.03,滋阴清热化湿,
2,国家标准代码,GB/T 16751.3-2023,中医临床诊疗术语 第3部分：治法,C02.11.03.08.04,滋阴清热化痰,
2,国家标准代码,GB/T 16751.3-2023,中医临床诊疗术语 第3部分：治法,C02.11.03.08.05,滋阴凉营,
2,国家标准代码,GB/T 16751.3-2023,中医临床诊疗术语 第3部分：治法,C02.11.03.08.06,滋阴凉血,
2,国家标准代码,GB/T 16751.3-2023,中医临床诊疗术语 第3部分：治法,C02.11.03.08.07,滋阴降火,
2,国家标准代码,GB/T 16751.3-2023,中医临床诊疗术语 第3部分：治法,C02.11.03.09,滋阴祛邪,
2,国家标准代码,GB/T 16751.3-2023,中医临床诊疗术语 第3部分：治法,C02.11.03.09.01,滋阴行气,
2,国家标准代码,GB/T 16751.3-2023,中医临床诊疗术语 第3部分：治法,C02.11.03.09.02,滋阴止呕,
2,国家标准代码,GB/T 16751.3-2023,中医临床诊疗术语 第3部分：治法,C02.11.03.09.03,滋阴化湿,
2,国家标准代码,GB/T 16751.3-2023,中医临床诊疗术语 第3部分：治法,C02.11.03.09.04,滋阴祛痰,
2,国家标准代码,GB/T 16751.3-2023,中医临床诊疗术语 第3部分：治法,C02.11.03.09.05,滋阴利水,
2,国家标准代码,GB/T 16751.3-2023,中医临床诊疗术语 第3部分：治法,C02.11.03.09.06,滋阴解毒,
2,国家标准代码,GB/T 16751.3-2023,中医临床诊疗术语 第3部分：治法,C02.11.03.09.07,坚阴止痢,
2,国家标准代码,GB/T 16751.3-2023,中医临床诊疗术语 第3部分：治法,C02.11.03.09.08,滋阴止血,
2,国家标准代码,GB/T 16751.3-2023,中医临床诊疗术语 第3部分：治法,C02.11.03.09.09,滋阴通淋,
2,国家标准代码,GB/T 16751.3-2023,中医临床诊疗术语 第3部分：治法,C02.11.03.09.10,滋阴化瘀,
2,国家标准代码,GB/T 16751.3-2023,中医临床诊疗术语 第3部分：治法,C02.11.03.09.11,滋阴搜邪,
2,国家标准代码,GB/T 16751.3-2023,中医临床诊疗术语 第3部分：治法,C02.11.04.,补阳,
2,国家标准代码,GB/T 16751.3-2023,中医临床诊疗术语 第3部分：治法,C02.11.04.01,补阳益气,
2,国家标准代码,GB/T 16751.3-2023,中医临床诊疗术语 第3部分：治法,C02.11.04.01.01,温阳行气,
2,国家标准代码,GB/T 16751.3-2023,中医临床诊疗术语 第3部分：治法,C02.11.04.02,温补心阳,
2,国家标准代码,GB/T 16751.3-2023,中医临床诊疗术语 第3部分：治法,C02.11.04.02.01,温补心肺,
2,国家标准代码,GB/T 16751.3-2023,中医临床诊疗术语 第3部分：治法,C02.11.04.02.02,温补心肾,
2,国家标准代码,GB/T 16751.3-2023,中医临床诊疗术语 第3部分：治法,C02.11.04.03,温补肝阳,
2,国家标准代码,GB/T 16751.3-2023,中医临床诊疗术语 第3部分：治法,C02.11.04.04,温补脾胃,
2,国家标准代码,GB/T 16751.3-2023,中医临床诊疗术语 第3部分：治法,C02.11.04.04.01,温补脾阳,
2,国家标准代码,GB/T 16751.3-2023,中医临床诊疗术语 第3部分：治法,C02.11.04.04.02,温补胃阳,
2,国家标准代码,GB/T 16751.3-2023,中医临床诊疗术语 第3部分：治法,C02.11.04.04.03,温中和胃,
2,国家标准代码,GB/T 16751.3-2023,中医临床诊疗术语 第3部分：治法,C02.11.04.04.04,温中涩肠,
2,国家标准代码,GB/T 16751.3-2023,中医临床诊疗术语 第3部分：治法,C02.11.04.04.05,温中止血,
2,国家标准代码,GB/T 16751.3-2023,中医临床诊疗术语 第3部分：治法,C02.11.04.04.06,温补脾肾,
2,国家标准代码,GB/T 16751.3-2023,中医临床诊疗术语 第3部分：治法,C02.11.04.05,温补肺阳,
2,国家标准代码,GB/T 16751.3-2023,中医临床诊疗术语 第3部分：治法,C02.11.04.05.01,温肺止咳,
2,国家标准代码,GB/T 16751.3-2023,中医临床诊疗术语 第3部分：治法,C02.11.04.05.02,温肺平喘,
2,国家标准代码,GB/T 16751.3-2023,中医临床诊疗术语 第3部分：治法,C02.11.04.06,温补肾阳,
2,国家标准代码,GB/T 16751.3-2023,中医临床诊疗术语 第3部分：治法,C02.11.04.06.01,温补纳气,
2,国家标准代码,GB/T 16751.3-2023,中医临床诊疗术语 第3部分：治法,C02.11.04.06.02,温补下元,
2,国家标准代码,GB/T 16751.3-2023,中医临床诊疗术语 第3部分：治法,C02.11.04.06.03,温补命火,
2,国家标准代码,GB/T 16751.3-2023,中医临床诊疗术语 第3部分：治法,C02.11.04.07,温阳固摄,
2,国家标准代码,GB/T 16751.3-2023,中医临床诊疗术语 第3部分：治法,C02.11.04.07.01,温阳止汗,
2,国家标准代码,GB/T 16751.3-2023,中医临床诊疗术语 第3部分：治法,C02.11.04.07.02,温阳止血,
2,国家标准代码,GB/T 16751.3-2023,中医临床诊疗术语 第3部分：治法,C02.11.04.07.03,温阳止遗,
2,国家标准代码,GB/T 16751.3-2023,中医临床诊疗术语 第3部分：治法,C02.11.04.07.04,温阳止带,
2,国家标准代码,GB/T 16751.3-2023,中医临床诊疗术语 第3部分：治法,C02.11.04.07.05,温阳调经,
2,国家标准代码,GB/T 16751.3-2023,中医临床诊疗术语 第3部分：治法,C02.11.04.07.06,温阳固经,
2,国家标准代码,GB/T 16751.3-2023,中医临床诊疗术语 第3部分：治法,C02.11.04.08,温阳祛邪,
2,国家标准代码,GB/T 16751.3-2023,中医临床诊疗术语 第3部分：治法,C02.11.04.08.01,温阳宣痹,
2,国家标准代码,GB/T 16751.3-2023,中医临床诊疗术语 第3部分：治法,C02.11.04.08.02,温阳散结,
2,国家标准代码,GB/T 16751.3-2023,中医临床诊疗术语 第3部分：治法,C02.11.04.08.03,温阳活血,
2,国家标准代码,GB/T 16751.3-2023,中医临床诊疗术语 第3部分：治法,C02.11.04.08.04,温阳止痛,
2,国家标准代码,GB/T 16751.3-2023,中医临床诊疗术语 第3部分：治法,C02.11.04.08.05,温阳止渴,
2,国家标准代码,GB/T 16751.3-2023,中医临床诊疗术语 第3部分：治法,C02.11.04.08.06,温阳化斑,
2,国家标准代码,GB/T 16751.3-2023,中医临床诊疗术语 第3部分：治法,C02.11.04.08.07,温阳止泻,
2,国家标准代码,GB/T 16751.3-2023,中医临床诊疗术语 第3部分：治法,C02.11.04.08.07.01,补肾止泻,
2,国家标准代码,GB/T 16751.3-2023,中医临床诊疗术语 第3部分：治法,C02.11.04.08.08,温阳止痢,
2,国家标准代码,GB/T 16751.3-2023,中医临床诊疗术语 第3部分：治法,C02.11.04.08.09,温阳祛痰,
2,国家标准代码,GB/T 16751.3-2023,中医临床诊疗术语 第3部分：治法,C02.11.04.08.10,温阳祛湿,
2,国家标准代码,GB/T 16751.3-2023,中医临床诊疗术语 第3部分：治法,C02.11.04.08.11,温阳消肿,
2,国家标准代码,GB/T 16751.3-2023,中医临床诊疗术语 第3部分：治法,C02.11.04.08.12,温阳利水,
2,国家标准代码,GB/T 16751.3-2023,中医临床诊疗术语 第3部分：治法,C02.11.05,补益气血,
2,国家标准代码,GB/T 16751.3-2023,中医临床诊疗术语 第3部分：治法,C02.11.05.01,调补气血,
2,国家标准代码,GB/T 16751.3-2023,中医临床诊疗术语 第3部分：治法,C02.11.05.02,温补气血,
2,国家标准代码,GB/T 16751.3-2023,中医临床诊疗术语 第3部分：治法,C02.11.05.03,补气摄血,
2,国家标准代码,GB/T 16751.3-2023,中医临床诊疗术语 第3部分：治法,C02.11.05.04,补气生血,
2,国家标准代码,GB/T 16751.3-2023,中医临床诊疗术语 第3部分：治法,C02.11.05.05,补脾养血,
2,国家标准代码,GB/T 16751.3-2023,中医临床诊疗术语 第3部分：治法,C02.11.05.06,补气活血,
2,国家标准代码,GB/T 16751.3-2023,中医临床诊疗术语 第3部分：治法,C02.11.05.07,益气养营,
2,国家标准代码,GB/T 16751.3-2023,中医临床诊疗术语 第3部分：治法,C02.11.05.08,补益肝脾,
2,国家标准代码,GB/T 16751.3-2023,中医临床诊疗术语 第3部分：治法,C02.11.05.09,补益心脾,
2,国家标准代码,GB/T 16751.3-2023,中医临床诊疗术语 第3部分：治法,C02.11.05.10,补益心肝,
2,国家标准代码,GB/T 16751.3-2023,中医临床诊疗术语 第3部分：治法,C02.11.06,补益气阴,
2,国家标准代码,GB/T 16751.3-2023,中医临床诊疗术语 第3部分：治法,C02.11.06.01,补气生津,
2,国家标准代码,GB/T 16751.3-2023,中医临床诊疗术语 第3部分：治法,C02.11.06.02,滋补心肺,
2,国家标准代码,GB/T 16751.3-2023,中医临床诊疗术语 第3部分：治法,C02.11.06.03,滋补心肾,
2,国家标准代码,GB/T 16751.3-2023,中医临床诊疗术语 第3部分：治法,C02.11.06.04,滋补肺肾,
2,国家标准代码,GB/T 16751.3-2023,中医临床诊疗术语 第3部分：治法,C02.11.06.05,滋补肺胃,
2,国家标准代码,GB/T 16751.3-2023,中医临床诊疗术语 第3部分：治法,C02.11.06.06,滋补肝胃,
2,国家标准代码,GB/T 16751.3-2023,中医临床诊疗术语 第3部分：治法,C02.11.06.07,滋补脾胃,
2,国家标准代码,GB/T 16751.3-2023,中医临床诊疗术语 第3部分：治法,C02.11.07,滋阴补阳,
2,国家标准代码,GB/T 16751.3-2023,中医临床诊疗术语 第3部分：治法,C02.11.07.01,温阳滋阴,
2,国家标准代码,GB/T 16751.3-2023,中医临床诊疗术语 第3部分：治法,C02.11.07.02,滋阴温阳,
2,国家标准代码,GB/T 16751.3-2023,中医临床诊疗术语 第3部分：治法,C02.11.07.03,固阴回阳,
2,国家标准代码,GB/T 16751.3-2023,中医临床诊疗术语 第3部分：治法,C02.11.07.04,生气于精,
2,国家标准代码,GB/T 16751.3-2023,中医临床诊疗术语 第3部分：治法,C02.11.07.05,补益心肾,
2,国家标准代码,GB/T 16751.3-2023,中医临床诊疗术语 第3部分：治法,C02.11.07.06,补肾调经,
2,国家标准代码,GB/T 16751.3-2023,中医临床诊疗术语 第3部分：治法,C02.11.08,补益精髓,
2,国家标准代码,GB/T 16751.3-2023,中医临床诊疗术语 第3部分：治法,C02.11.08.01,补益精血,
2,国家标准代码,GB/T 16751.3-2023,中医临床诊疗术语 第3部分：治法,C02.11.08.02,补肾益精,
2,国家标准代码,GB/T 16751.3-2023,中医临床诊疗术语 第3部分：治法,C02.11.08.03,温补肾精,
2,国家标准代码,GB/T 16751.3-2023,中医临床诊疗术语 第3部分：治法,C02.11.08.04,滋补肾精,
2,国家标准代码,GB/T 16751.3-2023,中医临床诊疗术语 第3部分：治法,C02.12.,温里法,
2,国家标准代码,GB/T 16751.3-2023,中医临床诊疗术语 第3部分：治法,C02.12.01,回阳,
2,国家标准代码,GB/T 16751.3-2023,中医临床诊疗术语 第3部分：治法,C02.12.01.01,温经回阳,
2,国家标准代码,GB/T 16751.3-2023,中医临床诊疗术语 第3部分：治法,C02.12.01.02,回阳通脉,
2,国家标准代码,GB/T 16751.3-2023,中医临床诊疗术语 第3部分：治法,C02.12.01.03,回阳救逆,
2,国家标准代码,GB/T 16751.3-2023,中医临床诊疗术语 第3部分：治法,C02.12.01.04,回阳固脱,
2,国家标准代码,GB/T 16751.3-2023,中医临床诊疗术语 第3部分：治法,C02.12.02,温阳散寒,
2,国家标准代码,GB/T 16751.3-2023,中医临床诊疗术语 第3部分：治法,C02.12.02.01,散寒消肿,
2,国家标准代码,GB/T 16751.3-2023,中医临床诊疗术语 第3部分：治法,C02.12.02.02,通阳理气,
2,国家标准代码,GB/T 16751.3-2023,中医临床诊疗术语 第3部分：治法,C02.12.02.02.01,散寒止泻,
2,国家标准代码,GB/T 16751.3-2023,中医临床诊疗术语 第3部分：治法,C02.12.02.02.02,温通小肠,
2,国家标准代码,GB/T 16751.3-2023,中医临床诊疗术语 第3部分：治法,C02.12.02.03,温肺散寒,
2,国家标准代码,GB/T 16751.3-2023,中医临床诊疗术语 第3部分：治法,C02.12.02.03.01,散寒平喘,
2,国家标准代码,GB/T 16751.3-2023,中医临床诊疗术语 第3部分：治法,C02.12.02.04,温中散寒,
2,国家标准代码,GB/T 16751.3-2023,中医临床诊疗术语 第3部分：治法,C02.12.02.04.01,温胃散寒,
2,国家标准代码,GB/T 16751.3-2023,中医临床诊疗术语 第3部分：治法,C02.12.02.04.02,温胃降逆,
2,国家标准代码,GB/T 16751.3-2023,中医临床诊疗术语 第3部分：治法,C02.12.02.04.03,散寒止呕,
2,国家标准代码,GB/T 16751.3-2023,中医临床诊疗术语 第3部分：治法,C02.12.03,温经散寒,
2,国家标准代码,GB/T 16751.3-2023,中医临床诊疗术语 第3部分：治法,C02.12.03.01,温通经脉,
2,国家标准代码,GB/T 16751.3-2023,中医临床诊疗术语 第3部分：治法,C02.12.03.01.01,温经通阳,
2,国家标准代码,GB/T 16751.3-2023,中医临床诊疗术语 第3部分：治法,C02.12.03.01.02,温经止痛,
2,国家标准代码,GB/T 16751.3-2023,中医临床诊疗术语 第3部分：治法,C02.12.03.01.03,温经活血,
2,国家标准代码,GB/T 16751.3-2023,中医临床诊疗术语 第3部分：治法,C02.12.03.01.04,温经通络,
2,国家标准代码,GB/T 16751.3-2023,中医临床诊疗术语 第3部分：治法,C02.12.03.01.05,暖肝散寒,
2,国家标准代码,GB/T 16751.3-2023,中医临床诊疗术语 第3部分：治法,C02.12.03.01.06,温肾散寒,
2,国家标准代码,GB/T 16751.3-2023,中医临床诊疗术语 第3部分：治法,C02.12.03.02,散寒宣痹,
2,国家标准代码,GB/T 16751.3-2023,中医临床诊疗术语 第3部分：治法,C02.12.03.02.01,散寒止痛,
2,国家标准代码,GB/T 16751.3-2023,中医临床诊疗术语 第3部分：治法,C02.12.03.03,暖宫散寒,
2,国家标准代码,GB/T 16751.3-2023,中医临床诊疗术语 第3部分：治法,C02.12.03.03.01,暖宫止痛,
2,国家标准代码,GB/T 16751.3-2023,中医临床诊疗术语 第3部分：治法,C02.13.,祛暑法,
2,国家标准代码,GB/T 16751.3-2023,中医临床诊疗术语 第3部分：治法,C02.13.01,祛暑化湿,
2,国家标准代码,GB/T 16751.3-2023,中医临床诊疗术语 第3部分：治法,C02.13.01.01,祛暑解表,
2,国家标准代码,GB/T 16751.3-2023,中医临床诊疗术语 第3部分：治法,C02.13.01.02,清暑辟秽,
2,国家标准代码,GB/T 16751.3-2023,中医临床诊疗术语 第3部分：治法,C02.13.01.03,清化暑湿,
2,国家标准代码,GB/T 16751.3-2023,中医临床诊疗术语 第3部分：治法,C02.13.01.04,涤暑利湿,
2,国家标准代码,GB/T 16751.3-2023,中医临床诊疗术语 第3部分：治法,C02.13.01.05,清暑解毒,
2,国家标准代码,GB/T 16751.3-2023,中医临床诊疗术语 第3部分：治法,C02.13.02,祛暑清热,
2,国家标准代码,GB/T 16751.3-2023,中医临床诊疗术语 第3部分：治法,C02.13.02.01,清暑宣肺,
2,国家标准代码,GB/T 16751.3-2023,中医临床诊疗术语 第3部分：治法,C02.13.02.02,清心涤暑,
2,国家标准代码,GB/T 16751.3-2023,中医临床诊疗术语 第3部分：治法,C02.13.03,清暑益气,
2,国家标准代码,GB/T 16751.3-2023,中医临床诊疗术语 第3部分：治法,C02.14.,治风法,
2,国家标准代码,GB/T 16751.3-2023,中医临床诊疗术语 第3部分：治法,C02.14.01,疏散风邪,
2,国家标准代码,GB/T 16751.3-2023,中医临床诊疗术语 第3部分：治法,C02.14.01.01,祛风解肌,
2,国家标准代码,GB/T 16751.3-2023,中医临床诊疗术语 第3部分：治法,C02.14.01.01.01,疏风清热解表,
2,国家标准代码,GB/T 16751.3-2023,中医临床诊疗术语 第3部分：治法,C02.14.01.01.01.01,疏风清热祛湿,
2,国家标准代码,GB/T 16751.3-2023,中医临床诊疗术语 第3部分：治法,C02.14.01.01.01.02,疏风清热润燥,
2,国家标准代码,GB/T 16751.3-2023,中医临床诊疗术语 第3部分：治法,C02.14.01.02,疏风清肺,
2,国家标准代码,GB/T 16751.3-2023,中医临床诊疗术语 第3部分：治法,C02.14.01.03,祛风生发,
2,国家标准代码,GB/T 16751.3-2023,中医临床诊疗术语 第3部分：治法,C02.14.01.04,疏风消肿,
2,国家标准代码,GB/T 16751.3-2023,中医临床诊疗术语 第3部分：治法,C02.14.01.05,祛风通络,
2,国家标准代码,GB/T 16751.3-2023,中医临床诊疗术语 第3部分：治法,C02.14.01.05.01,祛风宣痹,
2,国家标准代码,GB/T 16751.3-2023,中医临床诊疗术语 第3部分：治法,C02.14.01.05.02,祛风止痛,
2,国家标准代码,GB/T 16751.3-2023,中医临床诊疗术语 第3部分：治法,C02.14.01.06,疏风解毒,
2,国家标准代码,GB/T 16751.3-2023,中医临床诊疗术语 第3部分：治法,C02.14.01.06.01,疏风止痒,
2,国家标准代码,GB/T 16751.3-2023,中医临床诊疗术语 第3部分：治法,C02.14.01.06.02,疏风清热解毒,
2,国家标准代码,GB/T 16751.3-2023,中医临床诊疗术语 第3部分：治法,C02.14.01.06.03,疏风祛湿解毒,
2,国家标准代码,GB/T 16751.3-2023,中医临床诊疗术语 第3部分：治法,C02.14.02,清热熄风,
2,国家标准代码,GB/T 16751.3-2023,中医临床诊疗术语 第3部分：治法,C02.14.02.01,清肝熄风,
2,国家标准代码,GB/T 16751.3-2023,中医临床诊疗术语 第3部分：治法,C02.14.02.02,凉血熄风,
2,国家标准代码,GB/T 16751.3-2023,中医临床诊疗术语 第3部分：治法,C02.14.02.03,清暑熄风,
2,国家标准代码,GB/T 16751.3-2023,中医临床诊疗术语 第3部分：治法,C02.14.02.04,清热化痰熄风,
2,国家标准代码,GB/T 16751.3-2023,中医临床诊疗术语 第3部分：治法,C02.14.03,解毒熄风,
2,国家标准代码,GB/T 16751.3-2023,中医临床诊疗术语 第3部分：治法,C02.14.04,豁痰熄风,
2,国家标准代码,GB/T 16751.3-2023,中医临床诊疗术语 第3部分：治法,C02.14.05,平肝熄风,
2,国家标准代码,GB/T 16751.3-2023,中医临床诊疗术语 第3部分：治法,C02.14.05.01,平肝潜阳,
2,国家标准代码,GB/T 16751.3-2023,中医临床诊疗术语 第3部分：治法,C02.14.05.01.01,潜阳熄风,
2,国家标准代码,GB/T 16751.3-2023,中医临床诊疗术语 第3部分：治法,C02.14.05.02,熄风解痉,
2,国家标准代码,GB/T 16751.3-2023,中医临床诊疗术语 第3部分：治法,C02.14.05.02.01,祛风解痉,
2,国家标准代码,GB/T 16751.3-2023,中医临床诊疗术语 第3部分：治法,C02.14.05.02.02,熄风定痫,
2,国家标准代码,GB/T 16751.3-2023,中医临床诊疗术语 第3部分：治法,C02.14.06,滋阴熄风,
2,国家标准代码,GB/T 16751.3-2023,中医临床诊疗术语 第3部分：治法,C02.14.06.01,养血熄风,
2,国家标准代码,GB/T 16751.3-2023,中医临床诊疗术语 第3部分：治法,C02.14.06.02,柔肝熄风,
2,国家标准代码,GB/T 16751.3-2023,中医临床诊疗术语 第3部分：治法,C02.14.06.03,益气补血熄风,
2,国家标准代码,GB/T 16751.3-2023,中医临床诊疗术语 第3部分：治法,C02.14.06.04,温阳补气熄风,
2,国家标准代码,GB/T 16751.3-2023,中医临床诊疗术语 第3部分：治法,C02.15.,祛痰法,
2,国家标准代码,GB/T 16751.3-2023,中医临床诊疗术语 第3部分：治法,C02.15.01,宣肺化痰,
2,国家标准代码,GB/T 16751.3-2023,中医临床诊疗术语 第3部分：治法,C02.15.01.01,化痰宣肺,
2,国家标准代码,GB/T 16751.3-2023,中医临床诊疗术语 第3部分：治法,C02.15.01.01.01,化痰止咳,
2,国家标准代码,GB/T 16751.3-2023,中医临床诊疗术语 第3部分：治法,C02.15.01.01.02,化痰平喘,
2,国家标准代码,GB/T 16751.3-2023,中医临床诊疗术语 第3部分：治法,C02.15.01.02,豁痰宣肺,
2,国家标准代码,GB/T 16751.3-2023,中医临床诊疗术语 第3部分：治法,C02.15.02,理气化痰,
2,国家标准代码,GB/T 16751.3-2023,中医临床诊疗术语 第3部分：治法,C02.15.02.01,解郁化痰,
2,国家标准代码,GB/T 16751.3-2023,中医临床诊疗术语 第3部分：治法,C02.15.02.02,降气化痰,
2,国家标准代码,GB/T 16751.3-2023,中医临床诊疗术语 第3部分：治法,C02.15.02.03,祛痰理气宽膈,
2,国家标准代码,GB/T 16751.3-2023,中医临床诊疗术语 第3部分：治法,C02.15.02.04,祛痰理气解毒,
2,国家标准代码,GB/T 16751.3-2023,中医临床诊疗术语 第3部分：治法,C02.15.03,化痰消食,
2,国家标准代码,GB/T 16751.3-2023,中医临床诊疗术语 第3部分：治法,C02.15.04,祛风化痰,
2,国家标准代码,GB/T 16751.3-2023,中医临床诊疗术语 第3部分：治法,C02.15.05,清热化痰,
2,国家标准代码,GB/T 16751.3-2023,中医临床诊疗术语 第3部分：治法,C02.15.05.01,清热行气化痰,
2,国家标准代码,GB/T 16751.3-2023,中医临床诊疗术语 第3部分：治法,C02.15.05.02,清热化痰宽胸,
2,国家标准代码,GB/T 16751.3-2023,中医临床诊疗术语 第3部分：治法,C02.15.05.03,清热滋阴化痰,
2,国家标准代码,GB/T 16751.3-2023,中医临床诊疗术语 第3部分：治法,C02.15.05.04,清热祛痰化瘀,
2,国家标准代码,GB/T 16751.3-2023,中医临床诊疗术语 第3部分：治法,C02.15.05.05,泻火涤痰,
2,国家标准代码,GB/T 16751.3-2023,中医临床诊疗术语 第3部分：治法,C02.15.05.06,清肺化痰,
2,国家标准代码,GB/T 16751.3-2023,中医临床诊疗术语 第3部分：治法,C02.15.05.06.01,清热化痰宣肺,
2,国家标准代码,GB/T 16751.3-2023,中医临床诊疗术语 第3部分：治法,C02.15.05.06.02,宣肺清热化饮,
2,国家标准代码,GB/T 16751.3-2023,中医临床诊疗术语 第3部分：治法,C02.15.05.07,清心豁痰,
2,国家标准代码,GB/T 16751.3-2023,中医临床诊疗术语 第3部分：治法,C02.15.05.07.01,清热化痰开窍,
2,国家标准代码,GB/T 16751.3-2023,中医临床诊疗术语 第3部分：治法,C02.15.05.07.02,清胆化痰宁神,
2,国家标准代码,GB/T 16751.3-2023,中医临床诊疗术语 第3部分：治法,C02.15.06,润燥化痰,
2,国家标准代码,GB/T 16751.3-2023,中医临床诊疗术语 第3部分：治法,C02.15.07,燥湿化痰,
2,国家标准代码,GB/T 16751.3-2023,中医临床诊疗术语 第3部分：治法,C02.15.07.01,渗湿化痰,
2,国家标准代码,GB/T 16751.3-2023,中医临床诊疗术语 第3部分：治法,C02.15.07.02,祛痰化浊,
2,国家标准代码,GB/T 16751.3-2023,中医临床诊疗术语 第3部分：治法,C02.15.08,温化痰饮,
2,国家标准代码,GB/T 16751.3-2023,中医临床诊疗术语 第3部分：治法,C02.15.08.01,温阳化饮,
2,国家标准代码,GB/T 16751.3-2023,中医临床诊疗术语 第3部分：治法,C02.15.08.01.01,散寒化饮,
2,国家标准代码,GB/T 16751.3-2023,中医临床诊疗术语 第3部分：治法,C02.15.08.01.01.01,解表化饮,
2,国家标准代码,GB/T 16751.3-2023,中医临床诊疗术语 第3部分：治法,C02.15.08.01.01.02,化饮宽胸,
2,国家标准代码,GB/T 16751.3-2023,中医临床诊疗术语 第3部分：治法,C02.15.08.01.02,温肺化饮,
2,国家标准代码,GB/T 16751.3-2023,中医临床诊疗术语 第3部分：治法,C02.15.08.01.02.01,宣肺化饮,
2,国家标准代码,GB/T 16751.3-2023,中医临床诊疗术语 第3部分：治法,C02.15.08.01.02.02,化饮平喘,
2,国家标准代码,GB/T 16751.3-2023,中医临床诊疗术语 第3部分：治法,C02.15.08.01.02.03,泻肺逐饮,
2,国家标准代码,GB/T 16751.3-2023,中医临床诊疗术语 第3部分：治法,C02.15.08.01.03,化饮宁心,
2,国家标准代码,GB/T 16751.3-2023,中医临床诊疗术语 第3部分：治法,C02.15.08.01.04,温脾化饮,
2,国家标准代码,GB/T 16751.3-2023,中医临床诊疗术语 第3部分：治法,C02.15.08.01.04.01,温胃化饮,
2,国家标准代码,GB/T 16751.3-2023,中医临床诊疗术语 第3部分：治法,C02.15.08.01.05,温肾化饮,
2,国家标准代码,GB/T 16751.3-2023,中医临床诊疗术语 第3部分：治法,C02.15.08.02,温化寒痰,
2,国家标准代码,GB/T 16751.3-2023,中医临床诊疗术语 第3部分：治法,C02.15.08.02.01,祛寒化痰,
2,国家标准代码,GB/T 16751.3-2023,中医临床诊疗术语 第3部分：治法,C02.15.08.02.02,温肺化痰,
2,国家标准代码,GB/T 16751.3-2023,中医临床诊疗术语 第3部分：治法,C02.15.08.02.03,温脾化痰,
2,国家标准代码,GB/T 16751.3-2023,中医临床诊疗术语 第3部分：治法,C02.15.08.02.04,温肾化痰,
2,国家标准代码,GB/T 16751.3-2023,中医临床诊疗术语 第3部分：治法,C02.15.09,化痰散结,
2,国家标准代码,GB/T 16751.3-2023,中医临床诊疗术语 第3部分：治法,C02.15.09.01,豁痰软坚,
2,国家标准代码,GB/T 16751.3-2023,中医临床诊疗术语 第3部分：治法,C02.15.09.02,祛痰宣痹,
2,国家标准代码,GB/T 16751.3-2023,中医临床诊疗术语 第3部分：治法,C02.15.09.03,化痰通络,
2,国家标准代码,GB/T 16751.3-2023,中医临床诊疗术语 第3部分：治法,C02.15.09.04,化痰消瘿,
2,国家标准代码,GB/T 16751.3-2023,中医临床诊疗术语 第3部分：治法,C02.15.10,祛痰化瘀,
2,国家标准代码,GB/T 16751.3-2023,中医临床诊疗术语 第3部分：治法,C02.15.10.01,祛痰化瘀宽心,
2,国家标准代码,GB/T 16751.3-2023,中医临床诊疗术语 第3部分：治法,C02.15.10.02,祛痰化瘀宽膈,
2,国家标准代码,GB/T 16751.3-2023,中医临床诊疗术语 第3部分：治法,C02.15.10.03,祛痰化瘀宣肺,
2,国家标准代码,GB/T 16751.3-2023,中医临床诊疗术语 第3部分：治法,C02.16.,开窍法,
2,国家标准代码,GB/T 16751.3-2023,中医临床诊疗术语 第3部分：治法,C02.16.01,开窍通闭,
2,国家标准代码,GB/T 16751.3-2023,中医临床诊疗术语 第3部分：治法,C02.16.02,宁心开窍,
2,国家标准代码,GB/T 16751.3-2023,中医临床诊疗术语 第3部分：治法,C02.16.03,行气开窍,
2,国家标准代码,GB/T 16751.3-2023,中医临床诊疗术语 第3部分：治法,C02.16.04,芳香开窍,
2,国家标准代码,GB/T 16751.3-2023,中医临床诊疗术语 第3部分：治法,C02.16.04.01,开窍泄浊,
2,国家标准代码,GB/T 16751.3-2023,中医临床诊疗术语 第3部分：治法,C02.16.04.02,利湿开窍,
2,国家标准代码,GB/T 16751.3-2023,中医临床诊疗术语 第3部分：治法,C02.16.04.03,开噤通关,
2,国家标准代码,GB/T 16751.3-2023,中医临床诊疗术语 第3部分：治法,C02.16.05,散寒开窍,
2,国家标准代码,GB/T 16751.3-2023,中医临床诊疗术语 第3部分：治法,C02.16.06,清热开窍,
2,国家标准代码,GB/T 16751.3-2023,中医临床诊疗术语 第3部分：治法,C02.16.06.01,辛凉开窍,
2,国家标准代码,GB/T 16751.3-2023,中医临床诊疗术语 第3部分：治法,C02.16.06.02,凉营开窍,
2,国家标准代码,GB/T 16751.3-2023,中医临床诊疗术语 第3部分：治法,C02.16.06.03,清心开窍,
2,国家标准代码,GB/T 16751.3-2023,中医临床诊疗术语 第3部分：治法,C02.16.06.04,祛暑开窍,
2,国家标准代码,GB/T 16751.3-2023,中医临床诊疗术语 第3部分：治法,C02.16.06.04.01,祛暑开闭,
2,国家标准代码,GB/T 16751.3-2023,中医临床诊疗术语 第3部分：治法,C02.16.07,解毒开闭,
2,国家标准代码,GB/T 16751.3-2023,中医临床诊疗术语 第3部分：治法,C02.16.07.01,解毒开肺,
2,国家标准代码,GB/T 16751.3-2023,中医临床诊疗术语 第3部分：治法,C02.16.07.02,解毒开窍,
2,国家标准代码,GB/T 16751.3-2023,中医临床诊疗术语 第3部分：治法,C02.16.08,化痰开窍,
2,国家标准代码,GB/T 16751.3-2023,中医临床诊疗术语 第3部分：治法,C02.16.08.01,祛痰化湿开窍,
2,国家标准代码,GB/T 16751.3-2023,中医临床诊疗术语 第3部分：治法,C02.16.08.02,搜风祛痰开窍,
2,国家标准代码,GB/T 16751.3-2023,中医临床诊疗术语 第3部分：治法,C02.16.09,消石开闭,
2,国家标准代码,GB/T 16751.3-2023,中医临床诊疗术语 第3部分：治法,C02.17.,杀虫法,
2,国家标准代码,GB/T 16751.3-2023,中医临床诊疗术语 第3部分：治法,C02.17.01,驱蛔杀虫,
2,国家标准代码,GB/T 16751.3-2023,中医临床诊疗术语 第3部分：治法,C02.17.01.01,驱虫攻下,
2,国家标准代码,GB/T 16751.3-2023,中医临床诊疗术语 第3部分：治法,C02.17.01.02,温脏安蛔,
2,国家标准代码,GB/T 16751.3-2023,中医临床诊疗术语 第3部分：治法,C02.17.01.03,清热安蛔,
2,国家标准代码,GB/T 16751.3-2023,中医临床诊疗术语 第3部分：治法,C02.17.01.04,安蛔止厥,
2,国家标准代码,GB/T 16751.3-2023,中医临床诊疗术语 第3部分：治法,C02.17.02,祛风杀虫,
2,国家标准代码,GB/T 16751.3-2023,中医临床诊疗术语 第3部分：治法,C02.17.03,燥湿杀虫,
2,国家标准代码,GB/T 16751.3-2023,中医临床诊疗术语 第3部分：治法,C02.17.04,祛痰杀虫,
2,国家标准代码,GB/T 16751.3-2023,中医临床诊疗术语 第3部分：治法,C02.17.05,杀虫解毒,
2,国家标准代码,GB/T 16751.3-2023,中医临床诊疗术语 第3部分：治法,C02.17.05.01,杀虫止痒,
2,国家标准代码,GB/T 16751.3-2023,中医临床诊疗术语 第3部分：治法,C02.17.05.02,杀虫解毒宣肺,
2,国家标准代码,GB/T 16751.3-2023,中医临床诊疗术语 第3部分：治法,C02.17.06,杀虫消疳,
2,国家标准代码,GB/T 16751.3-2023,中医临床诊疗术语 第3部分：治法,C02.17.07,健脾驱虫,
2,国家标准代码,GB/T 16751.3-2023,中医临床诊疗术语 第3部分：治法,C02.17.08,杀虫宁神,
2,国家标准代码,GB/T 16751.3-2023,中医临床诊疗术语 第3部分：治法,C02.18.,安神法,
2,国家标准代码,GB/T 16751.3-2023,中医临床诊疗术语 第3部分：治法,C02.18.01,健脑安神,
2,国家标准代码,GB/T 16751.3-2023,中医临床诊疗术语 第3部分：治法,C02.18.01.01,益气安神,
2,国家标准代码,GB/T 16751.3-2023,中医临床诊疗术语 第3部分：治法,C02.18.01.02,养血安神,
2,国家标准代码,GB/T 16751.3-2023,中医临床诊疗术语 第3部分：治法,C02.18.01.02.01,安神止痒,
2,国家标准代码,GB/T 16751.3-2023,中医临床诊疗术语 第3部分：治法,C02.18.01.03,滋阴安神,
2,国家标准代码,GB/T 16751.3-2023,中医临床诊疗术语 第3部分：治法,C02.18.01.04,养心安神,
2,国家标准代码,GB/T 16751.3-2023,中医临床诊疗术语 第3部分：治法,C02.18.01.05,益肾宁神,
2,国家标准代码,GB/T 16751.3-2023,中医临床诊疗术语 第3部分：治法,C02.18.02,安神定志,
2,国家标准代码,GB/T 16751.3-2023,中医临床诊疗术语 第3部分：治法,C02.18.02.01,解郁安神,
2,国家标准代码,GB/T 16751.3-2023,中医临床诊疗术语 第3部分：治法,C02.18.02.02,和中安神,
2,国家标准代码,GB/T 16751.3-2023,中医临床诊疗术语 第3部分：治法,C02.18.02.03,解毒安神,
2,国家标准代码,GB/T 16751.3-2023,中医临床诊疗术语 第3部分：治法,C02.18.02.04,镇惊安神,
2,国家标准代码,GB/T 16751.3-2023,中医临床诊疗术语 第3部分：治法,C02.18.02.05,重镇安神,
2,国家标准代码,GB/T 16751.3-2023,中医临床诊疗术语 第3部分：治法,C02.19.,消导法,
2,国家标准代码,GB/T 16751.3-2023,中医临床诊疗术语 第3部分：治法,C02.19.01,消食导滞,
2,国家标准代码,GB/T 16751.3-2023,中医临床诊疗术语 第3部分：治法,C02.19.01.01,消食和中,
2,国家标准代码,GB/T 16751.3-2023,中医临床诊疗术语 第3部分：治法,C02.19.01.02,消食止呕,
2,国家标准代码,GB/T 16751.3-2023,中医临床诊疗术语 第3部分：治法,C02.19.01.03,消食止痛,
2,国家标准代码,GB/T 16751.3-2023,中医临床诊疗术语 第3部分：治法,C02.19.01.04,消食解毒,
2,国家标准代码,GB/T 16751.3-2023,中医临床诊疗术语 第3部分：治法,C02.19.01.05,清热导滞,
2,国家标准代码,GB/T 16751.3-2023,中医临床诊疗术语 第3部分：治法,C02.19.02,消痞化积,
2,国家标准代码,GB/T 16751.3-2023,中医临床诊疗术语 第3部分：治法,C02.19.02.01,泄热消痞,
2,国家标准代码,GB/T 16751.3-2023,中医临床诊疗术语 第3部分：治法,C02.19.02.02,和中消痞,
2,国家标准代码,GB/T 16751.3-2023,中医临床诊疗术语 第3部分：治法,C02.19.03,软坚散结,
2,国家标准代码,GB/T 16751.3-2023,中医临床诊疗术语 第3部分：治法,C02.19.03.01,益气散结,
2,国家标准代码,GB/T 16751.3-2023,中医临床诊疗术语 第3部分：治法,C02.19.03.02,养营软坚,
2,国家标准代码,GB/T 16751.3-2023,中医临床诊疗术语 第3部分：治法,C02.19.03.03,养阴软坚,
2,国家标准代码,GB/T 16751.3-2023,中医临床诊疗术语 第3部分：治法,C02.19.03.04,舒筋散结,
2,国家标准代码,GB/T 16751.3-2023,中医临床诊疗术语 第3部分：治法,C02.19.03.05,软坚消瘿,
2,国家标准代码,GB/T 16751.3-2023,中医临床诊疗术语 第3部分：治法,C02.19.03.06,宽胸散结,
2,国家标准代码,GB/T 16751.3-2023,中医临床诊疗术语 第3部分：治法,C02.19.03.07,通乳散结,
2,国家标准代码,GB/T 16751.3-2023,中医临床诊疗术语 第3部分：治法,C02.19.03.08,软坚消癥,
2,国家标准代码,GB/T 16751.3-2023,中医临床诊疗术语 第3部分：治法,C02.19.03.09,破积散结,
2,国家标准代码,GB/T 16751.3-2023,中医临床诊疗术语 第3部分：治法,C02.19.03.10,消石导滞,
2,国家标准代码,GB/T 16751.3-2023,中医临床诊疗术语 第3部分：治法,C02.19.04,分消上下,
2,国家标准代码,GB/T 16751.3-2023,中医临床诊疗术语 第3部分：治法,C02.19.04.01,分消走泄,
2,国家标准代码,GB/T 16751.3-2023,中医临床诊疗术语 第3部分：治法,C02.20.,固涩法,
2,国家标准代码,GB/T 16751.3-2023,中医临床诊疗术语 第3部分：治法,C02.20.01,补气固摄,
2,国家标准代码,GB/T 16751.3-2023,中医临床诊疗术语 第3部分：治法,C02.20.01.01,固表止汗,
2,国家标准代码,GB/T 16751.3-2023,中医临床诊疗术语 第3部分：治法,C02.20.01.01.01,益气固表,
2,国家标准代码,GB/T 16751.3-2023,中医临床诊疗术语 第3部分：治法,C02.20.01.01.02,补肺固表,
2,国家标准代码,GB/T 16751.3-2023,中医临床诊疗术语 第3部分：治法,C02.20.01.01.03,敛阴固表,
2,国家标准代码,GB/T 16751.3-2023,中医临床诊疗术语 第3部分：治法,C02.20.01.01.04,扶阳固表,
2,国家标准代码,GB/T 16751.3-2023,中医临床诊疗术语 第3部分：治法,C02.20.01.02,敛肺止咳,
2,国家标准代码,GB/T 16751.3-2023,中医临床诊疗术语 第3部分：治法,C02.20.01.02.01,敛肺平喘,
2,国家标准代码,GB/T 16751.3-2023,中医临床诊疗术语 第3部分：治法,C02.20.01.03,益气摄精,
2,国家标准代码,GB/T 16751.3-2023,中医临床诊疗术语 第3部分：治法,C02.20.01.04,升提固涩,
2,国家标准代码,GB/T 16751.3-2023,中医临床诊疗术语 第3部分：治法,C02.20.02,固摄止血,
2,国家标准代码,GB/T 16751.3-2023,中医临床诊疗术语 第3部分：治法,C02.20.02.01,固气摄血,
2,国家标准代码,GB/T 16751.3-2023,中医临床诊疗术语 第3部分：治法,C02.20.02.02,固经止血,
2,国家标准代码,GB/T 16751.3-2023,中医临床诊疗术语 第3部分：治法,C02.20.02.02.01,固冲止血,
2,国家标准代码,GB/T 16751.3-2023,中医临床诊疗术语 第3部分：治法,C02.20.02.02.02,固崩止血,
2,国家标准代码,GB/T 16751.3-2023,中医临床诊疗术语 第3部分：治法,C02.20.02.03,止血安胎,
2,国家标准代码,GB/T 16751.3-2023,中医临床诊疗术语 第3部分：治法,C02.20.02.04,摄血固脱,
2,国家标准代码,GB/T 16751.3-2023,中医临床诊疗术语 第3部分：治法,C02.20.03,固护阴液,
2,国家标准代码,GB/T 16751.3-2023,中医临床诊疗术语 第3部分：治法,C02.20.03.01,固摄敛泪,
2,国家标准代码,GB/T 16751.3-2023,中医临床诊疗术语 第3部分：治法,C02.20.03.02,固涩敛乳,
2,国家标准代码,GB/T 16751.3-2023,中医临床诊疗术语 第3部分：治法,C02.20.03.03,涩肠止泻,
2,国家标准代码,GB/T 16751.3-2023,中医临床诊疗术语 第3部分：治法,C02.20.03.03.01,涩肠止痢,
2,国家标准代码,GB/T 16751.3-2023,中医临床诊疗术语 第3部分：治法,C02.20.03.03.02,涩肠固脱,
2,国家标准代码,GB/T 16751.3-2023,中医临床诊疗术语 第3部分：治法,C02.20.03.04,敛汗固脱,
2,国家标准代码,GB/T 16751.3-2023,中医临床诊疗术语 第3部分：治法,C02.20.04,补肾固涩,
2,国家标准代码,GB/T 16751.3-2023,中医临床诊疗术语 第3部分：治法,C02.20.04.01,温肾固涩,
2,国家标准代码,GB/T 16751.3-2023,中医临床诊疗术语 第3部分：治法,C02.20.04.01.01,补肾固精,
2,国家标准代码,GB/T 16751.3-2023,中医临床诊疗术语 第3部分：治法,C02.20.04.01.02,补肾固冲,
2,国家标准代码,GB/T 16751.3-2023,中医临床诊疗术语 第3部分：治法,C02.20.04.01.03,固冲止带,
2,国家标准代码,GB/T 16751.3-2023,中医临床诊疗术语 第3部分：治法,C02.20.04.02,涩精止遗,
2,国家标准代码,GB/T 16751.3-2023,中医临床诊疗术语 第3部分：治法,C02.20.04.03,固脬止遗,
2,国家标准代码,GB/T 16751.3-2023,中医临床诊疗术语 第3部分：治法,C02.20.04.03.01,固脬止尿,
2,国家标准代码,GB/T 16751.3-2023,中医临床诊疗术语 第3部分：治法,C02.20.04.03.02,固脬止淋,
2,国家标准代码,GB/T 16751.3-2023,中医临床诊疗术语 第3部分：治法,C02.20.04.04,固肾安胎,
2,国家标准代码,GB/T 16751.3-2023,中医临床诊疗术语 第3部分：治法,C02.20.04.05,补肾固脱,
2,国家标准代码,GB/T 16751.3-2023,中医临床诊疗术语 第3部分：治法,C02.20.04.05.01,温肾固脱,
2,国家标准代码,GB/T 16751.3-2023,中医临床诊疗术语 第3部分：治法,C02.20.04.05.02,温阳固脱,
2,国家标准代码,GB/T 16751.3-2023,中医临床诊疗术语 第3部分：治法,C02.21.,治痈疡法,
2,国家标准代码,GB/T 16751.3-2023,中医临床诊疗术语 第3部分：治法,C02.21.01,消痈散疖,
2,国家标准代码,GB/T 16751.3-2023,中医临床诊疗术语 第3部分：治法,C02.21.01.01,消肿散结,
2,国家标准代码,GB/T 16751.3-2023,中医临床诊疗术语 第3部分：治法,C02.21.01.02,消肿软坚,
2,国家标准代码,GB/T 16751.3-2023,中医临床诊疗术语 第3部分：治法,C02.21.01.03,消散疔疮,
2,国家标准代码,GB/T 16751.3-2023,中医临床诊疗术语 第3部分：治法,C02.21.01.04,消肿止痛,
2,国家标准代码,GB/T 16751.3-2023,中医临床诊疗术语 第3部分：治法,C02.21.02,活血消痈,
2,国家标准代码,GB/T 16751.3-2023,中医临床诊疗术语 第3部分：治法,C02.21.02.01,活血祛腐,
2,国家标准代码,GB/T 16751.3-2023,中医临床诊疗术语 第3部分：治法,C02.21.02.02,祛瘀排脓,
2,国家标准代码,GB/T 16751.3-2023,中医临床诊疗术语 第3部分：治法,C02.21.02.03,通乳消痈,
2,国家标准代码,GB/T 16751.3-2023,中医临床诊疗术语 第3部分：治法,C02.21.03,解毒消痈,
2,国家标准代码,GB/T 16751.3-2023,中医临床诊疗术语 第3部分：治法,C02.21.03.01,解毒消肿,
2,国家标准代码,GB/T 16751.3-2023,中医临床诊疗术语 第3部分：治法,C02.21.03.01.01,解毒止痛,
2,国家标准代码,GB/T 16751.3-2023,中医临床诊疗术语 第3部分：治法,C02.21.03.01.01.01,敛疮止痛,
2,国家标准代码,GB/T 16751.3-2023,中医临床诊疗术语 第3部分：治法,C02.21.03.01.02,活血解毒,
2,国家标准代码,GB/T 16751.3-2023,中医临床诊疗术语 第3部分：治法,C02.21.03.01.03,排脓解毒,
2,国家标准代码,GB/T 16751.3-2023,中医临床诊疗术语 第3部分：治法,C02.21.03.01.04,化痰解毒,
2,国家标准代码,GB/T 16751.3-2023,中医临床诊疗术语 第3部分：治法,C02.21.03.01.05,通腑消痈,
2,国家标准代码,GB/T 16751.3-2023,中医临床诊疗术语 第3部分：治法,C02.21.03.01.06,祛腐消肿,
2,国家标准代码,GB/T 16751.3-2023,中医临床诊疗术语 第3部分：治法,C02.21.03.01.07,祛腐泄毒,
2,国家标准代码,GB/T 16751.3-2023,中医临床诊疗术语 第3部分：治法,C02.21.03.01.08,发汗解毒,
2,国家标准代码,GB/T 16751.3-2023,中医临床诊疗术语 第3部分：治法,C02.21.03.01.09,解毒护阴,
2,国家标准代码,GB/T 16751.3-2023,中医临床诊疗术语 第3部分：治法,C02.21.03.01.10,宣泄血毒,
2,国家标准代码,GB/T 16751.3-2023,中医临床诊疗术语 第3部分：治法,C02.21.03.01.11,清解余毒,
2,国家标准代码,GB/T 16751.3-2023,中医临床诊疗术语 第3部分：治法,C02.21.03.02,提脓拔毒,
2,国家标准代码,GB/T 16751.3-2023,中医临床诊疗术语 第3部分：治法,C02.21.03.02.01,箍毒消肿,
2,国家标准代码,GB/T 16751.3-2023,中医临床诊疗术语 第3部分：治法,C02.21.03.02.02,化毒成脓,
2,国家标准代码,GB/T 16751.3-2023,中医临床诊疗术语 第3部分：治法,C02.21.03.02.03,聚毒排脓,
2,国家标准代码,GB/T 16751.3-2023,中医临床诊疗术语 第3部分：治法,C02.21.03.02.04,提脓祛腐,
2,国家标准代码,GB/T 16751.3-2023,中医临床诊疗术语 第3部分：治法,C02.21.03.03,补益托毒,
2,国家标准代码,GB/T 16751.3-2023,中医临床诊疗术语 第3部分：治法,C02.21.03.03.01,托毒透邪,
2,国家标准代码,GB/T 16751.3-2023,中医临床诊疗术语 第3部分：治法,C02.21.03.03.01.01,和营托毒,
2,国家标准代码,GB/T 16751.3-2023,中医临床诊疗术语 第3部分：治法,C02.21.03.03.01.02,托毒护心,
2,国家标准代码,GB/T 16751.3-2023,中医临床诊疗术语 第3部分：治法,C02.21.03.03.02,补气解毒,
2,国家标准代码,GB/T 16751.3-2023,中医临床诊疗术语 第3部分：治法,C02.21.03.03.03,滋阴托毒,
2,国家标准代码,GB/T 16751.3-2023,中医临床诊疗术语 第3部分：治法,C02.21.04,排脓消肿,
2,国家标准代码,GB/T 16751.3-2023,中医临床诊疗术语 第3部分：治法,C02.21.04.01,清热排脓,
2,国家标准代码,GB/T 16751.3-2023,中医临床诊疗术语 第3部分：治法,C02.21.04.01.01,清热祛腐,
2,国家标准代码,GB/T 16751.3-2023,中医临床诊疗术语 第3部分：治法,C02.21.04.01.02,通腑排脓,
2,国家标准代码,GB/T 16751.3-2023,中医临床诊疗术语 第3部分：治法,C02.21.04.02,扶正排脓,
2,国家标准代码,GB/T 16751.3-2023,中医临床诊疗术语 第3部分：治法,C02.21.04.02.01,托里排脓,
2,国家标准代码,GB/T 16751.3-2023,中医临床诊疗术语 第3部分：治法,C02.21.04.02.02,托毒排脓,
2,国家标准代码,GB/T 16751.3-2023,中医临床诊疗术语 第3部分：治法,C02.21.05,祛腐生肌,
2,国家标准代码,GB/T 16751.3-2023,中医临床诊疗术语 第3部分：治法,C02.21.05.01,消肿生肌,
2,国家标准代码,GB/T 16751.3-2023,中医临床诊疗术语 第3部分：治法,C02.21.05.02,去毒生肌,
2,国家标准代码,GB/T 16751.3-2023,中医临床诊疗术语 第3部分：治法,C02.21.05.03,煨脓长肉,
2,国家标准代码,GB/T 16751.3-2023,中医临床诊疗术语 第3部分：治法,C02.21.05.04,透脓生肌,
2,国家标准代码,GB/T 16751.3-2023,中医临床诊疗术语 第3部分：治法,C02.21.05.05,燥湿生肌,
2,国家标准代码,GB/T 16751.3-2023,中医临床诊疗术语 第3部分：治法,C02.21.05.06,和营生新,
2,国家标准代码,GB/T 16751.3-2023,中医临床诊疗术语 第3部分：治法,C02.21.05.07,养血生肌,
2,国家标准代码,GB/T 16751.3-2023,中医临床诊疗术语 第3部分：治法,C02.21.05.08,养阴生肌,
2,国家标准代码,GB/T 16751.3-2023,中医临床诊疗术语 第3部分：治法,C02.21.05.09,益气生肌,
2,国家标准代码,GB/T 16751.3-2023,中医临床诊疗术语 第3部分：治法,C02.21.05.10,回阳生肌,
2,国家标准代码,GB/T 16751.3-2023,中医临床诊疗术语 第3部分：治法,C02.21.05.11,生肌收口,
2,国家标准代码,GB/T 16751.3-2023,中医临床诊疗术语 第3部分：治法,C02.21.05.12,生肌定痛,
2,国家标准代码,GB/T 16751.3-2023,中医临床诊疗术语 第3部分：治法,C02.22.,治五官法,
2,国家标准代码,GB/T 16751.3-2023,中医临床诊疗术语 第3部分：治法,C02.22.01.,明目,
2,国家标准代码,GB/T 16751.3-2023,中医临床诊疗术语 第3部分：治法,C02.22.01.01.,祛邪明目,
2,国家标准代码,GB/T 16751.3-2023,中医临床诊疗术语 第3部分：治法,C02.22.01.01.01,祛风明目,
2,国家标准代码,GB/T 16751.3-2023,中医临床诊疗术语 第3部分：治法,C02.22.01.01.02,清热明目,
2,国家标准代码,GB/T 16751.3-2023,中医临床诊疗术语 第3部分：治法,C02.22.01.01.03,凉血明目,
2,国家标准代码,GB/T 16751.3-2023,中医临床诊疗术语 第3部分：治法,C02.22.01.01.04,化瘀明目,
2,国家标准代码,GB/T 16751.3-2023,中医临床诊疗术语 第3部分：治法,C02.22.01.01.05,退翳明目,
2,国家标准代码,GB/T 16751.3-2023,中医临床诊疗术语 第3部分：治法,C02.22.01.02.,补益明目,
2,国家标准代码,GB/T 16751.3-2023,中医临床诊疗术语 第3部分：治法,C02.22.01.02.01,补气明目,
2,国家标准代码,GB/T 16751.3-2023,中医临床诊疗术语 第3部分：治法,C02.22.01.02.02,养血明目,
2,国家标准代码,GB/T 16751.3-2023,中医临床诊疗术语 第3部分：治法,C02.22.01.02.03,滋肝明目,
2,国家标准代码,GB/T 16751.3-2023,中医临床诊疗术语 第3部分：治法,C02.22.01.02.04,补肾明目,
2,国家标准代码,GB/T 16751.3-2023,中医临床诊疗术语 第3部分：治法,C02.22.02.,通耳,
2,国家标准代码,GB/T 16751.3-2023,中医临床诊疗术语 第3部分：治法,C02.22.02.01.,祛邪利耳,
2,国家标准代码,GB/T 16751.3-2023,中医临床诊疗术语 第3部分：治法,C02.22.02.01.01,疏风宣耳,
2,国家标准代码,GB/T 16751.3-2023,中医临床诊疗术语 第3部分：治法,C02.22.02.01.02,降火清耳,
2,国家标准代码,GB/T 16751.3-2023,中医临床诊疗术语 第3部分：治法,C02.22.02.01.03,解毒利耳,
2,国家标准代码,GB/T 16751.3-2023,中医临床诊疗术语 第3部分：治法,C02.22.02.01.04,除湿利耳,
2,国家标准代码,GB/T 16751.3-2023,中医临床诊疗术语 第3部分：治法,C02.22.02.01.05,祛痰利耳,
2,国家标准代码,GB/T 16751.3-2023,中医临床诊疗术语 第3部分：治法,C02.22.02.01.06,化浊利耳,
2,国家标准代码,GB/T 16751.3-2023,中医临床诊疗术语 第3部分：治法,C02.22.02.01.07,理气通耳,
2,国家标准代码,GB/T 16751.3-2023,中医临床诊疗术语 第3部分：治法,C02.22.02.01.08,逐瘀通耳,
2,国家标准代码,GB/T 16751.3-2023,中医临床诊疗术语 第3部分：治法,C02.22.02.01.09,温化寒水利耳,
2,国家标准代码,GB/T 16751.3-2023,中医临床诊疗术语 第3部分：治法,C02.22.02.01.10,平肝潜阳利耳,
2,国家标准代码,GB/T 16751.3-2023,中医临床诊疗术语 第3部分：治法,C02.22.02.01.10.01,泻肝清耳,
2,国家标准代码,GB/T 16751.3-2023,中医临床诊疗术语 第3部分：治法,C02.22.02.02.,补益濡耳,
2,国家标准代码,GB/T 16751.3-2023,中医临床诊疗术语 第3部分：治法,C02.22.02.02.01,补气通耳,
2,国家标准代码,GB/T 16751.3-2023,中医临床诊疗术语 第3部分：治法,C02.22.02.02.02,补血养耳,
2,国家标准代码,GB/T 16751.3-2023,中医临床诊疗术语 第3部分：治法,C02.22.02.02.03,滋阴濡耳,
2,国家标准代码,GB/T 16751.3-2023,中医临床诊疗术语 第3部分：治法,C02.22.02.02.03.01,滋肾濡耳,
2,国家标准代码,GB/T 16751.3-2023,中医临床诊疗术语 第3部分：治法,C02.22.02.02.03.02,滋肝濡耳,
2,国家标准代码,GB/T 16751.3-2023,中医临床诊疗术语 第3部分：治法,C02.22.03.,通鼻,
2,国家标准代码,GB/T 16751.3-2023,中医临床诊疗术语 第3部分：治法,C02.22.03.01.,祛邪利鼻,
2,国家标准代码,GB/T 16751.3-2023,中医临床诊疗术语 第3部分：治法,C02.22.03.01.01,疏风通鼻,
2,国家标准代码,GB/T 16751.3-2023,中医临床诊疗术语 第3部分：治法,C02.22.03.01.02,散寒通鼻,
2,国家标准代码,GB/T 16751.3-2023,中医临床诊疗术语 第3部分：治法,C02.22.03.01.03,除湿利鼻,
2,国家标准代码,GB/T 16751.3-2023,中医临床诊疗术语 第3部分：治法,C02.22.03.01.04,清燥润鼻,
2,国家标准代码,GB/T 16751.3-2023,中医临床诊疗术语 第3部分：治法,C02.22.03.01.05,芳香通鼻,
2,国家标准代码,GB/T 16751.3-2023,中医临床诊疗术语 第3部分：治法,C02.22.03.01.06,清胆利鼻,
2,国家标准代码,GB/T 16751.3-2023,中医临床诊疗术语 第3部分：治法,C02.22.03.01.07,解毒利鼻,
2,国家标准代码,GB/T 16751.3-2023,中医临床诊疗术语 第3部分：治法,C02.22.03.01.08,祛瘀通鼻,
2,国家标准代码,GB/T 16751.3-2023,中医临床诊疗术语 第3部分：治法,C02.22.03.02.,补益利鼻,
2,国家标准代码,GB/T 16751.3-2023,中医临床诊疗术语 第3部分：治法,C02.22.03.02.01,益气煦鼻,
2,国家标准代码,GB/T 16751.3-2023,中医临床诊疗术语 第3部分：治法,C02.22.03.02.02,补血滋鼻,
2,国家标准代码,GB/T 16751.3-2023,中医临床诊疗术语 第3部分：治法,C02.22.03.02.03,滋阴通鼻,
2,国家标准代码,GB/T 16751.3-2023,中医临床诊疗术语 第3部分：治法,C02.22.03.02.04,温阳通鼻,
2,国家标准代码,GB/T 16751.3-2023,中医临床诊疗术语 第3部分：治法,C02.22.04.,利咽,
2,国家标准代码,GB/T 16751.3-2023,中医临床诊疗术语 第3部分：治法,C02.22.04.01.,祛邪利咽,
2,国家标准代码,GB/T 16751.3-2023,中医临床诊疗术语 第3部分：治法,C02.22.04.01.01,疏风利咽,
2,国家标准代码,GB/T 16751.3-2023,中医临床诊疗术语 第3部分：治法,C02.22.04.01.02,散寒利咽,
2,国家标准代码,GB/T 16751.3-2023,中医临床诊疗术语 第3部分：治法,C02.22.04.01.03,清胃利咽,
2,国家标准代码,GB/T 16751.3-2023,中医临床诊疗术语 第3部分：治法,C02.22.04.01.04,理气利咽,
2,国家标准代码,GB/T 16751.3-2023,中医临床诊疗术语 第3部分：治法,C02.22.04.01.05,祛痰利咽,
2,国家标准代码,GB/T 16751.3-2023,中医临床诊疗术语 第3部分：治法,C02.22.04.01.06,逐瘀利咽,
2,国家标准代码,GB/T 16751.3-2023,中医临床诊疗术语 第3部分：治法,C02.22.04.02.,补益利咽,
2,国家标准代码,GB/T 16751.3-2023,中医临床诊疗术语 第3部分：治法,C02.22.04.02.01,益气利咽,
2,国家标准代码,GB/T 16751.3-2023,中医临床诊疗术语 第3部分：治法,C02.22.04.02.02,滋阴润咽,
2,国家标准代码,GB/T 16751.3-2023,中医临床诊疗术语 第3部分：治法,C02.22.04.02.02.01,生津利咽,
2,国家标准代码,GB/T 16751.3-2023,中医临床诊疗术语 第3部分：治法,C02.22.04.02.02.02,滋阴润喉,
2,国家标准代码,GB/T 16751.3-2023,中医临床诊疗术语 第3部分：治法,C02.22.05.,开音,
2,国家标准代码,GB/T 16751.3-2023,中医临床诊疗术语 第3部分：治法,C02.22.05.01.,祛邪开音,
2,国家标准代码,GB/T 16751.3-2023,中医临床诊疗术语 第3部分：治法,C02.22.05.01.01,宣肺开音,
2,国家标准代码,GB/T 16751.3-2023,中医临床诊疗术语 第3部分：治法,C02.22.05.01.02,散寒开音,
2,国家标准代码,GB/T 16751.3-2023,中医临床诊疗术语 第3部分：治法,C02.22.05.01.03,清热开音,
2,国家标准代码,GB/T 16751.3-2023,中医临床诊疗术语 第3部分：治法,C02.22.05.01.04,祛痰开音,
2,国家标准代码,GB/T 16751.3-2023,中医临床诊疗术语 第3部分：治法,C02.22.05.01.05,行气开音,
2,国家标准代码,GB/T 16751.3-2023,中医临床诊疗术语 第3部分：治法,C02.22.05.01.06,祛瘀开音,
2,国家标准代码,GB/T 16751.3-2023,中医临床诊疗术语 第3部分：治法,C02.22.05.01.07,散结开音,
2,国家标准代码,GB/T 16751.3-2023,中医临床诊疗术语 第3部分：治法,C02.22.05.01.08,消肿开音,
2,国家标准代码,GB/T 16751.3-2023,中医临床诊疗术语 第3部分：治法,C02.22.05.02.,补益开音,
2,国家标准代码,GB/T 16751.3-2023,中医临床诊疗术语 第3部分：治法,C02.22.05.02.01,益气开音,
2,国家标准代码,GB/T 16751.3-2023,中医临床诊疗术语 第3部分：治法,C02.22.05.02.02,滋阴开音,
2,国家标准代码,GB/T 16751.3-2023,中医临床诊疗术语 第3部分：治法,C02.22.05.02.03,润燥开音,
2,国家标准代码,GB/T 16751.3-2023,中医临床诊疗术语 第3部分：治法,C02.22.06.,固齿,
2,国家标准代码,GB/T 16751.3-2023,中医临床诊疗术语 第3部分：治法,C02.22.06.01.,祛邪固齿,
2,国家标准代码,GB/T 16751.3-2023,中医临床诊疗术语 第3部分：治法,C02.22.06.01.01,疏风固齿,
2,国家标准代码,GB/T 16751.3-2023,中医临床诊疗术语 第3部分：治法,C02.22.06.01.02,祛湿利齿,
2,国家标准代码,GB/T 16751.3-2023,中医临床诊疗术语 第3部分：治法,C02.22.06.01.03,降火固齿,
2,国家标准代码,GB/T 16751.3-2023,中医临床诊疗术语 第3部分：治法,C02.22.06.01.04,解毒固齿,
2,国家标准代码,GB/T 16751.3-2023,中医临床诊疗术语 第3部分：治法,C02.22.06.01.04.01,解毒利龈,
2,国家标准代码,GB/T 16751.3-2023,中医临床诊疗术语 第3部分：治法,C02.22.06.01.05,逐瘀消龈肿,
2,国家标准代码,GB/T 16751.3-2023,中医临床诊疗术语 第3部分：治法,C02.22.06.02.,补益固齿,
2,国家标准代码,GB/T 16751.3-2023,中医临床诊疗术语 第3部分：治法,C02.22.06.02.01,益气固齿,
2,国家标准代码,GB/T 16751.3-2023,中医临床诊疗术语 第3部分：治法,C02.22.06.02.02,补血养龈,
2,国家标准代码,GB/T 16751.3-2023,中医临床诊疗术语 第3部分：治法,C02.22.06.02.03,滋阴养龈,
2,国家标准代码,GB/T 16751.3-2023,中医临床诊疗术语 第3部分：治法,C02.22.06.02.04,温阳健齿,
2,国家标准代码,GB/T 16751.3-2023,中医临床诊疗术语 第3部分：治法,C02.22.06.02.05,补肾固齿,
2,国家标准代码,GB/T 16751.3-2023,中医临床诊疗术语 第3部分：治法,C02.23.,其他治法,
2,国家标准代码,GB/T 16751.3-2023,中医临床诊疗术语 第3部分：治法,C02.23.01,壮水制阳,
2,国家标准代码,GB/T 16751.3-2023,中医临床诊疗术语 第3部分：治法,C02.23.02,益火消阴,
2,国家标准代码,GB/T 16751.3-2023,中医临床诊疗术语 第3部分：治法,C02.23.03,引火归原,
2,国家标准代码,GB/T 16751.3-2023,中医临床诊疗术语 第3部分：治法,C02.23.04,宣通三焦,
2,国家标准代码,GB/T 16751.3-2023,中医临床诊疗术语 第3部分：治法,C02.23.05,交通心肾,
2,国家标准代码,GB/T 16751.3-2023,中医临床诊疗术语 第3部分：治法,C02.23.06,清利头目,
2,国家标准代码,GB/T 16751.3-2023,中医临床诊疗术语 第3部分：治法,C02.23.07,滑利窍道,
2,国家标准代码,GB/T 16751.3-2023,中医临床诊疗术语 第3部分：治法,C02.23.08,宽胸利膈,
2,国家标准代码,GB/T 16751.3-2023,中医临床诊疗术语 第3部分：治法,C02.23.09,续筋接骨,
2,国家标准代码,GB/T 16751.3-2023,中医临床诊疗术语 第3部分：治法,C02.23.10,强筋壮骨,
2,国家标准代码,GB/T 16751.3-2023,中医临床诊疗术语 第3部分：治法,C02.23.11,酸甘化阴,
2,国家标准代码,GB/T 16751.3-2023,中医临床诊疗术语 第3部分：治法,C02.23.12,辛甘化阳,
2,国家标准代码,GB/T 16751.3-2023,中医临床诊疗术语 第3部分：治法,C02.23.13,佐金平木,
2,国家标准代码,GB/T 16751.3-2023,中医临床诊疗术语 第3部分：治法,C02.23.14,益火生土,
2,国家标准代码,GB/T 16751.3-2023,中医临床诊疗术语 第3部分：治法,C02.23.15,金水相生,
2,国家标准代码,GB/T 16751.3-2023,中医临床诊疗术语 第3部分：治法,C02.23.16,培土制水,
2,国家标准代码,GB/T 16751.3-2023,中医临床诊疗术语 第3部分：治法,C02.23.17,泻南补北,
2,国家标准代码,GB/T 16751.3-2023,中医临床诊疗术语 第3部分：治法,C02.23.18,畜鱼置介,
2,国家标准代码,GB/T 16751.3-2023,中医临床诊疗术语 第3部分：治法,C02.23.19,提壶揭盖,
2,国家标准代码,GB/T 16751.3-2023,中医临床诊疗术语 第3部分：治法,C02.23.20,逆流挽舟,
2,国家标准代码,GB/T 16751.3-2023,中医临床诊疗术语 第3部分：治法,C02.23.21,开鬼门，洁净府,
2,国家标准代码,GB/T 16751.3-2023,中医临床诊疗术语 第3部分：治法,C02.23.22,解毒安胎,
2,国家标准代码,GB/T 16751.3-2023,中医临床诊疗术语 第3部分：治法,C02.23.23,以毒攻毒,
2,国家标准代码,GB/T 16751.3-2023,中医临床诊疗术语 第3部分：治法,C03.,疗法类术语,
2,国家标准代码,GB/T 16751.3-2023,中医临床诊疗术语 第3部分：治法,C03.01.,针灸疗法,
2,国家标准代码,GB/T 16751.3-2023,中医临床诊疗术语 第3部分：治法,C03.01.01,体针疗法,
2,国家标准代码,GB/T 16751.3-2023,中医临床诊疗术语 第3部分：治法,C03.01.02,头针疗法,
2,国家标准代码,GB/T 16751.3-2023,中医临床诊疗术语 第3部分：治法,C03.01.03,面针疗法,
2,国家标准代码,GB/T 16751.3-2023,中医临床诊疗术语 第3部分：治法,C03.01.04,眼针疗法,
2,国家标准代码,GB/T 16751.3-2023,中医临床诊疗术语 第3部分：治法,C03.01.05,鼻针疗法,
2,国家标准代码,GB/T 16751.3-2023,中医临床诊疗术语 第3部分：治法,C03.01.06,耳针疗法,
2,国家标准代码,GB/T 16751.3-2023,中医临床诊疗术语 第3部分：治法,C03.01.06.01,耳压疗法,
2,国家标准代码,GB/T 16751.3-2023,中医临床诊疗术语 第3部分：治法,C03.01.07,舌针疗法,
2,国家标准代码,GB/T 16751.3-2023,中医临床诊疗术语 第3部分：治法,C03.01.08,脊背针疗法,
2,国家标准代码,GB/T 16751.3-2023,中医临床诊疗术语 第3部分：治法,C03.01.09,手针疗法,
2,国家标准代码,GB/T 16751.3-2023,中医临床诊疗术语 第3部分：治法,C03.01.10,足针疗法,
2,国家标准代码,GB/T 16751.3-2023,中医临床诊疗术语 第3部分：治法,C03.01.11,腕踝针疗法,
2,国家标准代码,GB/T 16751.3-2023,中医临床诊疗术语 第3部分：治法,C03.01.12,皮内针疗法,
2,国家标准代码,GB/T 16751.3-2023,中医临床诊疗术语 第3部分：治法,C03.01.13,巨针疗法,
2,国家标准代码,GB/T 16751.3-2023,中医临床诊疗术语 第3部分：治法,C03.01.14,七星针疗法,
2,国家标准代码,GB/T 16751.3-2023,中医临床诊疗术语 第3部分：治法,C03.01.15,三棱针疗法,
2,国家标准代码,GB/T 16751.3-2023,中医临床诊疗术语 第3部分：治法,C03.01.16,挑治疗法,
2,国家标准代码,GB/T 16751.3-2023,中医临床诊疗术语 第3部分：治法,C03.01.16.01,刺四缝疗法,
2,国家标准代码,GB/T 16751.3-2023,中医临床诊疗术语 第3部分：治法,C03.01.17,陶针疗法,
2,国家标准代码,GB/T 16751.3-2023,中医临床诊疗术语 第3部分：治法,C03.01.18,芒针疗法,
2,国家标准代码,GB/T 16751.3-2023,中医临床诊疗术语 第3部分：治法,C03.01.19,点刺疗法,
2,国家标准代码,GB/T 16751.3-2023,中医临床诊疗术语 第3部分：治法,C03.01.20,针刺麻醉法,
2,国家标准代码,GB/T 16751.3-2023,中医临床诊疗术语 第3部分：治法,C03.01.21,刺络拔罐疗法,
2,国家标准代码,GB/T 16751.3-2023,中医临床诊疗术语 第3部分：治法,C03.01.22,脉冲电针疗法,
2,国家标准代码,GB/T 16751.3-2023,中医临床诊疗术语 第3部分：治法,C03.01.23,微波针疗法,
2,国家标准代码,GB/T 16751.3-2023,中医临床诊疗术语 第3部分：治法,C03.01.24,激光针疗法,
2,国家标准代码,GB/T 16751.3-2023,中医临床诊疗术语 第3部分：治法,C03.01.25,电离子导入疗法,
2,国家标准代码,GB/T 16751.3-2023,中医临床诊疗术语 第3部分：治法,C03.01.26,水针疗法,
2,国家标准代码,GB/T 16751.3-2023,中医临床诊疗术语 第3部分：治法,C03.01.27,火针疗法,
2,国家标准代码,GB/T 16751.3-2023,中医临床诊疗术语 第3部分：治法,C03.01.28,温针疗法,
2,国家标准代码,GB/T 16751.3-2023,中医临床诊疗术语 第3部分：治法,C03.01.29,麦粒灸疗法,
2,国家标准代码,GB/T 16751.3-2023,中医临床诊疗术语 第3部分：治法,C03.01.30,疤痕灸疗法,
2,国家标准代码,GB/T 16751.3-2023,中医临床诊疗术语 第3部分：治法,C03.01.31,隔姜灸疗法,
2,国家标准代码,GB/T 16751.3-2023,中医临床诊疗术语 第3部分：治法,C03.01.32,隔蒜灸疗法,
2,国家标准代码,GB/T 16751.3-2023,中医临床诊疗术语 第3部分：治法,C03.01.33,药饼灸疗法,
2,国家标准代码,GB/T 16751.3-2023,中医临床诊疗术语 第3部分：治法,C03.01.34,艾条灸疗法,
2,国家标准代码,GB/T 16751.3-2023,中医临床诊疗术语 第3部分：治法,C03.01.34.01,雷火针灸疗法,
2,国家标准代码,GB/T 16751.3-2023,中医临床诊疗术语 第3部分：治法,C03.01.34.02,太乙针灸疗法,
2,国家标准代码,GB/T 16751.3-2023,中医临床诊疗术语 第3部分：治法,C03.02.,推拿疗法,
2,国家标准代码,GB/T 16751.3-2023,中医临床诊疗术语 第3部分：治法,C03.02.01,小儿推拿疗法,
2,国家标准代码,GB/T 16751.3-2023,中医临床诊疗术语 第3部分：治法,C03.02.02,脏腑经穴推拿疗法,
2,国家标准代码,GB/T 16751.3-2023,中医临床诊疗术语 第3部分：治法,C03.02.03,正骨推拿疗法,
2,国家标准代码,GB/T 16751.3-2023,中医临床诊疗术语 第3部分：治法,C03.02.04,喉科擎拿疗法,
2,国家标准代码,GB/T 16751.3-2023,中医临床诊疗术语 第3部分：治法,C03.02.05,膏摩疗法,
2,国家标准代码,GB/T 16751.3-2023,中医临床诊疗术语 第3部分：治法,C03.02.06,内功推拿疗法,
2,国家标准代码,GB/T 16751.3-2023,中医临床诊疗术语 第3部分：治法,C03.02.07,一指禅推拿疗法,
2,国家标准代码,GB/T 16751.3-2023,中医临床诊疗术语 第3部分：治法,C03.02.08,㨰法推拿疗法,
2,国家标准代码,GB/T 16751.3-2023,中医临床诊疗术语 第3部分：治法,C03.02.09,捏脊疗法,
2,国家标准代码,GB/T 16751.3-2023,中医临床诊疗术语 第3部分：治法,C03.02.10,点穴疗法,
2,国家标准代码,GB/T 16751.3-2023,中医临床诊疗术语 第3部分：治法,C03.02.11,指拨疗法,
2,国家标准代码,GB/T 16751.3-2023,中医临床诊疗术语 第3部分：治法,C03.02.12,推扳疗法,
2,国家标准代码,GB/T 16751.3-2023,中医临床诊疗术语 第3部分：治法,C03.02.13,拍击疗法,
2,国家标准代码,GB/T 16751.3-2023,中医临床诊疗术语 第3部分：治法,C03.02.14,保健按摩疗法,
2,国家标准代码,GB/T 16751.3-2023,中医临床诊疗术语 第3部分：治法,C03.02.14.01,鼓气吹张疗法,
2,国家标准代码,GB/T 16751.3-2023,中医临床诊疗术语 第3部分：治法,C03.02.14.02,鼓膜按摩,
2,国家标准代码,GB/T 16751.3-2023,中医临床诊疗术语 第3部分：治法,C03.02.14.03,鸣天鼓,
2,国家标准代码,GB/T 16751.3-2023,中医临床诊疗术语 第3部分：治法,C03.02.14.04,眼保健推拿疗法,
2,国家标准代码,GB/T 16751.3-2023,中医临床诊疗术语 第3部分：治法,C03.03.,外治疗法,
2,国家标准代码,GB/T 16751.3-2023,中医临床诊疗术语 第3部分：治法,C03.03.01,药熨疗法,
2,国家标准代码,GB/T 16751.3-2023,中医临床诊疗术语 第3部分：治法,C03.03.02,敷贴疗法,
2,国家标准代码,GB/T 16751.3-2023,中医临床诊疗术语 第3部分：治法,C03.03.02.01,发泡疗法,
2,国家标准代码,GB/T 16751.3-2023,中医临床诊疗术语 第3部分：治法,C03.03.03,敷脐疗法,
2,国家标准代码,GB/T 16751.3-2023,中医临床诊疗术语 第3部分：治法,C03.03.04,湿敷疗法,
2,国家标准代码,GB/T 16751.3-2023,中医临床诊疗术语 第3部分：治法,C03.03.04.01,湿泥疗法,
2,国家标准代码,GB/T 16751.3-2023,中医临床诊疗术语 第3部分：治法,C03.03.05,热敷疗法,
2,国家标准代码,GB/T 16751.3-2023,中医临床诊疗术语 第3部分：治法,C03.03.05.01,热蜡疗法,
2,国家标准代码,GB/T 16751.3-2023,中医临床诊疗术语 第3部分：治法,C03.03.06,熏蒸疗法,
2,国家标准代码,GB/T 16751.3-2023,中医临床诊疗术语 第3部分：治法,C03.03.06.01,熏洗疗法,
2,国家标准代码,GB/T 16751.3-2023,中医临床诊疗术语 第3部分：治法,C03.03.06.02,烟熏疗法,
2,国家标准代码,GB/T 16751.3-2023,中医临床诊疗术语 第3部分：治法,C03.03.06.03,神灯照疗法,
2,国家标准代码,GB/T 16751.3-2023,中医临床诊疗术语 第3部分：治法,C03.03.07,冲洗疗法,
2,国家标准代码,GB/T 16751.3-2023,中医临床诊疗术语 第3部分：治法,C03.03.08,沐浴疗法,
2,国家标准代码,GB/T 16751.3-2023,中医临床诊疗术语 第3部分：治法,C03.03.08.01,浸洗疗法,
2,国家标准代码,GB/T 16751.3-2023,中医临床诊疗术语 第3部分：治法,C03.03.09,膏药疗法,
2,国家标准代码,GB/T 16751.3-2023,中医临床诊疗术语 第3部分：治法,C03.03.10,药膏疗法,
2,国家标准代码,GB/T 16751.3-2023,中医临床诊疗术语 第3部分：治法,C03.03.11,箍围疗法,
2,国家标准代码,GB/T 16751.3-2023,中医临床诊疗术语 第3部分：治法,C03.03.12,腐蚀疗法,
2,国家标准代码,GB/T 16751.3-2023,中医临床诊疗术语 第3部分：治法,C03.03.13,烧灼疗法,
2,国家标准代码,GB/T 16751.3-2023,中医临床诊疗术语 第3部分：治法,C03.03.14,药栓疗法,
2,国家标准代码,GB/T 16751.3-2023,中医临床诊疗术语 第3部分：治法,C03.03.15,灌肠疗法,
2,国家标准代码,GB/T 16751.3-2023,中医临床诊疗术语 第3部分：治法,C03.03.16,握药疗法,
2,国家标准代码,GB/T 16751.3-2023,中医临床诊疗术语 第3部分：治法,C03.03.17,药枕疗法,
2,国家标准代码,GB/T 16751.3-2023,中医临床诊疗术语 第3部分：治法,C03.03.18,药肚疗法,
2,国家标准代码,GB/T 16751.3-2023,中医临床诊疗术语 第3部分：治法,C03.03.19,药带疗法,
2,国家标准代码,GB/T 16751.3-2023,中医临床诊疗术语 第3部分：治法,C03.03.20,香佩疗法,
2,国家标准代码,GB/T 16751.3-2023,中医临床诊疗术语 第3部分：治法,C03.03.21,枯痔疗法,
2,国家标准代码,GB/T 16751.3-2023,中医临床诊疗术语 第3部分：治法,C03.03.21.01,枯痔钉疗法,
2,国家标准代码,GB/T 16751.3-2023,中医临床诊疗术语 第3部分：治法,C03.03.21.02,枯痔硬化疗法,
2,国家标准代码,GB/T 16751.3-2023,中医临床诊疗术语 第3部分：治法,C03.03.22,拔罐疗法,
2,国家标准代码,GB/T 16751.3-2023,中医临床诊疗术语 第3部分：治法,C03.03.22.01,走罐疗法,
2,国家标准代码,GB/T 16751.3-2023,中医临床诊疗术语 第3部分：治法,C03.03.22.02,药筒疗法,
2,国家标准代码,GB/T 16751.3-2023,中医临床诊疗术语 第3部分：治法,C03.03.23,火烙疗法,
2,国家标准代码,GB/T 16751.3-2023,中医临床诊疗术语 第3部分：治法,C03.03.23.01,扁桃体烙治疗法,
2,国家标准代码,GB/T 16751.3-2023,中医临床诊疗术语 第3部分：治法,C03.03.24,打灯火疗法,
2,国家标准代码,GB/T 16751.3-2023,中医临床诊疗术语 第3部分：治法,C03.03.25,切开疗法,
2,国家标准代码,GB/T 16751.3-2023,中医临床诊疗术语 第3部分：治法,C03.03.26,割治疗法,
2,国家标准代码,GB/T 16751.3-2023,中医临床诊疗术语 第3部分：治法,C03.03.26.01,钩割疗法,
2,国家标准代码,GB/T 16751.3-2023,中医临床诊疗术语 第3部分：治法,C03.03.26.02,鼻丘割治疗法,
2,国家标准代码,GB/T 16751.3-2023,中医临床诊疗术语 第3部分：治法,C03.03.26.03,割掌疗法,
2,国家标准代码,GB/T 16751.3-2023,中医临床诊疗术语 第3部分：治法,C03.03.26.04,小针刀疗法,
2,国家标准代码,GB/T 16751.3-2023,中医临床诊疗术语 第3部分：治法,C03.03.27,刺血疗法,
2,国家标准代码,GB/T 16751.3-2023,中医临床诊疗术语 第3部分：治法,C03.03.27.01,扁桃体啄治疗法,
2,国家标准代码,GB/T 16751.3-2023,中医临床诊疗术语 第3部分：治法,C03.03.27.02,砭镰疗法,
2,国家标准代码,GB/T 16751.3-2023,中医临床诊疗术语 第3部分：治法,C03.03.28,刮痧疗法,
2,国家标准代码,GB/T 16751.3-2023,中医临床诊疗术语 第3部分：治法,C03.03.28.01,撮痧疗法,
2,国家标准代码,GB/T 16751.3-2023,中医临床诊疗术语 第3部分：治法,C03.03.29,缠缚疗法,
2,国家标准代码,GB/T 16751.3-2023,中医临床诊疗术语 第3部分：治法,C03.03.30,引流疗法,
2,国家标准代码,GB/T 16751.3-2023,中医临床诊疗术语 第3部分：治法,C03.03.31,吸引疗法,
2,国家标准代码,GB/T 16751.3-2023,中医临床诊疗术语 第3部分：治法,C03.03.32,药线疗法,
2,国家标准代码,GB/T 16751.3-2023,中医临床诊疗术语 第3部分：治法,C03.03.33,拖线疗法,
2,国家标准代码,GB/T 16751.3-2023,中医临床诊疗术语 第3部分：治法,C03.03.34,灌注疗法,
2,国家标准代码,GB/T 16751.3-2023,中医临床诊疗术语 第3部分：治法,C03.03.35,垫棉疗法,
2,国家标准代码,GB/T 16751.3-2023,中医临床诊疗术语 第3部分：治法,C03.03.36,点眼疗法,
2,国家标准代码,GB/T 16751.3-2023,中医临床诊疗术语 第3部分：治法,C03.03.37,敷眼疗法,
2,国家标准代码,GB/T 16751.3-2023,中医临床诊疗术语 第3部分：治法,C03.03.38,海螵蛸摩擦疗法,
2,国家标准代码,GB/T 16751.3-2023,中医临床诊疗术语 第3部分：治法,C03.03.39,金针拨障疗法,
2,国家标准代码,GB/T 16751.3-2023,中医临床诊疗术语 第3部分：治法,C03.03.40,塞耳疗法,
2,国家标准代码,GB/T 16751.3-2023,中医临床诊疗术语 第3部分：治法,C03.03.41,吹耳疗法,
2,国家标准代码,GB/T 16751.3-2023,中医临床诊疗术语 第3部分：治法,C03.03.42,滴耳疗法,
2,国家标准代码,GB/T 16751.3-2023,中医临床诊疗术语 第3部分：治法,C03.03.43,洗耳疗法,
2,国家标准代码,GB/T 16751.3-2023,中医临床诊疗术语 第3部分：治法,C03.03.44,塞鼻疗法,
2,国家标准代码,GB/T 16751.3-2023,中医临床诊疗术语 第3部分：治法,C03.03.44.01,鼻腔填塞疗法,
2,国家标准代码,GB/T 16751.3-2023,中医临床诊疗术语 第3部分：治法,C03.03.45,药液滴鼻疗法,
2,国家标准代码,GB/T 16751.3-2023,中医临床诊疗术语 第3部分：治法,C03.03.45.01,油剂滴鼻疗法,
2,国家标准代码,GB/T 16751.3-2023,中医临床诊疗术语 第3部分：治法,C03.03.46,吹鼻疗法,
2,国家标准代码,GB/T 16751.3-2023,中医临床诊疗术语 第3部分：治法,C03.03.46.01,取嚏疗法,
2,国家标准代码,GB/T 16751.3-2023,中医临床诊疗术语 第3部分：治法,C03.03.47,鼻嗅疗法,
2,国家标准代码,GB/T 16751.3-2023,中医临床诊疗术语 第3部分：治法,C03.03.48,气雾吸入疗法,
2,国家标准代码,GB/T 16751.3-2023,中医临床诊疗术语 第3部分：治法,C03.03.48.01,雾化吸入疗法,
2,国家标准代码,GB/T 16751.3-2023,中医临床诊疗术语 第3部分：治法,C03.03.48.02,喷雾疗法,
2,国家标准代码,GB/T 16751.3-2023,中医临床诊疗术语 第3部分：治法,C03.03.49,噙化疗法,
2,国家标准代码,GB/T 16751.3-2023,中医临床诊疗术语 第3部分：治法,C03.03.50,含漱疗法,
2,国家标准代码,GB/T 16751.3-2023,中医临床诊疗术语 第3部分：治法,C03.03.51,小儿蒂丁指压疗法,
2,国家标准代码,GB/T 16751.3-2023,中医临床诊疗术语 第3部分：治法,C03.03.52,吹喉疗法,
2,国家标准代码,GB/T 16751.3-2023,中医临床诊疗术语 第3部分：治法,C03.03.53,药液拭口疗法,
2,国家标准代码,GB/T 16751.3-2023,中医临床诊疗术语 第3部分：治法,C03.03.54,擦牙疗法,
2,国家标准代码,GB/T 16751.3-2023,中医临床诊疗术语 第3部分：治法,C03.03.55,结扎疗法,
2,国家标准代码,GB/T 16751.3-2023,中医临床诊疗术语 第3部分：治法,C03.03.55.01,挂线疗法,
2,国家标准代码,GB/T 16751.3-2023,中医临床诊疗术语 第3部分：治法,C03.03.55.02,套扎疗法,
2,国家标准代码,GB/T 16751.3-2023,中医临床诊疗术语 第3部分：治法,C03.03.55.03,结扎切除疗法,
2,国家标准代码,GB/T 16751.3-2023,中医临床诊疗术语 第3部分：治法,C03.03.55.04,切开挂线疗法,
2,国家标准代码,GB/T 16751.3-2023,中医临床诊疗术语 第3部分：治法,C03.03.56,整复疗法,
2,国家标准代码,GB/T 16751.3-2023,中医临床诊疗术语 第3部分：治法,C03.03.56.01,牵引疗法,
2,国家标准代码,GB/T 16751.3-2023,中医临床诊疗术语 第3部分：治法,C03.03.56.01.01,骨盆牵引法,
2,国家标准代码,GB/T 16751.3-2023,中医临床诊疗术语 第3部分：治法,C03.03.56.01.02,颈椎布兜牵引法,
2,国家标准代码,GB/T 16751.3-2023,中医临床诊疗术语 第3部分：治法,C03.03.56.02,包扎固定疗法,
2,国家标准代码,GB/T 16751.3-2023,中医临床诊疗术语 第3部分：治法,C03.03.56.03,夹板固定疗法,
2,国家标准代码,GB/T 16751.3-2023,中医临床诊疗术语 第3部分：治法,C03.03.57,穴位埋线疗法,
2,国家标准代码,GB/T 16751.3-2023,中医临床诊疗术语 第3部分：治法,C03.03.58,磁穴疗法,
2,国家标准代码,GB/T 16751.3-2023,中医临床诊疗术语 第3部分：治法,C03.04.,饮食疗法,
2,国家标准代码,GB/T 16751.3-2023,中医临床诊疗术语 第3部分：治法,C03.04.01,食养,
2,国家标准代码,GB/T 16751.3-2023,中医临床诊疗术语 第3部分：治法,C03.04.02,食疗,
2,国家标准代码,GB/T 16751.3-2023,中医临床诊疗术语 第3部分：治法,C03.04.02.01,药膳疗法,
2,国家标准代码,GB/T 16751.3-2023,中医临床诊疗术语 第3部分：治法,C03.04.02.02,药饭疗法,
2,国家标准代码,GB/T 16751.3-2023,中医临床诊疗术语 第3部分：治法,C03.04.02.03,药粥疗法,
2,国家标准代码,GB/T 16751.3-2023,中医临床诊疗术语 第3部分：治法,C03.04.02.04,药酒疗法,
2,国家标准代码,GB/T 16751.3-2023,中医临床诊疗术语 第3部分：治法,C03.04.02.05,药茶疗法,
2,国家标准代码,GB/T 16751.3-2023,中医临床诊疗术语 第3部分：治法,C03.04.02.06,脏器疗法,
2,国家标准代码,GB/T 16751.3-2023,中医临床诊疗术语 第3部分：治法,C03.05.,意疗法,
2,国家标准代码,GB/T 16751.3-2023,中医临床诊疗术语 第3部分：治法,C03.05.01,情志疗法,
2,国家标准代码,GB/T 16751.3-2023,中医临床诊疗术语 第3部分：治法,C03.05.01.01,意示入眠疗法,
2,国家标准代码,GB/T 16751.3-2023,中医临床诊疗术语 第3部分：治法,C03.05.01.02,语言开导疗法,
2,国家标准代码,GB/T 16751.3-2023,中医临床诊疗术语 第3部分：治法,C03.05.01.03,以情胜情疗法,
2,国家标准代码,GB/T 16751.3-2023,中医临床诊疗术语 第3部分：治法,C03.05.01.04,移情易性疗法,
2,国家标准代码,GB/T 16751.3-2023,中医临床诊疗术语 第3部分：治法,C03.05.01.05,暗示解惑疗法,
2,国家标准代码,GB/T 16751.3-2023,中医临床诊疗术语 第3部分：治法,C03.05.01.06,顺意疗法,
2,国家标准代码,GB/T 16751.3-2023,中医临床诊疗术语 第3部分：治法,C03.05.01.07,习以平惊疗法,
2,国家标准代码,GB/T 16751.3-2023,中医临床诊疗术语 第3部分：治法,C03.05.02,音乐疗法,
2,国家标准代码,GB/T 16751.3-2023,中医临床诊疗术语 第3部分：治法,C03.05.03,歌吟疗法,
2,国家标准代码,GB/T 16751.3-2023,中医临床诊疗术语 第3部分：治法,C03.05.04,舞蹈疗法,
2,国家标准代码,GB/T 16751.3-2023,中医临床诊疗术语 第3部分：治法,C03.06.,杂疗法,
2,国家标准代码,GB/T 16751.3-2023,中医临床诊疗术语 第3部分：治法,C03.06.01,矿泉疗法,
2,国家标准代码,GB/T 16751.3-2023,中医临床诊疗术语 第3部分：治法,C03.06.02,日光浴疗法,
2,国家标准代码,GB/T 16751.3-2023,中医临床诊疗术语 第3部分：治法,C03.06.03,蜞针疗法,
2,国家标准代码,GB/T 16751.3-2023,中医临床诊疗术语 第3部分：治法,C03.06.04,蜂毒疗法,
2,国家标准代码,GB/T 16751.3-2023,中医临床诊疗术语 第3部分：治法,C03.06.05,鳝血疗法,
2,国家标准代码,GB/T 6565-2015,职业类别代码,10000,党的机关、国家机关、群众团体和社会组织、企事业单位负责人,
2,国家标准代码,GB/T 6565-2015,职业类别代码,10100,中国共产党机关负责人,
2,国家标准代码,GB/T 6565-2015,职业类别代码,10200,国家机关负责人,
2,国家标准代码,GB/T 6565-2015,职业类别代码,10201,国家权力机关负责人,
2,国家标准代码,GB/T 6565-2015,职业类别代码,10202,国家行政机关负责人,
2,国家标准代码,GB/T 6565-2015,职业类别代码,10203,人民政协机关负责人,
2,国家标准代码,GB/T 6565-2015,职业类别代码,10204,人民法院和人民检察院负责人,
2,国家标准代码,GB/T 6565-2015,职业类别代码,10300,民主党派和工商联负责人,
2,国家标准代码,GB/T 6565-2015,职业类别代码,10400,人民团体和群众团体、社会组织及其他成员组织负责人,
2,国家标准代码,GB/T 6565-2015,职业类别代码,10401,人民团体和群众团体负责人,
2,国家标准代码,GB/T 6565-2015,职业类别代码,10402,社会团体负责人,
2,国家标准代码,GB/T 6565-2015,职业类别代码,10403,民办非企业单位负责人,
2,国家标准代码,GB/T 6565-2015,职业类别代码,10404,社会中介组织负责人,
2,国家标准代码,GB/T 6565-2015,职业类别代码,10405,基金会负责人,
2,国家标准代码,GB/T 6565-2015,职业类别代码,10406,宗教组织负责人,
2,国家标准代码,GB/T 6565-2015,职业类别代码,10500,基层群众自治组织负责人,
2,国家标准代码,GB/T 6565-2015,职业类别代码,10600,企事业单位负责人,
2,国家标准代码,GB/T 6565-2015,职业类别代码,10601,企业负责人,
2,国家标准代码,GB/T 6565-2015,职业类别代码,10602,事业单位负责人,
2,国家标准代码,GB/T 6565-2015,职业类别代码,20000,专业技术人员,
2,国家标准代码,GB/T 6565-2015,职业类别代码,20100,科学研究人员,
2,国家标准代码,GB/T 6565-2015,职业类别代码,20000,专业技术人员,
2,国家标准代码,GB/T 6565-2015,职业类别代码,20100,科学研究人员,
2,国家标准代码,GB/T 6565-2015,职业类别代码,20101,哲学研究人员,
2,国家标准代码,GB/T 6565-2015,职业类别代码,20102,经济学研究人员,
2,国家标准代码,GB/T 6565-2015,职业类别代码,20103,法学研究人员,
2,国家标准代码,GB/T 6565-2015,职业类别代码,20104,教育学研究人员,
2,国家标准代码,GB/T 6565-2015,职业类别代码,20105,历史学研究人员,
2,国家标准代码,GB/T 6565-2015,职业类别代码,20107,农学研究人员,
2,国家标准代码,GB/T 6565-2015,职业类别代码,20108,医学研究人员,
2,国家标准代码,GB/T 6565-2015,职业类别代码,20109,管理学研究人员,
2,国家标准代码,GB/T 6565-2015,职业类别代码,20111,军事学研究人员,
2,国家标准代码,GB/T 6565-2015,职业类别代码,20112,文学研究人员,
2,国家标准代码,GB/T 6565-2015,职业类别代码,20113,理学研究人员,
2,国家标准代码,GB/T 6565-2015,职业类别代码,20114,工学研究人员,
2,国家标准代码,GB/T 6565-2015,职业类别代码,20115,艺术学科研究人员,
2,国家标准代码,GB/T 6565-2015,职业类别代码,20199,其他科学研究人员,
2,国家标准代码,GB/T 6565-2015,职业类别代码,20200,工程技术人员,
2,国家标准代码,GB/T 6565-2015,职业类别代码,20201,地质勘探工程技术人员,
2,国家标准代码,GB/T 6565-2015,职业类别代码,20202,测绘和地理信息工程技术人员,
2,国家标准代码,GB/T 6565-2015,职业类别代码,20203,矿山工程技术人员,
2,国家标准代码,GB/T 6565-2015,职业类别代码,20204,石油天然气工程技术人员,
2,国家标准代码,GB/T 6565-2015,职业类别代码,20205,冶金工程技术人员,
2,国家标准代码,GB/T 6565-2015,职业类别代码,20206,化工工程技术人员,
2,国家标准代码,GB/T 6565-2015,职业类别代码,20207,机械工程技术人员,
2,国家标准代码,GB/T 6565-2015,职业类别代码,20208,航空工程技术人员,
2,国家标准代码,GB/T 6565-2015,职业类别代码,20209,电子工程技术人员,
2,国家标准代码,GB/T 6565-2015,职业类别代码,20210,信息和通信工程技术人员,
2,国家标准代码,GB/T 6565-2015,职业类别代码,20211,电气工程技术人员,
2,国家标准代码,GB/T 6565-2015,职业类别代码,20212,电力工程技术人员,
2,国家标准代码,GB/T 6565-2015,职业类别代码,20213,邮政和快递工程技术人员,
2,国家标准代码,GB/T 6565-2015,职业类别代码,20214,广播电影电视及演艺设备工程技术人员,
2,国家标准代码,GB/T 6565-2015,职业类别代码,20215,交通和水上运输工程技术人员,
2,国家标准代码,GB/T 6565-2015,职业类别代码,20216,民用航空工程技术人员,
2,国家标准代码,GB/T 6565-2015,职业类别代码,20217,铁道工程技术人员,
2,国家标准代码,GB/T 6565-2015,职业类别代码,20218,建筑工程技术人员,
2,国家标准代码,GB/T 6565-2015,职业类别代码,20219,建材工程技术人员,
2,国家标准代码,GB/T 6565-2015,职业类别代码,20220,林业工程技术人员,
2,国家标准代码,GB/T 6565-2015,职业类别代码,20221,水利工程技术人员,
2,国家标准代码,GB/T 6565-2015,职业类别代码,20222,海洋工程技术人员,
2,国家标准代码,GB/T 6565-2015,职业类别代码,20223,纺织服装工程技术人员,
2,国家标准代码,GB/T 6565-2015,职业类别代码,20224,食品工程技术人员,
2,国家标准代码,GB/T 6565-2015,职业类别代码,20225,气象工程技术人员,
2,国家标准代码,GB/T 6565-2015,职业类别代码,20226,地震工程技术人员,
2,国家标准代码,GB/T 6565-2015,职业类别代码,20227,环境保护工程技术人员,
2,国家标准代码,GB/T 6565-2015,职业类别代码,20228,安全工程技术人员,
2,国家标准代码,GB/T 6565-2015,职业类别代码,20229,标准化、计量、质量和认证认可工程技术人员,
2,国家标准代码,GB/T 6565-2015,职业类别代码,20230,管理（工业）工程技术人员,
2,国家标准代码,GB/T 6565-2015,职业类别代码,20231,其他工程技术人员,
2,国家标准代码,GB/T 6565-2015,职业类别代码,20232,制药工程技术人员,
2,国家标准代码,GB/T 6565-2015,职业类别代码,20233,印刷复制工程技术人员,
2,国家标准代码,GB/T 6565-2015,职业类别代码,20234,工业（产品）设计工程技术人员,
2,国家标准代码,GB/T 6565-2015,职业类别代码,20235,康复辅具工程技术人员,
2,国家标准代码,GB/T 6565-2015,职业类别代码,20236,轻工工程技术人员,
2,国家标准代码,GB/T 6565-2015,职业类别代码,20237,土地整治工程技术人员,
2,国家标准代码,GB/T 6565-2015,职业类别代码,20290,兵器工程技术人员,
2,国家标准代码,GB/T 6565-2015,职业类别代码,20291,航天工程技术人员,
2,国家标准代码,GB/T 6565-2015,职业类别代码,20299,其他工程技术人员,
2,国家标准代码,GB/T 6565-2015,职业类别代码,20300,农业技术人员,
2,国家标准代码,GB/T 6565-2015,职业类别代码,20301,土壤肥料技术人员,
2,国家标准代码,GB/T 6565-2015,职业类别代码,20302,农业技术指导人员,
2,国家标准代码,GB/T 6565-2015,职业类别代码,20303,植物保护技术人员,
2,国家标准代码,GB/T 6565-2015,职业类别代码,20304,园艺技术人员,
2,国家标准代码,GB/T 6565-2015,职业类别代码,20305,作物遗传育种栽培技术人员,
2,国家标准代码,GB/T 6565-2015,职业类别代码,20306,兽医兽药技术人员,
2,国家标准代码,GB/T 6565-2015,职业类别代码,20307,畜牧和草业技术人员,
2,国家标准代码,GB/T 6565-2015,职业类别代码,20308,水产技术人员,
2,国家标准代码,GB/T 6565-2015,职业类别代码,20309,农业工程技术人员,
2,国家标准代码,GB/T 6565-2015,职业类别代码,20399,其他农业技术人员,
2,国家标准代码,GB/T 6565-2015,职业类别代码,20400,飞机和船舶技术人员,
2,国家标准代码,GB/T 6565-2015,职业类别代码,20401,飞行人员和领航人员,
2,国家标准代码,GB/T 6565-2015,职业类别代码,20402,船舶指挥和引航人员,
2,国家标准代码,GB/T 6565-2015,职业类别代码,20499,其他飞机和船舶技术人员,
2,国家标准代码,GB/T 6565-2015,职业类别代码,20500,卫生专业技术人员,
2,国家标准代码,GB/T 6565-2015,职业类别代码,20501,西医医师,
2,国家标准代码,GB/T 6565-2015,职业类别代码,20502,中医医师,
2,国家标准代码,GB/T 6565-2015,职业类别代码,20503,中西医结合医师,
2,国家标准代码,GB/T 6565-2015,职业类别代码,20504,民族医医师,
2,国家标准代码,GB/T 6565-2015,职业类别代码,20505,公共卫生与健康医师,
2,国家标准代码,GB/T 6565-2015,职业类别代码,20506,药学技术人员,
2,国家标准代码,GB/T 6565-2015,职业类别代码,20507,医疗卫生技术人员,
2,国家标准代码,GB/T 6565-2015,职业类别代码,20508,护理人员,
2,国家标准代码,GB/T 6565-2015,职业类别代码,20509,乡村医生,
2,国家标准代码,GB/T 6565-2015,职业类别代码,20599,其他卫生专业技术人员,
2,国家标准代码,GB/T 6565-2015,职业类别代码,20600,经济和金融专业人员,
2,国家标准代码,GB/T 6565-2015,职业类别代码,20601,经济专业人员,
2,国家标准代码,GB/T 6565-2015,职业类别代码,20602,统计专业人员,
2,国家标准代码,GB/T 6565-2015,职业类别代码,20603,会计专业人员,
2,国家标准代码,GB/T 6565-2015,职业类别代码,20604,审计专业人员,
2,国家标准代码,GB/T 6565-2015,职业类别代码,20605,税务专业人员,
2,国家标准代码,GB/T 6565-2015,职业类别代码,20606,评估专业人员,
2,国家标准代码,GB/T 6565-2015,职业类别代码,20607,商务专业人员,
2,国家标准代码,GB/T 6565-2015,职业类别代码,20608,人力资源专业人员,
2,国家标准代码,GB/T 6565-2015,职业类别代码,20609,银行专业人员,
2,国家标准代码,GB/T 6565-2015,职业类别代码,20610,保险专业人员,
2,国家标准代码,GB/T 6565-2015,职业类别代码,20611,证券专业人员,
2,国家标准代码,GB/T 6565-2015,职业类别代码,20612,知识产权专业人员,
2,国家标准代码,GB/T 6565-2015,职业类别代码,20699,其他经济和金融专业人员,
2,国家标准代码,GB/T 6565-2015,职业类别代码,20700,法律、社会和宗教专业人员,
2,国家标准代码,GB/T 6565-2015,职业类别代码,20701,法官,
2,国家标准代码,GB/T 6565-2015,职业类别代码,20702,检察官,
2,国家标准代码,GB/T 6565-2015,职业类别代码,20703,律师,
2,国家标准代码,GB/T 6565-2015,职业类别代码,20704,公证员,
2,国家标准代码,GB/T 6565-2015,职业类别代码,20705,司法鉴定人员,
2,国家标准代码,GB/T 6565-2015,职业类别代码,20706,审判辅助人员,
2,国家标准代码,GB/T 6565-2015,职业类别代码,20707,法律顾问,
2,国家标准代码,GB/T 6565-2015,职业类别代码,20708,宗教教职人员,
2,国家标准代码,GB/T 6565-2015,职业类别代码,20709,社会工作专业人员,
2,国家标准代码,GB/T 6565-2015,职业类别代码,20799,其他法律、社会和宗教专业人员,
2,国家标准代码,GB/T 6565-2015,职业类别代码,20800,教学人员,
2,国家标准代码,GB/T 6565-2015,职业类别代码,20801,高等教育教师,
2,国家标准代码,GB/T 6565-2015,职业类别代码,20802,中等职业教育教师,
2,国家标准代码,GB/T 6565-2015,职业类别代码,20803,中小学教育教师,
2,国家标准代码,GB/T 6565-2015,职业类别代码,20804,幼儿教师,
2,国家标准代码,GB/T 6565-2015,职业类别代码,20805,特殊教育教师,
2,国家标准代码,GB/T 6565-2015,职业类别代码,20899,其他教学人员,
2,国家标准代码,GB/T 6565-2015,职业类别代码,20900,文学艺术、体育专业人员,
2,国家标准代码,GB/T 6565-2015,职业类别代码,20901,文艺创作与编导人员,
2,国家标准代码,GB/T 6565-2015,职业类别代码,20902,音乐指挥与演员,
2,国家标准代码,GB/T 6565-2015,职业类别代码,20903,电影电视制作专业人员,
2,国家标准代码,GB/T 6565-2015,职业类别代码,20904,舞台专业人员,
2,国家标准代码,GB/T 6565-2015,职业类别代码,20905,美术专业人员,
2,国家标准代码,GB/T 6565-2015,职业类别代码,20906,工艺美术与创意设计专业人员,
2,国家标准代码,GB/T 6565-2015,职业类别代码,20907,体育专业人员,
2,国家标准代码,GB/T 6565-2015,职业类别代码,20999,其他文学艺术、体育专业人员,
2,国家标准代码,GB/T 6565-2015,职业类别代码,21000,新闻出版、文化专业人员,
2,国家标准代码,GB/T 6565-2015,职业类别代码,21001,记者,
2,国家标准代码,GB/T 6565-2015,职业类别代码,21002,编辑,
2,国家标准代码,GB/T 6565-2015,职业类别代码,21003,校对员,
2,国家标准代码,GB/T 6565-2015,职业类别代码,21004,播音员及节目主持人,
2,国家标准代码,GB/T 6565-2015,职业类别代码,21005,翻译人员,
2,国家标准代码,GB/T 6565-2015,职业类别代码,21006,图书资料与微缩摄影专业人员,
2,国家标准代码,GB/T 6565-2015,职业类别代码,21007,档案专业人员,
2,国家标准代码,GB/T 6565-2015,职业类别代码,21008,考古及文物保护专业人员,
2,国家标准代码,GB/T 6565-2015,职业类别代码,21099,其他新闻出版式、文化工作人员,
2,国家标准代码,GB/T 6565-2015,职业类别代码,29900,其他专业技术人员,
2,国家标准代码,GB/T 6565-2015,职业类别代码,30000,办事人员和有关人员,
2,国家标准代码,GB/T 6565-2015,职业类别代码,30100,办事人员,
2,国家标准代码,GB/T 6565-2015,职业类别代码,30101,行政业务办理人员,
2,国家标准代码,GB/T 6565-2015,职业类别代码,30102,行政事务处理人员,
2,国家标准代码,GB/T 6565-2015,职业类别代码,30103,行政执法和仲裁人员,
2,国家标准代码,GB/T 6565-2015,职业类别代码,30199,其他办事人员,
2,国家标准代码,GB/T 6565-2015,职业类别代码,30200,安全和消防人员,
2,国家标准代码,GB/T 6565-2015,职业类别代码,30201,人民警察,
2,国家标准代码,GB/T 6565-2015,职业类别代码,30202,保卫人员,
2,国家标准代码,GB/T 6565-2015,职业类别代码,30203,消防和应急救援人员,
2,国家标准代码,GB/T 6565-2015,职业类别代码,30299,其他安全和消防人员,
2,国家标准代码,GB/T 6565-2015,职业类别代码,39900,其他办事人员和有关人员,
2,国家标准代码,GB/T 6565-2015,职业类别代码,40000,社会生产服务和生活服务人员,
2,国家标准代码,GB/T 6565-2015,职业类别代码,40100,批发与零售服务人员,
2,国家标准代码,GB/T 6565-2015,职业类别代码,40101,采购人员,
2,国家标准代码,GB/T 6565-2015,职业类别代码,40102,销售人员,
2,国家标准代码,GB/T 6565-2015,职业类别代码,40103,贸易经济代理人员,
2,国家标准代码,GB/T 6565-2015,职业类别代码,40104,再生物资回收人员,
2,国家标准代码,GB/T 6565-2015,职业类别代码,40105,特殊商品购销人员,
2,国家标准代码,GB/T 6565-2015,职业类别代码,40199,其他批发与零售服务人员,
2,国家标准代码,GB/T 6565-2015,职业类别代码,40200,交通运输、仓储和邮政业服务人员,
2,国家标准代码,GB/T 6565-2015,职业类别代码,40201,轨道交通运输服务人员,
2,国家标准代码,GB/T 6565-2015,职业类别代码,40202,道路运输服务人员,
2,国家标准代码,GB/T 6565-2015,职业类别代码,40203,水上运输服务人员,
2,国家标准代码,GB/T 6565-2015,职业类别代码,40204,航空运输服务人员,
2,国家标准代码,GB/T 6565-2015,职业类别代码,40205,装卸搬运和运输代理服务人员,
2,国家标准代码,GB/T 6565-2015,职业类别代码,40206,仓储人员,
2,国家标准代码,GB/T 6565-2015,职业类别代码,40207,邮政和快递服务人员,
2,国家标准代码,GB/T 6565-2015,职业类别代码,40299,其他交通运输、仓储和邮政业服务人员,
2,国家标准代码,GB/T 6565-2015,职业类别代码,40300,住宿和餐饮服务人员,
2,国家标准代码,GB/T 6565-2015,职业类别代码,40301,住宿服务人员,
2,国家标准代码,GB/T 6565-2015,职业类别代码,40302,餐饮服务人员,
2,国家标准代码,GB/T 6565-2015,职业类别代码,40399,其他住宿和餐饮服务人员,
2,国家标准代码,GB/T 6565-2015,职业类别代码,40400,信息运输、软件和信息技术服务人员,
2,国家标准代码,GB/T 6565-2015,职业类别代码,40401,信息通信业务人员,
2,国家标准代码,GB/T 6565-2015,职业类别代码,40402,信息通信网络维护人员,
2,国家标准代码,GB/T 6565-2015,职业类别代码,40403,广播电视传输服务人员,
2,国家标准代码,GB/T 6565-2015,职业类别代码,40404,信息通信网络运行管理人员,
2,国家标准代码,GB/T 6565-2015,职业类别代码,40405,软件和信息技术服务人员,
2,国家标准代码,GB/T 6565-2015,职业类别代码,40499,其他信息运输、软件和信息技术服务人员,
2,国家标准代码,GB/T 6565-2015,职业类别代码,40500,金融服务人员,
2,国家标准代码,GB/T 6565-2015,职业类别代码,40501,银行服务人员,
2,国家标准代码,GB/T 6565-2015,职业类别代码,40502,证券服务人员,
2,国家标准代码,GB/T 6565-2015,职业类别代码,40503,期货服务人员,
2,国家标准代码,GB/T 6565-2015,职业类别代码,40504,保险服务人员,
2,国家标准代码,GB/T 6565-2015,职业类别代码,40505,典当服务人员,
2,国家标准代码,GB/T 6565-2015,职业类别代码,40506,信托服务人员,
2,国家标准代码,GB/T 6565-2015,职业类别代码,40599,其他金融服务人员,
2,国家标准代码,GB/T 6565-2015,职业类别代码,40600,房地产服务人员,
2,国家标准代码,GB/T 6565-2015,职业类别代码,40601,物业管理服务人员,
2,国家标准代码,GB/T 6565-2015,职业类别代码,40602,房地产中介服务人员,
2,国家标准代码,GB/T 6565-2015,职业类别代码,40603,其他房地产服务人员,
2,国家标准代码,GB/T 6565-2015,职业类别代码,40700,租赁和商务服务人员,
2,国家标准代码,GB/T 6565-2015,职业类别代码,40701,租赁业务人员,
2,国家标准代码,GB/T 6565-2015,职业类别代码,40702,商务资讯服务人员,
2,国家标准代码,GB/T 6565-2015,职业类别代码,40703,人力资源服务人员,
2,国家标准代码,GB/T 6565-2015,职业类别代码,40704,旅游及公共游览场所服务人员,
2,国家标准代码,GB/T 6565-2015,职业类别代码,40705,安全保护服务人员,
2,国家标准代码,GB/T 6565-2015,职业类别代码,40706,市场管理服务人员,
2,国家标准代码,GB/T 6565-2015,职业类别代码,40707,会议及展览服务人员,
2,国家标准代码,GB/T 6565-2015,职业类别代码,40799,其他租赁和商务服务人员,
2,国家标准代码,GB/T 6565-2015,职业类别代码,40800,技术辅助服务人员,
2,国家标准代码,GB/T 6565-2015,职业类别代码,40801,气象服务人员,
2,国家标准代码,GB/T 6565-2015,职业类别代码,40802,海洋服务人员,
2,国家标准代码,GB/T 6565-2015,职业类别代码,40803,测绘服务人员,
2,国家标准代码,GB/T 6565-2015,职业类别代码,40804,地理信息服务人员,
2,国家标准代码,GB/T 6565-2015,职业类别代码,40805,检验，检测和计量服务人员,
2,国家标准代码,GB/T 6565-2015,职业类别代码,40806,环境检测服务人员,
2,国家标准代码,GB/T 6565-2015,职业类别代码,40807,地质勘查人员,
2,国家标准代码,GB/T 6565-2015,职业类别代码,40808,专业化设计服务人员,
2,国家标准代码,GB/T 6565-2015,职业类别代码,40809,摄影扩印服务人员,
2,国家标准代码,GB/T 6565-2015,职业类别代码,40899,其他技术辅助服务人员,
2,国家标准代码,GB/T 6565-2015,职业类别代码,40900,水利、环境和公共设施管理服务人员,
2,国家标准代码,GB/T 6565-2015,职业类别代码,40901,水利设施管养人员,
2,国家标准代码,GB/T 6565-2015,职业类别代码,40902,水文服务人员,
2,国家标准代码,GB/T 6565-2015,职业类别代码,40903,水土保持人员,
2,国家标准代码,GB/T 6565-2015,职业类别代码,40904,农田灌排人员,
2,国家标准代码,GB/T 6565-2015,职业类别代码,40905,自然保护区和草地监护人员,
2,国家标准代码,GB/T 6565-2015,职业类别代码,40906,野生动植物保护人员,
2,国家标准代码,GB/T 6565-2015,职业类别代码,40907,环境治理服务人员,
2,国家标准代码,GB/T 6565-2015,职业类别代码,40908,环境卫生服务人员,
2,国家标准代码,GB/T 6565-2015,职业类别代码,40909,有害生物防制人员,
2,国家标准代码,GB/T 6565-2015,职业类别代码,40910,绿化与园艺服务人员,
2,国家标准代码,GB/T 6565-2015,职业类别代码,40999,其他水利、环境和公共设施管理服务人员,
2,国家标准代码,GB/T 6565-2015,职业类别代码,41000,居民服务人员,
2,国家标准代码,GB/T 6565-2015,职业类别代码,41001,生活照料服务人员,
2,国家标准代码,GB/T 6565-2015,职业类别代码,41002,服装裁剪和洗染织补人员,
2,国家标准代码,GB/T 6565-2015,职业类别代码,41003,美容美发和浴池服务人员,
2,国家标准代码,GB/T 6565-2015,职业类别代码,41004,保健服务人员,
2,国家标准代码,GB/T 6565-2015,职业类别代码,41005,婚姻服务人员,
2,国家标准代码,GB/T 6565-2015,职业类别代码,41006,殡葬服务人员,
2,国家标准代码,GB/T 6565-2015,职业类别代码,41007,宠物服务人员,
2,国家标准代码,GB/T 6565-2015,职业类别代码,41099,其他居民服务人员,
2,国家标准代码,GB/T 6565-2015,职业类别代码,41100,电力、燃气及水供应服务人员,
2,国家标准代码,GB/T 6565-2015,职业类别代码,41101,电力供应服务人员,
2,国家标准代码,GB/T 6565-2015,职业类别代码,41102,燃气供应服务人员,
2,国家标准代码,GB/T 6565-2015,职业类别代码,41103,水供应服务人员,
2,国家标准代码,GB/T 6565-2015,职业类别代码,41199,其他电力、燃气及水供应服务人员,
2,国家标准代码,GB/T 6565-2015,职业类别代码,41200,修理及制作服务人员,
2,国家标准代码,GB/T 6565-2015,职业类别代码,41201,汽车摩托车修理技术服务人员,
2,国家标准代码,GB/T 6565-2015,职业类别代码,41202,计算机和办公设备维修人员,
2,国家标准代码,GB/T 6565-2015,职业类别代码,41203,家用电子电器产品维修人员,
2,国家标准代码,GB/T 6565-2015,职业类别代码,41204,日用产品修理服务人员,
2,国家标准代码,GB/T 6565-2015,职业类别代码,41205,乐器维修人员,
2,国家标准代码,GB/T 6565-2015,职业类别代码,41206,印章制作人员,
2,国家标准代码,GB/T 6565-2015,职业类别代码,41299,其他修理及制作服务人员,
2,国家标准代码,GB/T 6565-2015,职业类别代码,41300,文化、体育及娱乐服务人员,
2,国家标准代码,GB/T 6565-2015,职业类别代码,41301,群众文化活动服务人员,
2,国家标准代码,GB/T 6565-2015,职业类别代码,41302,广播、电视、电影和影视录音制作人员,
2,国家标准代码,GB/T 6565-2015,职业类别代码,41303,文物保护作业人员,
2,国家标准代码,GB/T 6565-2015,职业类别代码,41304,健身和娱乐场所服务人员,
2,国家标准代码,GB/T 6565-2015,职业类别代码,41305,文化、娱乐、体育经纪代理人员,
2,国家标准代码,GB/T 6565-2015,职业类别代码,41399,其他文化、体育及娱乐服务人员,
2,国家标准代码,GB/T 6565-2015,职业类别代码,41400,健康服务人员,
2,国家标准代码,GB/T 6565-2015,职业类别代码,41401,医疗辅助服务人员,
2,国家标准代码,GB/T 6565-2015,职业类别代码,41402,健康资讯服务人员,
2,国家标准代码,GB/T 6565-2015,职业类别代码,41403,康复矫正服务人员,
2,国家标准代码,GB/T 6565-2015,职业类别代码,41404,公共卫生辅助服务人员,
2,国家标准代码,GB/T 6565-2015,职业类别代码,41499,其他健康服务人员,
2,国家标准代码,GB/T 6565-2015,职业类别代码,49900,其他社会生产和生活服务人员,
2,国家标准代码,GB/T 6565-2015,职业类别代码,50000,农、林、牧、渔业生产及辅助人员,
2,国家标准代码,GB/T 6565-2015,职业类别代码,50100,农业生产人员,
2,国家标准代码,GB/T 6565-2015,职业类别代码,50101,作物种子（苗）繁育生产人员,
2,国家标准代码,GB/T 6565-2015,职业类别代码,50102,农作物生产人员,
2,国家标准代码,GB/T 6565-2015,职业类别代码,50199,其他农业生产人员,
2,国家标准代码,GB/T 6565-2015,职业类别代码,50200,林业生产人员,
2,国家标准代码,GB/T 6565-2015,职业类别代码,50201,林木种苗繁育人员,
2,国家标准代码,GB/T 6565-2015,职业类别代码,50202,营造林人员,
2,国家标准代码,GB/T 6565-2015,职业类别代码,50203,森林经营和管护人员,
2,国家标准代码,GB/T 6565-2015,职业类别代码,50204,木材采运人员,
2,国家标准代码,GB/T 6565-2015,职业类别代码,50299,其他林业生产人员,
2,国家标准代码,GB/T 6565-2015,职业类别代码,50300,畜牧业生产人员,
2,国家标准代码,GB/T 6565-2015,职业类别代码,50301,畜禽种苗繁育人员,
2,国家标准代码,GB/T 6565-2015,职业类别代码,50302,畜禽饲养人员,
2,国家标准代码,GB/T 6565-2015,职业类别代码,50303,特种经济动物饲养人员,
2,国家标准代码,GB/T 6565-2015,职业类别代码,50399,其他畜牧业生产人员,
2,国家标准代码,GB/T 6565-2015,职业类别代码,50400,渔业生产人员,
2,国家标准代码,GB/T 6565-2015,职业类别代码,50401,水产苗种繁育人员,
2,国家标准代码,GB/T 6565-2015,职业类别代码,50402,水产养殖人员,
2,国家标准代码,GB/T 6565-2015,职业类别代码,50403,水产捕捞及有关人员,
2,国家标准代码,GB/T 6565-2015,职业类别代码,50499,其他渔业生产人员,
2,国家标准代码,GB/T 6565-2015,职业类别代码,50500,农林牧渔生产辅助人员,
2,国家标准代码,GB/T 6565-2015,职业类别代码,50501,农业生产服务人员,
2,国家标准代码,GB/T 6565-2015,职业类别代码,50502,动植物疫病防治人员,
2,国家标准代码,GB/T 6565-2015,职业类别代码,50503,农村能源利用人员,
2,国家标准代码,GB/T 6565-2015,职业类别代码,50504,农村环境保护人员,
2,国家标准代码,GB/T 6565-2015,职业类别代码,50505,农机化服务人员,
2,国家标准代码,GB/T 6565-2015,职业类别代码,50506,农副林特产品初加工人员,
2,国家标准代码,GB/T 6565-2015,职业类别代码,50599,其他农林牧渔生产辅助人员,
2,国家标准代码,GB/T 6565-2015,职业类别代码,59900,其他农、林、牧、渔、水利业生产人员,
2,国家标准代码,GB/T 6565-2015,职业类别代码,60000,生产制造及有关人员,
2,国家标准代码,GB/T 6565-2015,职业类别代码,60100,农副产品加工人员,
2,国家标准代码,GB/T 6565-2015,职业类别代码,60101,粮油加工人员,
2,国家标准代码,GB/T 6565-2015,职业类别代码,60102,饲料加工人员,
2,国家标准代码,GB/T 6565-2015,职业类别代码,60103,制糖人员,
2,国家标准代码,GB/T 6565-2015,职业类别代码,60104,畜禽制品加工人员,
2,国家标准代码,GB/T 6565-2015,职业类别代码,60105,水产品加工人员,
2,国家标准代码,GB/T 6565-2015,职业类别代码,60106,果蔬和坚果加工人员,
2,国家标准代码,GB/T 6565-2015,职业类别代码,60107,淀粉和豆制品加工人员,
2,国家标准代码,GB/T 6565-2015,职业类别代码,60199,其他农副产品加工人员,
2,国家标准代码,GB/T 6565-2015,职业类别代码,60200,食品、饮料生产加工人员,
2,国家标准代码,GB/T 6565-2015,职业类别代码,60201,焙烤食品制造人员,
2,国家标准代码,GB/T 6565-2015,职业类别代码,60202,糖制品加工人员,
2,国家标准代码,GB/T 6565-2015,职业类别代码,60203,方便食品和罐头食品加工人员,
2,国家标准代码,GB/T 6565-2015,职业类别代码,60204,乳制品加工人员,
2,国家标准代码,GB/T 6565-2015,职业类别代码,60205,调味品及食品添加剂制作人员,
2,国家标准代码,GB/T 6565-2015,职业类别代码,60206,酒、饮料及精制茶制造人员,
2,国家标准代码,GB/T 6565-2015,职业类别代码,60299,其他食品、饮料生产加工人员,
2,国家标准代码,GB/T 6565-2015,职业类别代码,60300,烟草及其制品加工人员,
2,国家标准代码,GB/T 6565-2015,职业类别代码,60301,烟叶初加工人员,
2,国家标准代码,GB/T 6565-2015,职业类别代码,60302,烟用材料生产人员,
2,国家标准代码,GB/T 6565-2015,职业类别代码,60303,烟草制品生产人员,
2,国家标准代码,GB/T 6565-2015,职业类别代码,60399,其他烟草及其制品加工人员,
2,国家标准代码,GB/T 6565-2015,职业类别代码,60400,纺织、针织、印染人员,
2,国家标准代码,GB/T 6565-2015,职业类别代码,60401,纤维预处理人员,
2,国家标准代码,GB/T 6565-2015,职业类别代码,60402,纺纱人员,
2,国家标准代码,GB/T 6565-2015,职业类别代码,60403,织造人员,
2,国家标准代码,GB/T 6565-2015,职业类别代码,60404,针织人员,
2,国家标准代码,GB/T 6565-2015,职业类别代码,60405,非织造布制造人员,
2,国家标准代码,GB/T 6565-2015,职业类别代码,60406,印染人员,
2,国家标准代码,GB/T 6565-2015,职业类别代码,60499,其他纺织、针织、印染人员,
2,国家标准代码,GB/T 6565-2015,职业类别代码,60500,纺织品、服装和皮革、毛皮制品加工制作人员,
2,国家标准代码,GB/T 6565-2015,职业类别代码,60501,纺织品和服装剪裁缝纫人员,
2,国家标准代码,GB/T 6565-2015,职业类别代码,60502,皮革、毛皮及其制作加工人员,
2,国家标准代码,GB/T 6565-2015,职业类别代码,60503,羽绒羽毛加工及制品制造人员,
2,国家标准代码,GB/T 6565-2015,职业类别代码,60504,鞋帽制作人员,
2,国家标准代码,GB/T 6565-2015,职业类别代码,60599,其他纺织品、服装和皮革、毛皮制品加工制作人员,
2,国家标准代码,GB/T 6565-2015,职业类别代码,60600,木材加工、家具与木制品制作人员,
2,国家标准代码,GB/T 6565-2015,职业类别代码,60601,木材加工人员,
2,国家标准代码,GB/T 6565-2015,职业类别代码,60602,人造板制造人员,
2,国家标准代码,GB/T 6565-2015,职业类别代码,60603,木制品制造人员,
2,国家标准代码,GB/T 6565-2015,职业类别代码,60604,家具制造人员,
2,国家标准代码,GB/T 6565-2015,职业类别代码,60699,其他木材加工、家具与木制品制作人员,
2,国家标准代码,GB/T 6565-2015,职业类别代码,60700,纸及纸制品生产加工人员,
2,国家标准代码,GB/T 6565-2015,职业类别代码,60701,制浆造纸人员,
2,国家标准代码,GB/T 6565-2015,职业类别代码,60702,纸制品制作人员,
2,国家标准代码,GB/T 6565-2015,职业类别代码,60799,其他纸及纸制品生产加工人员,
2,国家标准代码,GB/T 6565-2015,职业类别代码,60800,印刷和记录媒介复制人员,
2,国家标准代码,GB/T 6565-2015,职业类别代码,60801,印刷人员,
2,国家标准代码,GB/T 6565-2015,职业类别代码,60802,记录媒介复制人员,
2,国家标准代码,GB/T 6565-2015,职业类别代码,60899,其他印刷和记录媒介复制人员,
2,国家标准代码,GB/T 6565-2015,职业类别代码,60900,文教、工美、体育和娱乐用品制作人员,
2,国家标准代码,GB/T 6565-2015,职业类别代码,60901,文教用品制作人员,
2,国家标准代码,GB/T 6565-2015,职业类别代码,60902,乐器制作人员,
2,国家标准代码,GB/T 6565-2015,职业类别代码,60903,工艺美术品制作人员,
2,国家标准代码,GB/T 6565-2015,职业类别代码,60904,体育用品制作人员,
2,国家标准代码,GB/T 6565-2015,职业类别代码,60905,玩具制作人员,
2,国家标准代码,GB/T 6565-2015,职业类别代码,60999,其他文教、工美、体育和娱乐用品制作人员,
2,国家标准代码,GB/T 6565-2015,职业类别代码,61000,石油加工和炼焦、煤化工制作人员,
2,国家标准代码,GB/T 6565-2015,职业类别代码,61001,石油炼制生产人员,
2,国家标准代码,GB/T 6565-2015,职业类别代码,61002,炼焦人员,
2,国家标准代码,GB/T 6565-2015,职业类别代码,61003,煤化工生产人员,
2,国家标准代码,GB/T 6565-2015,职业类别代码,61099,其他石油加工和炼焦、煤化工制作人员,
2,国家标准代码,GB/T 6565-2015,职业类别代码,61100,化学原料和化学制品制造人员,
2,国家标准代码,GB/T 6565-2015,职业类别代码,61101,化工产品生产通用工艺人员,
2,国家标准代码,GB/T 6565-2015,职业类别代码,61102,基础化学原料制造人员,
2,国家标准代码,GB/T 6565-2015,职业类别代码,61103,化学肥料生产人员,
2,国家标准代码,GB/T 6565-2015,职业类别代码,61104,农药生产人员,
2,国家标准代码,GB/T 6565-2015,职业类别代码,61105,涂料、油墨、颜料及类似产品制造人员,
2,国家标准代码,GB/T 6565-2015,职业类别代码,61106,合成树脂生产人员,
2,国家标准代码,GB/T 6565-2015,职业类别代码,61107,合成橡胶生产人员,
2,国家标准代码,GB/T 6565-2015,职业类别代码,61108,专用化学产品生产人员,
2,国家标准代码,GB/T 6565-2015,职业类别代码,61109,火工品制造、保管、爆破及焰火产品制造人员,
2,国家标准代码,GB/T 6565-2015,职业类别代码,61110,日用化学品生产人员,
2,国家标准代码,GB/T 6565-2015,职业类别代码,61199,其他化学原料和化学制品制造人员,
2,国家标准代码,GB/T 6565-2015,职业类别代码,61200,医药制造人员,
2,国家标准代码,GB/T 6565-2015,职业类别代码,61201,化学药品原料药制造人员,
2,国家标准代码,GB/T 6565-2015,职业类别代码,61202,中药饮片加工人员,
2,国家标准代码,GB/T 6565-2015,职业类别代码,61203,药物制剂人员,
2,国家标准代码,GB/T 6565-2015,职业类别代码,61204,兽用药制造人员,
2,国家标准代码,GB/T 6565-2015,职业类别代码,61205,生物药品制造人员,
2,国家标准代码,GB/T 6565-2015,职业类别代码,61299,其他医药制造人员,
2,国家标准代码,GB/T 6565-2015,职业类别代码,61300,化学纤维制造人员,
2,国家标准代码,GB/T 6565-2015,职业类别代码,61301,化学纤维原料制造人员,
2,国家标准代码,GB/T 6565-2015,职业类别代码,61302,化学纤维纺丝及后处理人员,
2,国家标准代码,GB/T 6565-2015,职业类别代码,61399,其他化学纤维制造人员,
2,国家标准代码,GB/T 6565-2015,职业类别代码,61400,橡胶和塑料制品制造人员,
2,国家标准代码,GB/T 6565-2015,职业类别代码,61401,橡胶制品生产人员,
2,国家标准代码,GB/T 6565-2015,职业类别代码,61402,塑料制品加工人员,
2,国家标准代码,GB/T 6565-2015,职业类别代码,61499,其他橡胶和塑料制品制造人员,
2,国家标准代码,GB/T 6565-2015,职业类别代码,61500,非金属矿物制品制造人员,
2,国家标准代码,GB/T 6565-2015,职业类别代码,61501,水泥、石灰、石膏及其制品制造人员,
2,国家标准代码,GB/T 6565-2015,职业类别代码,61502,砖瓦石材等建筑材料制造人员,
2,国家标准代码,GB/T 6565-2015,职业类别代码,61503,玻璃及玻璃制品生产加工人员,
2,国家标准代码,GB/T 6565-2015,职业类别代码,61504,玻璃纤维及玻璃纤维增强塑料制品制造人员,
2,国家标准代码,GB/T 6565-2015,职业类别代码,61505,陶瓷制品制造人员,
2,国家标准代码,GB/T 6565-2015,职业类别代码,61506,耐火材料制品生产人员,
2,国家标准代码,GB/T 6565-2015,职业类别代码,61507,石墨及炭素制品生产人员,
2,国家标准代码,GB/T 6565-2015,职业类别代码,61508,高岭土、珍珠岩等非金属矿物加工人员,
2,国家标准代码,GB/T 6565-2015,职业类别代码,61599,其他非金属矿物制品制造人员,
2,国家标准代码,GB/T 6565-2015,职业类别代码,61600,采矿人员,
2,国家标准代码,GB/T 6565-2015,职业类别代码,61601,矿物采选人员,
2,国家标准代码,GB/T 6565-2015,职业类别代码,61602,石油和天然气开采与储运人员,
2,国家标准代码,GB/T 6565-2015,职业类别代码,61603,采盐人员,
2,国家标准代码,GB/T 6565-2015,职业类别代码,61699,其他采矿人员,
2,国家标准代码,GB/T 6565-2015,职业类别代码,61700,金属冶炼和压延加工人员,
2,国家标准代码,GB/T 6565-2015,职业类别代码,61701,炼铁人员,
2,国家标准代码,GB/T 6565-2015,职业类别代码,61702,炼钢人员,
2,国家标准代码,GB/T 6565-2015,职业类别代码,61703,铸铁管人员,
2,国家标准代码,GB/T 6565-2015,职业类别代码,61704,铁合金冶炼人员,
2,国家标准代码,GB/T 6565-2015,职业类别代码,61705,重有色金属冶炼人员,
2,国家标准代码,GB/T 6565-2015,职业类别代码,61706,轻有色金属冶炼人员,
2,国家标准代码,GB/T 6565-2015,职业类别代码,61707,稀贵金属冶炼人员,
2,国家标准代码,GB/T 6565-2015,职业类别代码,61708,半导体材料制备人员,
2,国家标准代码,GB/T 6565-2015,职业类别代码,61709,金属轧制人员,
2,国家标准代码,GB/T 6565-2015,职业类别代码,61710,硬质合金生产人员,
2,国家标准代码,GB/T 6565-2015,职业类别代码,61799,其他金属冶炼和压延加工人员,
2,国家标准代码,GB/T 6565-2015,职业类别代码,61800,机械制造基础加工人员,
2,国家标准代码,GB/T 6565-2015,职业类别代码,61801,机械冷加工人员,
2,国家标准代码,GB/T 6565-2015,职业类别代码,61802,机械热加工人员,
2,国家标准代码,GB/T 6565-2015,职业类别代码,61803,机械表面处理加工人员,
2,国家标准代码,GB/T 6565-2015,职业类别代码,61804,工装工具制造加工人员,
2,国家标准代码,GB/T 6565-2015,职业类别代码,61899,其他机械制造基础加工人员,
2,国家标准代码,GB/T 6565-2015,职业类别代码,61900,金属制品制造人员,
2,国家标准代码,GB/T 6565-2015,职业类别代码,61901,五金制品制作装配人员,
2,国家标准代码,GB/T 6565-2015,职业类别代码,61999,其他金属制品制造人员,
2,国家标准代码,GB/T 6565-2015,职业类别代码,62000,通用设备制造人员,
2,国家标准代码,GB/T 6565-2015,职业类别代码,62001,通用基础件装配制造人员,
2,国家标准代码,GB/T 6565-2015,职业类别代码,62002,锅炉及原动设备制造人员,
2,国家标准代码,GB/T 6565-2015,职业类别代码,62003,金属加工机械制造人员,
2,国家标准代码,GB/T 6565-2015,职业类别代码,62004,物料搬运设备制造人员,
2,国家标准代码,GB/T 6565-2015,职业类别代码,62005,泵、压缩机、阀门及类似机械制造人员,
2,国家标准代码,GB/T 6565-2015,职业类别代码,62006,烘炉、水处理、衡器等设备制造人员,
2,国家标准代码,GB/T 6565-2015,职业类别代码,62007,文化办公机械制造人员,
2,国家标准代码,GB/T 6565-2015,职业类别代码,62099,其他通用设备制造人员,
2,国家标准代码,GB/T 6565-2015,职业类别代码,62100,专用设备制造人员,
2,国家标准代码,GB/T 6565-2015,职业类别代码,62101,采矿、建筑专用设备制造人员,
2,国家标准代码,GB/T 6565-2015,职业类别代码,62102,印刷生产专用设备制造人员,
2,国家标准代码,GB/T 6565-2015,职业类别代码,62103,纺织服装和皮革加工专用设备制造人员,
2,国家标准代码,GB/T 6565-2015,职业类别代码,62104,电子专用设备装配调试人员,
2,国家标准代码,GB/T 6565-2015,职业类别代码,62105,农业机械制造人员,
2,国家标准代码,GB/T 6565-2015,职业类别代码,62106,医疗器械制品和康复辅具生产人员,
2,国家标准代码,GB/T 6565-2015,职业类别代码,62199,其他专用设备制造人员,
2,国家标准代码,GB/T 6565-2015,职业类别代码,62200,汽车制造人员,
2,国家标准代码,GB/T 6565-2015,职业类别代码,62201,汽车零部件、饰件生产加工人员,
2,国家标准代码,GB/T 6565-2015,职业类别代码,62202,汽车整车制造人员,
2,国家标准代码,GB/T 6565-2015,职业类别代码,62299,其他汽车制造人员,
2,国家标准代码,GB/T 6565-2015,职业类别代码,62300,铁路、船舶、航空设备制造人员,
2,国家标准代码,GB/T 6565-2015,职业类别代码,62301,轨道交通运输设备制造人员,
2,国家标准代码,GB/T 6565-2015,职业类别代码,62302,船舶制造人员,
2,国家标准代码,GB/T 6565-2015,职业类别代码,62303,航空产品装配、调试人员,
2,国家标准代码,GB/T 6565-2015,职业类别代码,62304,摩托车、自行车制造人员,
2,国家标准代码,GB/T 6565-2015,职业类别代码,62399,其他铁路、船舶、航空设备制造人员,
2,国家标准代码,GB/T 6565-2015,职业类别代码,62400,电气机械和器材制造人员,
2,国家标准代码,GB/T 6565-2015,职业类别代码,62401,电机制造人员,
2,国家标准代码,GB/T 6565-2015,职业类别代码,62402,输配电及控制设备制造人员,
2,国家标准代码,GB/T 6565-2015,职业类别代码,62403,电线电缆、光纤光缆及电工器材制造人员,
2,国家标准代码,GB/T 6565-2015,职业类别代码,62404,电池制造人员,
2,国家标准代码,GB/T 6565-2015,职业类别代码,62405,家用电器器具制造人员,
2,国家标准代码,GB/T 6565-2015,职业类别代码,62406,非家用电器器具制造人员,
2,国家标准代码,GB/T 6565-2015,职业类别代码,62407,照明器具制造人员,
2,国家标准代码,GB/T 6565-2015,职业类别代码,62408,电气信号设备装置制造人员,
2,国家标准代码,GB/T 6565-2015,职业类别代码,62499,其他电气机械和器材制造人员,
2,国家标准代码,GB/T 6565-2015,职业类别代码,62500,计算机、通信和其他电子设备制造人员,
2,国家标准代码,GB/T 6565-2015,职业类别代码,62501,电子元件制造人员,
2,国家标准代码,GB/T 6565-2015,职业类别代码,62502,电子器件制造人员,
2,国家标准代码,GB/T 6565-2015,职业类别代码,62503,计算机制造人员,
2,国家标准代码,GB/T 6565-2015,职业类别代码,62504,电子设备装配调试人员,
2,国家标准代码,GB/T 6565-2015,职业类别代码,62599,其他计算机、通信和其他电子设备制造人员,
2,国家标准代码,GB/T 6565-2015,职业类别代码,62600,仪器仪表制造人员,
2,国家标准代码,GB/T 6565-2015,职业类别代码,62601,仪器仪表装配人员,
2,国家标准代码,GB/T 6565-2015,职业类别代码,62699,其他仪器仪表制造人员,
2,国家标准代码,GB/T 6565-2015,职业类别代码,62700,废弃资源综合利用人员,
2,国家标准代码,GB/T 6565-2015,职业类别代码,62701,废料和碎屑加工处理人员,
2,国家标准代码,GB/T 6565-2015,职业类别代码,62799,其他废弃资源综合利用人员,
2,国家标准代码,GB/T 6565-2015,职业类别代码,62800,电力、热力、气体、水生产和输配人员,
2,国家标准代码,GB/T 6565-2015,职业类别代码,62801,电力、热力生产和供应人员,
2,国家标准代码,GB/T 6565-2015,职业类别代码,62802,气体生产、处理和输送人员,
2,国家标准代码,GB/T 6565-2015,职业类别代码,62803,水生产、输排和水处理人员,
2,国家标准代码,GB/T 6565-2015,职业类别代码,62899,其他电力、热力、气体、水生产和输配人员,
2,国家标准代码,GB/T 6565-2015,职业类别代码,62900,建筑施工人员,
2,国家标准代码,GB/T 6565-2015,职业类别代码,62901,房屋建筑施工人员,
2,国家标准代码,GB/T 6565-2015,职业类别代码,62902,土木工程建筑施工人员,
2,国家标准代码,GB/T 6565-2015,职业类别代码,62903,建筑安装施工人员,
2,国家标准代码,GB/T 6565-2015,职业类别代码,62904,建筑装饰人员,
2,国家标准代码,GB/T 6565-2015,职业类别代码,62905,古建筑修建人员,
2,国家标准代码,GB/T 6565-2015,职业类别代码,62999,其他建筑施工人员,
2,国家标准代码,GB/T 6565-2015,职业类别代码,63000,运输设备和通用工程机械操作人员及有关人员,
2,国家标准代码,GB/T 6565-2015,职业类别代码,63001,专用车辆操作人员,
2,国家标准代码,GB/T 6565-2015,职业类别代码,63002,轨道交通运输机械设备操作人员,
2,国家标准代码,GB/T 6565-2015,职业类别代码,63003,民用航空设备操作及有关人员,
2,国家标准代码,GB/T 6565-2015,职业类别代码,63004,水上运输设备操作及有关人员,
2,国家标准代码,GB/T 6565-2015,职业类别代码,63005,通用工程机械操作人员,
2,国家标准代码,GB/T 6565-2015,职业类别代码,63099,其他运输设备和通用工程机械操作人员及有关人员,
2,国家标准代码,GB/T 6565-2015,职业类别代码,63100,生产辅助人员,
2,国家标准代码,GB/T 6565-2015,职业类别代码,63101,机械设备修理人员,
2,国家标准代码,GB/T 6565-2015,职业类别代码,63102,船舶、民用航空器修理人员,
2,国家标准代码,GB/T 6565-2015,职业类别代码,63103,检验试验人员,
2,国家标准代码,GB/T 6565-2015,职业类别代码,63104,称重计量人员,
2,国家标准代码,GB/T 6565-2015,职业类别代码,63105,包装人员,
2,国家标准代码,GB/T 6565-2015,职业类别代码,63106,安全生产管理人员,
2,国家标准代码,GB/T 6565-2015,职业类别代码,63199,其他生产辅助人员,
2,国家标准代码,GB/T 6565-2015,职业类别代码,69900,其他生产制造及有关人员,
2,国家标准代码,GB/T 6565-2015,职业类别代码,70000,军人,
2,国家标准代码,GB/T 6565-2015,职业类别代码,80000,不便分类的其他从业人员,
3,行业标准代码,CS03.01.026,剂型代码表,11,滴丸剂,
3,行业标准代码,CS03.01.026,剂型代码表,12,胶囊剂,
3,行业标准代码,CS03.01.026,剂型代码表,1201,硬胶囊,
3,行业标准代码,CS03.01.026,剂型代码表,1202,软胶囊,
3,行业标准代码,CS03.01.026,剂型代码表,1203,肠溶胶囊,
3,行业标准代码,CS03.01.026,剂型代码表,1204,缓释胶囊,
3,行业标准代码,CS03.01.026,剂型代码表,1205,控释胶囊,
3,行业标准代码,CS03.01.026,剂型代码表,13,酒剂,
3,行业标准代码,CS03.01.026,剂型代码表,14,酊剂,
3,行业标准代码,CS03.01.026,剂型代码表,15,流浸膏剂与浸膏剂,
3,行业标准代码,CS03.01.026,剂型代码表,16,膏药,
3,行业标准代码,CS03.01.026,剂型代码表,17,凝胶剂,
3,行业标准代码,CS03.01.026,剂型代码表,18,软膏剂、乳膏剂、糊剂,
3,行业标准代码,CS03.01.026,剂型代码表,1801,软膏剂,
3,行业标准代码,CS03.01.026,剂型代码表,1802,乳膏剂,
3,行业标准代码,CS03.01.026,剂型代码表,1803,糊剂,
3,行业标准代码,CS03.01.026,剂型代码表,19,露剂,
3,行业标准代码,CS03.01.026,剂型代码表,20,茶剂,
3,行业标准代码,CS03.01.026,剂型代码表,2001,块状茶剂,
3,行业标准代码,CS03.01.026,剂型代码表,2002,袋装茶剂,
3,行业标准代码,CS03.01.026,剂型代码表,2003,煎煮茶剂,
3,行业标准代码,CS03.01.026,剂型代码表,21,注射剂,
3,行业标准代码,CS03.01.026,剂型代码表,2101,注射液,
3,行业标准代码,CS03.01.026,剂型代码表,2102,注射用无菌粉末,
3,行业标准代码,CS03.01.026,剂型代码表,2103,注射用浓溶液,
3,行业标准代码,CS03.01.026,剂型代码表,22,栓剂,
3,行业标准代码,CS03.01.026,剂型代码表,23,鼻用制剂,
3,行业标准代码,CS03.01.026,剂型代码表,2301,滴鼻剂,
3,行业标准代码,CS03.01.026,剂型代码表,2302,洗鼻剂,
3,行业标准代码,CS03.01.026,剂型代码表,2303,鼻用喷雾剂,
3,行业标准代码,CS03.01.026,剂型代码表,2304,鼻用软膏剂,
3,行业标准代码,CS03.01.026,剂型代码表,2305,鼻用乳膏剂,
3,行业标准代码,CS03.01.026,剂型代码表,2306,鼻用凝胶剂,
3,行业标准代码,CS03.01.026,剂型代码表,2307,鼻用散剂,
3,行业标准代码,CS03.01.026,剂型代码表,2308,鼻用粉雾剂,
3,行业标准代码,CS03.01.026,剂型代码表,2309,鼻用棒剂,
3,行业标准代码,CS03.01.026,剂型代码表,24,眼用制剂,
3,行业标准代码,CS03.01.026,剂型代码表,2401,滴眼剂,
3,行业标准代码,CS03.01.026,剂型代码表,2402,洗眼剂,
3,行业标准代码,CS03.01.026,剂型代码表,2403,眼内注射溶液,
3,行业标准代码,CS03.01.026,剂型代码表,2404,眼膏剂,
3,行业标准代码,CS03.01.026,剂型代码表,2405,眼用乳膏剂,
3,行业标准代码,CS03.01.026,剂型代码表,2406,眼用凝胶剂,
3,行业标准代码,CS03.01.026,剂型代码表,2407,眼膜剂,
3,行业标准代码,CS03.01.026,剂型代码表,2408,眼丸剂,
3,行业标准代码,CS03.01.026,剂型代码表,2409,眼内插入剂,
3,行业标准代码,CS03.01.026,剂型代码表,25,耳用制剂,
3,行业标准代码,CS03.01.026,剂型代码表,2501,滴耳剂,
3,行业标准代码,CS03.01.026,剂型代码表,2502,洗耳剂,
3,行业标准代码,CS03.01.026,剂型代码表,2503,耳用喷雾剂,
3,行业标准代码,CS03.01.026,剂型代码表,2504,耳用软膏剂,
3,行业标准代码,CS03.01.026,剂型代码表,2505,耳用乳膏剂,
3,行业标准代码,CS03.01.026,剂型代码表,2506,耳用凝胶剂,
3,行业标准代码,CS03.01.026,剂型代码表,2507,耳塞,
3,行业标准代码,CS03.01.026,剂型代码表,2508,耳用散剂,
3,行业标准代码,CS03.01.026,剂型代码表,2509,耳用丸剂,
3,行业标准代码,CS03.01.026,剂型代码表,26,气雾剂粉雾剂喷雾剂,
3,行业标准代码,CS03.01.026,剂型代码表,2601,气雾剂,
3,行业标准代码,CS03.01.026,剂型代码表,2602,粉雾剂,
3,行业标准代码,CS03.01.026,剂型代码表,2603,喷雾剂,
3,行业标准代码,CS03.01.026,剂型代码表,27,口服溶液剂口服混悬剂口服乳剂,
3,行业标准代码,CS03.01.026,剂型代码表,2701,口服溶液剂,
3,行业标准代码,CS03.01.026,剂型代码表,2702,口服混悬剂,
3,行业标准代码,CS03.01.026,剂型代码表,2703,口服乳剂,
3,行业标准代码,CS03.01.026,剂型代码表,28,植入剂,
3,行业标准代码,CS03.01.026,剂型代码表,29,膜剂,
3,行业标准代码,CS03.01.026,剂型代码表,30,洗剂冲洗剂灌肠剂,
3,行业标准代码,CS03.01.026,剂型代码表,3001,洗剂,
3,行业标准代码,CS03.01.026,剂型代码表,3002,冲洗剂,
3,行业标准代码,CS03.01.026,剂型代码表,3003,灌肠剂,
3,行业标准代码,CS03.01.026,剂型代码表,31,搽剂涂剂涂膜剂,
3,行业标准代码,CS03.01.026,剂型代码表,3101,搽剂,
3,行业标准代码,CS03.01.026,剂型代码表,3102,涂剂,
3,行业标准代码,CS03.01.026,剂型代码表,3103,涂膜剂,
3,行业标准代码,CS03.01.026,剂型代码表,32,外用制剂,
3,行业标准代码,CS03.01.026,剂型代码表,33,靶向制剂,
3,行业标准代码,CS03.01.026,剂型代码表,34,缓控释制剂,
3,行业标准代码,CS03.01.026,剂型代码表,35,复方制剂,
3,行业标准代码,CS03.01.026,剂型代码表,99,其他,
3,行业标准代码,CV02.01.202,患者职业代码表,1,幼托儿童,
3,行业标准代码,CV02.01.202,患者职业代码表,2,散居儿童,
3,行业标准代码,CV02.01.202,患者职业代码表,3,学生(大中小学),
3,行业标准代码,CV02.01.202,患者职业代码表,4,教室,
3,行业标准代码,CV02.01.202,患者职业代码表,5,保育员及保姆,
3,行业标准代码,CV02.01.202,患者职业代码表,6,餐饮食品业,
3,行业标准代码,CV02.01.202,患者职业代码表,7,商业服务,
3,行业标准代码,CV02.01.202,患者职业代码表,8,医务人员,
3,行业标准代码,CV02.01.202,患者职业代码表,9,工人,
3,行业标准代码,CV02.01.202,患者职业代码表,10,民工,
3,行业标准代码,CV02.01.202,患者职业代码表,11,农民,
3,行业标准代码,CV02.01.202,患者职业代码表,12,牧民,
3,行业标准代码,CV02.01.202,患者职业代码表,13,渔（船）民,
3,行业标准代码,CV02.01.202,患者职业代码表,14,干部职员,
3,行业标准代码,CV02.01.202,患者职业代码表,15,离退人员,
3,行业标准代码,CV02.01.202,患者职业代码表,16,家务及待业,
3,行业标准代码,CV02.01.202,患者职业代码表,17,不详,
3,行业标准代码,CV02.01.202,患者职业代码表,99,其他,
3,行业标准代码,CV05.10.012,随访评价结果代码,1,控制满意,
3,行业标准代码,CV05.10.012,随访评价结果代码,2,控制不满意,
3,行业标准代码,CV05.10.012,随访评价结果代码,3,不良反应,
3,行业标准代码,CV05.10.012,随访评价结果代码,4,并发症,
3,行业标准代码,CV06.00.207,随访方式代码,1,门诊,
3,行业标准代码,CV06.00.207,随访方式代码,2,家庭,
3,行业标准代码,CV06.00.207,随访方式代码,3,电话,
3,行业标准代码,CV06.00.207,随访方式代码,4,短信,
3,行业标准代码,CV06.00.207,随访方式代码,5,网络,
3,行业标准代码,CV06.00.207,随访方式代码,9,其他,
3,行业标准代码,CV09.00.404,患者类型代码表,1,门诊,
3,行业标准代码,CV09.00.404,患者类型代码表,2,急诊,
3,行业标准代码,CV09.00.404,患者类型代码表,3,住院,
3,行业标准代码,CV09.00.404,患者类型代码表,9,其他,
3,行业标准代码,CV04.01.007,疑似结核患者症状代码表,1,咳嗽、咳痰2周以上,
3,行业标准代码,CV04.01.007,疑似结核患者症状代码表,2,咯血或血痰,
3,行业标准代码,CV04.01.007,疑似结核患者症状代码表,3,胸痛、胸闷、低热、盗汗、乏力,
3,行业标准代码,CV04.01.007,疑似结核患者症状代码表,4,食欲减退和体重减轻,
3,行业标准代码,CV04.01.009,精神症状代码表,1,幻觉,
3,行业标准代码,CV04.01.009,精神症状代码表,2,交流因难,
3,行业标准代码,CV04.01.009,精神症状代码表,3,猜疑,
3,行业标准代码,CV04.01.009,精神症状代码表,4,喜怒无常,
3,行业标准代码,CV04.01.009,精神症状代码表,5,行为怪异,
3,行业标准代码,CV04.01.009,精神症状代码表,6,兴奋话多,
3,行业标准代码,CV04.01.009,精神症状代码表,7,伤人毁物,
3,行业标准代码,CV04.01.009,精神症状代码表,8,悲观厌世,
3,行业标准代码,CV04.01.009,精神症状代码表,9,无故外走,
3,行业标准代码,CV04.01.009,精神症状代码表,10,自语自笑,
3,行业标准代码,CV04.01.009,精神症状代码表,11,孤僻懒散,
3,行业标准代码,CV04.01.009,精神症状代码表,99,其他,
3,行业标准代码,CV04.10.015,足背动脉搏动代码表,1,未触及,
3,行业标准代码,CV04.10.015,足背动脉搏动代码表,2,触及双侧对称,
3,行业标准代码,CV04.10.015,足背动脉搏动代码表,3,触及左侧弱或消失,
3,行业标准代码,CV04.10.015,足背动脉搏动代码表,4,触及右侧弱或消失,
3,行业标准代码,CV07.10.003,医疗费用支付方式,01,城镇职工基本医疗保险,
3,行业标准代码,CV07.10.003,医疗费用支付方式,02,城镇居民基本医疗保险,
3,行业标准代码,CV07.10.003,医疗费用支付方式,03,新型农村合作医疗,
3,行业标准代码,CV07.10.003,医疗费用支付方式,04,贫困救助(精准扶贫),
3,行业标准代码,CV07.10.003,医疗费用支付方式,05,商业医疗保险,
3,行业标准代码,CV07.10.003,医疗费用支付方式,06,全公费,
3,行业标准代码,CV07.10.003,医疗费用支付方式,07,全自费,
3,行业标准代码,CV07.10.003,医疗费用支付方式,08,其他社会保险,
3,行业标准代码,CV07.10.003,医疗费用支付方式,09,省内医保,
3,行业标准代码,CV07.10.003,医疗费用支付方式,10,省外医保,
3,行业标准代码,CV07.10.003,医疗费用支付方式,11,统筹,
3,行业标准代码,CV07.10.003,医疗费用支付方式,90,城乡居民医疗保险,
3,行业标准代码,CV07.10.003,医疗费用支付方式,99,其他,
3,行业标准代码,CV05.10.001,残疾情况代码表,01,无残疾,
3,行业标准代码,CV05.10.001,残疾情况代码表,02,视力残疾,
3,行业标准代码,CV05.10.001,残疾情况代码表,03,听力残疾,
3,行业标准代码,CV05.10.001,残疾情况代码表,04,言语残疾,
3,行业标准代码,CV05.10.001,残疾情况代码表,05,肢体残疾,
3,行业标准代码,CV05.10.001,残疾情况代码表,06,智力残疾,
3,行业标准代码,CV05.10.001,残疾情况代码表,07,精神残疾,
3,行业标准代码,CV05.10.001,残疾情况代码表,99,其他残疾,
3,行业标准代码,CV5101.27,症状代码(健康检查),01,头痛,
3,行业标准代码,CV5101.27,症状代码(健康检查),02,头晕,
3,行业标准代码,CV5101.27,症状代码(健康检查),03,心悸,
3,行业标准代码,CV5101.27,症状代码(健康检查),04,胸闷,
3,行业标准代码,CV5101.27,症状代码(健康检查),05,胸痛,
3,行业标准代码,CV5101.27,症状代码(健康检查),06,慢性咳嗽,
3,行业标准代码,CV5101.27,症状代码(健康检查),07,咳痰,
3,行业标准代码,CV5101.27,症状代码(健康检查),08,呼吸困难,
3,行业标准代码,CV5101.27,症状代码(健康检查),09,多饮,
3,行业标准代码,CV5101.27,症状代码(健康检查),10,多尿,
3,行业标准代码,CV5101.27,症状代码(健康检查),11,体重下降,
3,行业标准代码,CV5101.27,症状代码(健康检查),12,乏力,
3,行业标准代码,CV5101.27,症状代码(健康检查),13,关节肿痛,
3,行业标准代码,CV5101.27,症状代码(健康检查),14,视力模糊,
3,行业标准代码,CV5101.27,症状代码(健康检查),15,四肢麻木,
3,行业标准代码,CV5101.27,症状代码(健康检查),16,消瘦,
3,行业标准代码,CV5101.27,症状代码(健康检查),17,尿痛,
3,行业标准代码,CV5101.27,症状代码(健康检查),18,便秘,
3,行业标准代码,CV5101.27,症状代码(健康检查),19,腹泻,
3,行业标准代码,CV5101.27,症状代码(健康检查),20,恶心呕吐,
3,行业标准代码,CV5101.27,症状代码(健康检查),21,眼花,
3,行业标准代码,CV5101.27,症状代码(健康检查),22,耳鸣,
3,行业标准代码,CV5101.27,症状代码(健康检查),23,发热,
3,行业标准代码,CV5101.27,症状代码(健康检查),24,鼻衄,
3,行业标准代码,CV5101.27,症状代码(健康检查),25,浮肿,
3,行业标准代码,CV5101.27,症状代码(健康检查),26,多食,
3,行业标准代码,CV5101.27,症状代码(健康检查),99,其他,
3,行业标准代码,CV04.01.013,老年人健康状态自我评估代码表,1,满意,
3,行业标准代码,CV04.01.013,老年人健康状态自我评估代码表,2,基本满意,
3,行业标准代码,CV04.01.013,老年人健康状态自我评估代码表,3,说不清楚,
3,行业标准代码,CV04.01.013,老年人健康状态自我评估代码表,4,不太满意,
3,行业标准代码,CV04.01.013,老年人健康状态自我评估代码表,5,不满意,
3,行业标准代码,CV04.01.014,老年人生活自理能力自我评估代码表,1,可自理,0～3分者为可自理
3,行业标准代码,CV04.01.014,老年人生活自理能力自我评估代码表,2,轻度依赖,4～8分者为轻度依赖
3,行业标准代码,CV04.01.014,老年人生活自理能力自我评估代码表,3,中度依赖,9～18分者为中度依赖
3,行业标准代码,CV04.01.014,老年人生活自理能力自我评估代码表,4,不能自理,≥19分者为不能自理
3,行业标准代码,CV06.00.101,中药使用类别代码表,1,未使用,
3,行业标准代码,CV06.00.101,中药使用类别代码表,2,中成药,
3,行业标准代码,CV06.00.101,中药使用类别代码表,3,中草药,
3,行业标准代码,CV06.00.101,中药使用类别代码表,9,其他中药,
3,行业标准代码,WS 218-2002,卫生机构（组织）分类与代码,A,医院,
3,行业标准代码,WS 218-2002,卫生机构（组织）分类与代码,A1,综合医院,
3,行业标准代码,WS 218-2002,卫生机构（组织）分类与代码,A100,综合医院,
3,行业标准代码,WS 218-2002,卫生机构（组织）分类与代码,A2,中医医院,
3,行业标准代码,WS 218-2002,卫生机构（组织）分类与代码,A210,中医（综合）医院,
3,行业标准代码,WS 218-2002,卫生机构（组织）分类与代码,A220,中医专科医院,
3,行业标准代码,WS 218-2002,卫生机构（组织）分类与代码,A221,肛肠医院,
3,行业标准代码,WS 218-2002,卫生机构（组织）分类与代码,A222,骨伤医院,包括正骨医院
3,行业标准代码,WS 218-2002,卫生机构（组织）分类与代码,A223,针炙医院,
3,行业标准代码,WS 218-2002,卫生机构（组织）分类与代码,A224,按摩医院,
3,行业标准代码,WS 218-2002,卫生机构（组织）分类与代码,A229,其他中医专科医院,
3,行业标准代码,WS 218-2002,卫生机构（组织）分类与代码,A3,中西医结合医院,
3,行业标准代码,WS 218-2002,卫生机构（组织）分类与代码,A300,中西医结合医院,
3,行业标准代码,WS 218-2002,卫生机构（组织）分类与代码,A4,民族医院,
3,行业标准代码,WS 218-2002,卫生机构（组织）分类与代码,A411,蒙医院,
3,行业标准代码,WS 218-2002,卫生机构（组织）分类与代码,A412,藏医院,
3,行业标准代码,WS 218-2002,卫生机构（组织）分类与代码,A413,维医院,
3,行业标准代码,WS 218-2002,卫生机构（组织）分类与代码,A414,傣医院,
3,行业标准代码,WS 218-2002,卫生机构（组织）分类与代码,A419,其他民族医院,
3,行业标准代码,WS 218-2002,卫生机构（组织）分类与代码,A5,专科医院,不含中医专科医院
3,行业标准代码,WS 218-2002,卫生机构（组织）分类与代码,A511,口腔医院,包括牙科医院
3,行业标准代码,WS 218-2002,卫生机构（组织）分类与代码,A512,眼科医院,
3,行业标准代码,WS 218-2002,卫生机构（组织）分类与代码,A513,耳鼻喉科医院,包括五官科医院
3,行业标准代码,WS 218-2002,卫生机构（组织）分类与代码,A514,肿瘤医院,
3,行业标准代码,WS 218-2002,卫生机构（组织）分类与代码,A515,心血管病医院,
3,行业标准代码,WS 218-2002,卫生机构（组织）分类与代码,A516,胸科医院,
3,行业标准代码,WS 218-2002,卫生机构（组织）分类与代码,A517,血液病医院,
3,行业标准代码,WS 218-2002,卫生机构（组织）分类与代码,A518,妇产（科）医院,包括妇婴（儿）医院
3,行业标准代码,WS 218-2002,卫生机构（组织）分类与代码,A519,儿童医院,
3,行业标准代码,WS 218-2002,卫生机构（组织）分类与代码,A520,精神病医院,包括2张床位以上的精神卫生中心
3,行业标准代码,WS 218-2002,卫生机构（组织）分类与代码,A521,传染病医院,
3,行业标准代码,WS 218-2002,卫生机构（组织）分类与代码,A522,皮肤病医院,包括性病医院
3,行业标准代码,WS 218-2002,卫生机构（组织）分类与代码,A523,结核病医院,
3,行业标准代码,WS 218-2002,卫生机构（组织）分类与代码,A524,麻风病医院,
3,行业标准代码,WS 218-2002,卫生机构（组织）分类与代码,A525,职业病医院,
3,行业标准代码,WS 218-2002,卫生机构（组织）分类与代码,A526,骨科医院,
3,行业标准代码,WS 218-2002,卫生机构（组织）分类与代码,A527,康复医院,
3,行业标准代码,WS 218-2002,卫生机构（组织）分类与代码,A528,整形外科医院,包括整容医院
3,行业标准代码,WS 218-2002,卫生机构（组织）分类与代码,A529,美容医院,
3,行业标准代码,WS 218-2002,卫生机构（组织）分类与代码,A539,其他专科医院,
3,行业标准代码,WS 218-2002,卫生机构（组织）分类与代码,A6,疗养院,
3,行业标准代码,WS 218-2002,卫生机构（组织）分类与代码,A600,疗养院,
3,行业标准代码,WS 218-2002,卫生机构（组织）分类与代码,A7,护理院（站）,
3,行业标准代码,WS 218-2002,卫生机构（组织）分类与代码,A710,护理院,
3,行业标准代码,WS 218-2002,卫生机构（组织）分类与代码,A720,护理站,
3,行业标准代码,WS 218-2002,卫生机构（组织）分类与代码,B,社区卫生服务中心(站),
3,行业标准代码,WS 218-2002,卫生机构（组织）分类与代码,B1,社区卫生服务中心,
3,行业标准代码,WS 218-2002,卫生机构（组织）分类与代码,B100,社区卫生服务中心,
3,行业标准代码,WS 218-2002,卫生机构（组织）分类与代码,B2,社区卫生服务站,
3,行业标准代码,WS 218-2002,卫生机构（组织）分类与代码,B200,社区卫生服务站,
3,行业标准代码,WS 218-2002,卫生机构（组织）分类与代码,C,卫生院,
3,行业标准代码,WS 218-2002,卫生机构（组织）分类与代码,C2,乡镇卫生院,
3,行业标准代码,WS 218-2002,卫生机构（组织）分类与代码,C210,中心卫生院,
3,行业标准代码,WS 218-2002,卫生机构（组织）分类与代码,C220,乡卫生院,
3,行业标准代码,WS 218-2002,卫生机构（组织）分类与代码,D,门诊部、诊所、医务室、村卫生室,包括卫生所（室）
3,行业标准代码,WS 218-2002,卫生机构（组织）分类与代码,D1,门诊部,
3,行业标准代码,WS 218-2002,卫生机构（组织）分类与代码,D110,综合门诊部,
3,行业标准代码,WS 218-2002,卫生机构（组织）分类与代码,D120,中医门诊部,
3,行业标准代码,WS 218-2002,卫生机构（组织）分类与代码,D121,中医（综合）门诊部,
3,行业标准代码,WS 218-2002,卫生机构（组织）分类与代码,D122,中医专科门诊部,
3,行业标准代码,WS 218-2002,卫生机构（组织）分类与代码,D130,中西医结合门诊部,
3,行业标准代码,WS 218-2002,卫生机构（组织）分类与代码,D140,民族医门诊部,
3,行业标准代码,WS 218-2002,卫生机构（组织）分类与代码,D150,专科门诊部,不含中医专科门诊部
3,行业标准代码,WS 218-2002,卫生机构（组织）分类与代码,D151,普通专科门诊部,
3,行业标准代码,WS 218-2002,卫生机构（组织）分类与代码,D152,口腔门诊部,
3,行业标准代码,WS 218-2002,卫生机构（组织）分类与代码,D153,眼科门诊部,
3,行业标准代码,WS 218-2002,卫生机构（组织）分类与代码,D154,医疗美容门诊部,
3,行业标准代码,WS 218-2002,卫生机构（组织）分类与代码,D155,精神卫生门诊部,
3,行业标准代码,WS 218-2002,卫生机构（组织）分类与代码,D159,其他专科门诊部,
3,行业标准代码,WS 218-2002,卫生机构（组织）分类与代码,D2,诊所,
3,行业标准代码,WS 218-2002,卫生机构（组织）分类与代码,D211,普通诊所,
3,行业标准代码,WS 218-2002,卫生机构（组织）分类与代码,D212,中医诊所,
3,行业标准代码,WS 218-2002,卫生机构（组织）分类与代码,D213,中西医结合诊所,
3,行业标准代码,WS 218-2002,卫生机构（组织）分类与代码,D214,民族医诊所,
3,行业标准代码,WS 218-2002,卫生机构（组织）分类与代码,D215,口腔诊所,
3,行业标准代码,WS 218-2002,卫生机构（组织）分类与代码,D216,医疗美容诊所,
3,行业标准代码,WS 218-2002,卫生机构（组织）分类与代码,D217,精神卫生诊所,
3,行业标准代码,WS 218-2002,卫生机构（组织）分类与代码,D229,其他诊所,
3,行业标准代码,WS 218-2002,卫生机构（组织）分类与代码,D3,卫生所（室）,
3,行业标准代码,WS 218-2002,卫生机构（组织）分类与代码,D300,卫生所（室）,
3,行业标准代码,WS 218-2002,卫生机构（组织）分类与代码,D4,医务室,
3,行业标准代码,WS 218-2002,卫生机构（组织）分类与代码,D400,医务室,
3,行业标准代码,WS 218-2002,卫生机构（组织）分类与代码,D5,中小学卫生保健所,
3,行业标准代码,WS 218-2002,卫生机构（组织）分类与代码,D500,中小学卫生保健所,
3,行业标准代码,WS 218-2002,卫生机构（组织）分类与代码,D6,村卫生室,
3,行业标准代码,WS 218-2002,卫生机构（组织）分类与代码,D600,村卫生室,
3,行业标准代码,WS 218-2002,卫生机构（组织）分类与代码,E,急救中心（站）,
3,行业标准代码,WS 218-2002,卫生机构（组织）分类与代码,E1,急救中心,
3,行业标准代码,WS 218-2002,卫生机构（组织）分类与代码,E100,急救中心,
3,行业标准代码,WS 218-2002,卫生机构（组织）分类与代码,E2,急救中心站,
3,行业标准代码,WS 218-2002,卫生机构（组织）分类与代码,E200,急救中心站,
3,行业标准代码,WS 218-2002,卫生机构（组织）分类与代码,E3,急救站,
3,行业标准代码,WS 218-2002,卫生机构（组织）分类与代码,E300,急救站,
3,行业标准代码,WS 218-2002,卫生机构（组织）分类与代码,F,采供血机构,
3,行业标准代码,WS 218-2002,卫生机构（组织）分类与代码,F1,血站,
3,行业标准代码,WS 218-2002,卫生机构（组织）分类与代码,F110,血液中心,
3,行业标准代码,WS 218-2002,卫生机构（组织）分类与代码,F120,中心血站,
3,行业标准代码,WS 218-2002,卫生机构（组织）分类与代码,F130,基层血站、中心血库,
3,行业标准代码,WS 218-2002,卫生机构（组织）分类与代码,F2,单采血浆站,
3,行业标准代码,WS 218-2002,卫生机构（组织）分类与代码,F200,单采血浆站,
3,行业标准代码,WS 218-2002,卫生机构（组织）分类与代码,G,妇幼保健院（所、站）,包括妇幼保健中心
3,行业标准代码,WS 218-2002,卫生机构（组织）分类与代码,G1,妇幼保健院,
3,行业标准代码,WS 218-2002,卫生机构（组织）分类与代码,G100,妇幼保健院,
3,行业标准代码,WS 218-2002,卫生机构（组织）分类与代码,G2,妇幼保健所,
3,行业标准代码,WS 218-2002,卫生机构（组织）分类与代码,G200,妇幼保健所,
3,行业标准代码,WS 218-2002,卫生机构（组织）分类与代码,G3,妇幼保健站,
3,行业标准代码,WS 218-2002,卫生机构（组织）分类与代码,G300,妇幼保健站,
3,行业标准代码,WS 218-2002,卫生机构（组织）分类与代码,G4,生殖保健中心,
3,行业标准代码,WS 218-2002,卫生机构（组织）分类与代码,G400,生殖保健中心,
3,行业标准代码,WS 218-2002,卫生机构（组织）分类与代码,H,专科疾病防治院（所、站）,
3,行业标准代码,WS 218-2002,卫生机构（组织）分类与代码,H1,专科疾病防治院,
3,行业标准代码,WS 218-2002,卫生机构（组织）分类与代码,H111,传染病防治院,
3,行业标准代码,WS 218-2002,卫生机构（组织）分类与代码,H112,结核病防治院,
3,行业标准代码,WS 218-2002,卫生机构（组织）分类与代码,H113,职业病防治院,
3,行业标准代码,WS 218-2002,卫生机构（组织）分类与代码,H119,其他专科疾病防治院,
3,行业标准代码,WS 218-2002,卫生机构（组织）分类与代码,H2,专科疾病防治所（站、中心）,
3,行业标准代码,WS 218-2002,卫生机构（组织）分类与代码,H211,口腔病防治所（站、中心）,包括牙病防治所（站）
3,行业标准代码,WS 218-2002,卫生机构（组织）分类与代码,H212,精神病防治所（站、中心）,
3,行业标准代码,WS 218-2002,卫生机构（组织）分类与代码,H213,皮肤病防治所（站、中心）,包括性病防治所（站）
3,行业标准代码,WS 218-2002,卫生机构（组织）分类与代码,H214,结核病防治所（站、中心）,
3,行业标准代码,WS 218-2002,卫生机构（组织）分类与代码,H215,麻风病防治所（站、中心）,
3,行业标准代码,WS 218-2002,卫生机构（组织）分类与代码,H216,职业病防治所（站、中心）,
3,行业标准代码,WS 218-2002,卫生机构（组织）分类与代码,H217,寄生虫病防治所（站、中心）,
3,行业标准代码,WS 218-2002,卫生机构（组织）分类与代码,H218,地方病防治所（站，中心）,
3,行业标准代码,WS 218-2002,卫生机构（组织）分类与代码,H219,血吸虫病防治所（站、中心）,
3,行业标准代码,WS 218-2002,卫生机构（组织）分类与代码,H220,药物戒毒所（中心）,
3,行业标准代码,WS 218-2002,卫生机构（组织）分类与代码,H229,其他专科疾病防治所（站、中心）,
3,行业标准代码,WS 218-2002,卫生机构（组织）分类与代码,J,疾病预防控制中心（防疫站）,
3,行业标准代码,WS 218-2002,卫生机构（组织）分类与代码,J1,疾病预防控制中心,
3,行业标准代码,WS 218-2002,卫生机构（组织）分类与代码,J100,疾病预防控制中心,
3,行业标准代码,WS 218-2002,卫生机构（组织）分类与代码,J2,卫生防疫站,
3,行业标准代码,WS 218-2002,卫生机构（组织）分类与代码,J200,卫生防疫站,
3,行业标准代码,WS 218-2002,卫生机构（组织）分类与代码,J3,卫生防病中心,
3,行业标准代码,WS 218-2002,卫生机构（组织）分类与代码,J300,卫生防病中心,
3,行业标准代码,WS 218-2002,卫生机构（组织）分类与代码,J4,预防保健中心,
3,行业标准代码,WS 218-2002,卫生机构（组织）分类与代码,J400,预防保健中心,
3,行业标准代码,WS 218-2002,卫生机构（组织）分类与代码,K,卫生监督所（局）,
3,行业标准代码,WS 218-2002,卫生机构（组织）分类与代码,K1,卫生监督所（局）,
3,行业标准代码,WS 218-2002,卫生机构（组织）分类与代码,K100,卫生监督所（局）,
3,行业标准代码,WS 218-2002,卫生机构（组织）分类与代码,L,卫生监督检验（监测、检测）所（站）,
3,行业标准代码,WS 218-2002,卫生机构（组织）分类与代码,L1,卫生（综合）监督检验（监测，检测）所（站）,
3,行业标准代码,WS 218-2002,卫生机构（组织）分类与代码,L100,卫生（综合）监督检验（监测，检测）所（站）,
3,行业标准代码,WS 218-2002,卫生机构（组织）分类与代码,L2,环境卫生监督检验（监测、检测）所（站）,
3,行业标准代码,WS 218-2002,卫生机构（组织）分类与代码,L200,环境卫生监督检验（监测、检测）所（站）,
3,行业标准代码,WS 218-2002,卫生机构（组织）分类与代码,L3,放射卫生监督检验（监测、检测）所（站）,
3,行业标准代码,WS 218-2002,卫生机构（组织）分类与代码,L300,放射卫生监督检验（监测、检测）所（站）,
3,行业标准代码,WS 218-2002,卫生机构（组织）分类与代码,L4,劳动（职业、工业）卫生监督检验（监测、检测）所（站）,
3,行业标准代码,WS 218-2002,卫生机构（组织）分类与代码,L400,劳动（职业、工业）卫生监督检验（监测、检测）所（站）,
3,行业标准代码,WS 218-2002,卫生机构（组织）分类与代码,L5,食品卫生监督检验（监测、检测）所（站）,
3,行业标准代码,WS 218-2002,卫生机构（组织）分类与代码,L500,食品卫生监督检验（监测、检测）所（站）,
3,行业标准代码,WS 218-2002,卫生机构（组织）分类与代码,L6,学校卫生监督检验（监测、检测）所（站）,
3,行业标准代码,WS 218-2002,卫生机构（组织）分类与代码,L600,学校卫生监督检验（监测、检测）所（站）,
3,行业标准代码,WS 218-2002,卫生机构（组织）分类与代码,L9,其他卫生监督检验（监测，检测）所（站）,
3,行业标准代码,WS 218-2002,卫生机构（组织）分类与代码,L900,其他卫生监督检验（监测，检测）所（站）,
3,行业标准代码,WS 218-2002,卫生机构（组织）分类与代码,M,医学科学研究机构,
3,行业标准代码,WS 218-2002,卫生机构（组织）分类与代码,M1,医学科学（研究）院（所）,
3,行业标准代码,WS 218-2002,卫生机构（组织）分类与代码,M100,医学科学（研究）院（所）,
3,行业标准代码,WS 218-2002,卫生机构（组织）分类与代码,M2,预防医学研究院（所）,
3,行业标准代码,WS 218-2002,卫生机构（组织）分类与代码,M200,预防医学研究院（所）,
3,行业标准代码,WS 218-2002,卫生机构（组织）分类与代码,M3,中医（药）研究院（所）,
3,行业标准代码,WS 218-2002,卫生机构（组织）分类与代码,M300,中医（药）研究院（所）,
3,行业标准代码,WS 218-2002,卫生机构（组织）分类与代码,M4,中西医结合研究所,
3,行业标准代码,WS 218-2002,卫生机构（组织）分类与代码,M400,中西医结合研究所,
3,行业标准代码,WS 218-2002,卫生机构（组织）分类与代码,M5,民族医（药）学研究所,
3,行业标准代码,WS 218-2002,卫生机构（组织）分类与代码,M500,民族医（药）学研究所,
3,行业标准代码,WS 218-2002,卫生机构（组织）分类与代码,M6,医学专科研究所,
3,行业标准代码,WS 218-2002,卫生机构（组织）分类与代码,M611,基础医学研究所,
3,行业标准代码,WS 218-2002,卫生机构（组织）分类与代码,M612,病毒学研究所,
3,行业标准代码,WS 218-2002,卫生机构（组织）分类与代码,M613,老年医学研究所,
3,行业标准代码,WS 218-2002,卫生机构（组织）分类与代码,M614,肿瘤（防治）研究所,
3,行业标准代码,WS 218-2002,卫生机构（组织）分类与代码,M615,心血管病研究所,
3,行业标准代码,WS 218-2002,卫生机构（组织）分类与代码,M616,血液学研究所,
3,行业标准代码,WS 218-2002,卫生机构（组织）分类与代码,M617,整形外科研究所,
3,行业标准代码,WS 218-2002,卫生机构（组织）分类与代码,M618,特种卫生研究所,
3,行业标准代码,WS 218-2002,卫生机构（组织）分类与代码,M619,放射医学研究所,
3,行业标准代码,WS 218-2002,卫生机构（组织）分类与代码,M620,医学生物学研究所,
3,行业标准代码,WS 218-2002,卫生机构（组织）分类与代码,M621,生物医学工程研究所,
3,行业标准代码,WS 218-2002,卫生机构（组织）分类与代码,M622,实验动物研究所,
3,行业标准代码,WS 218-2002,卫生机构（组织）分类与代码,M623,结核病防治研究所,
3,行业标准代码,WS 218-2002,卫生机构（组织）分类与代码,M624,皮肤病与性病防治研究所,
3,行业标准代码,WS 218-2002,卫生机构（组织）分类与代码,M625,寄生虫病防治研究所,
3,行业标准代码,WS 218-2002,卫生机构（组织）分类与代码,M626,地方病防治研究所,
3,行业标准代码,WS 218-2002,卫生机构（组织）分类与代码,M627,血吸虫病防治研究所,
3,行业标准代码,WS 218-2002,卫生机构（组织）分类与代码,M628,流行病学研究所,
3,行业标准代码,WS 218-2002,卫生机构（组织）分类与代码,M629,医学微生物学研究所,
3,行业标准代码,WS 218-2002,卫生机构（组织）分类与代码,M630,环境卫生研究所,
3,行业标准代码,WS 218-2002,卫生机构（组织）分类与代码,M631,劳动卫生（职业病）研究所,
3,行业标准代码,WS 218-2002,卫生机构（组织）分类与代码,M632,营养与食品卫生研究所,
3,行业标准代码,WS 218-2002,卫生机构（组织）分类与代码,M633,儿少卫生研究所,
3,行业标准代码,WS 218-2002,卫生机构（组织）分类与代码,M634,医学信息研究所,
3,行业标准代码,WS 218-2002,卫生机构（组织）分类与代码,M649,其他医学专科研究所,
3,行业标准代码,WS 218-2002,卫生机构（组织）分类与代码,M7,药学研究所,
3,行业标准代码,WS 218-2002,卫生机构（组织）分类与代码,M700,药学研究所,
3,行业标准代码,WS 218-2002,卫生机构（组织）分类与代码,N,医学教育机构,
3,行业标准代码,WS 218-2002,卫生机构（组织）分类与代码,N1,医学普通高中等学校,
3,行业标准代码,WS 218-2002,卫生机构（组织）分类与代码,N110,医学普通高等学校,
3,行业标准代码,WS 218-2002,卫生机构（组织）分类与代码,N111,医学院,包括医科大学，不包括综合大学的医学院（部）
3,行业标准代码,WS 218-2002,卫生机构（组织）分类与代码,N112,中医（药）学院,包括中医药大学
3,行业标准代码,WS 218-2002,卫生机构（组织）分类与代码,N113,民族医（药）学院,
3,行业标准代码,WS 218-2002,卫生机构（组织）分类与代码,N119,其他医学普通高等学校,
3,行业标准代码,WS 218-2002,卫生机构（组织）分类与代码,N120,医学普通中等专业学校,
3,行业标准代码,WS 218-2002,卫生机构（组织）分类与代码,N121,卫生学校,
3,行业标准代码,WS 218-2002,卫生机构（组织）分类与代码,N122,中医（药）学校,
3,行业标准代码,WS 218-2002,卫生机构（组织）分类与代码,N123,民族医（药）学校,
3,行业标准代码,WS 218-2002,卫生机构（组织）分类与代码,N124,护士学校,
3,行业标准代码,WS 218-2002,卫生机构（组织）分类与代码,N129,其他医学普通中等专业学校,
3,行业标准代码,WS 218-2002,卫生机构（组织）分类与代码,N2,医学成人学校,
3,行业标准代码,WS 218-2002,卫生机构（组织）分类与代码,N210,医学成人高等学校,
3,行业标准代码,WS 218-2002,卫生机构（组织）分类与代码,N211,职工医学院,
3,行业标准代码,WS 218-2002,卫生机构（组织）分类与代码,N212,卫生管理干部学院,
3,行业标准代码,WS 218-2002,卫生机构（组织）分类与代码,N219,其他医学成人高等学校,
3,行业标准代码,WS 218-2002,卫生机构（组织）分类与代码,N220,医学成人中等学校,
3,行业标准代码,WS 218-2002,卫生机构（组织）分类与代码,N221,卫生职业（工）中等专业学校,
3,行业标准代码,WS 218-2002,卫生机构（组织）分类与代码,N222,中医（药）职业中等专业学校,
3,行业标准代码,WS 218-2002,卫生机构（组织）分类与代码,N223,卫生进修学校,
3,行业标准代码,WS 218-2002,卫生机构（组织）分类与代码,N229,其他医学成人中等学校,
3,行业标准代码,WS 218-2002,卫生机构（组织）分类与代码,N3,医学在职培训机构,
3,行业标准代码,WS 218-2002,卫生机构（组织）分类与代码,N300,医学在职培训机构,
3,行业标准代码,WS 218-2002,卫生机构（组织）分类与代码,O,健康教育所（站、中心）,
3,行业标准代码,WS 218-2002,卫生机构（组织）分类与代码,O1,健康教育所,
3,行业标准代码,WS 218-2002,卫生机构（组织）分类与代码,O100,健康教育所,
3,行业标准代码,WS 218-2002,卫生机构（组织）分类与代码,O2,健康教育站（中心）,
3,行业标准代码,WS 218-2002,卫生机构（组织）分类与代码,O200,健康教育站（中心）,
3,行业标准代码,WS 218-2002,卫生机构（组织）分类与代码,P,其他卫生机构,
3,行业标准代码,WS 218-2002,卫生机构（组织）分类与代码,P1,临床检验中心（所、站）,
3,行业标准代码,WS 218-2002,卫生机构（组织）分类与代码,P110,临床检验中心,
3,行业标准代码,WS 218-2002,卫生机构（组织）分类与代码,P120,临床检验所（站）,
3,行业标准代码,WS 218-2002,卫生机构（组织）分类与代码,P2,卫生新闻出版杜,
3,行业标准代码,WS 218-2002,卫生机构（组织）分类与代码,P210,卫生图书出版社,
3,行业标准代码,WS 218-2002,卫生机构（组织）分类与代码,P220,卫生报纸出版社,
3,行业标准代码,WS 218-2002,卫生机构（组织）分类与代码,P230,卫生杂志社,
3,行业标准代码,WS 218-2002,卫生机构（组织）分类与代码,P290,其他卫生新闻出版社,指卫生音像出版社等
3,行业标准代码,WS 218-2002,卫生机构（组织）分类与代码,P9,其他卫生事业机构,
3,行业标准代码,WS 218-2002,卫生机构（组织）分类与代码,P911,精神病收容所,
3,行业标准代码,WS 218-2002,卫生机构（组织）分类与代码,P912,麻风村,
3,行业标准代码,WS 218-2002,卫生机构（组织）分类与代码,P913,卫生消毒站,包括消杀灭站
3,行业标准代码,WS 218-2002,卫生机构（组织）分类与代码,P914,乡防保组,
3,行业标准代码,WS 218-2002,卫生机构（组织）分类与代码,P915,农村改水中心,
3,行业标准代码,WS 218-2002,卫生机构（组织）分类与代码,P916,计划生育技术服务中心（站）,
3,行业标准代码,WS 218-2002,卫生机构（组织）分类与代码,P917,卫生机关服务中心,
3,行业标准代码,WS 218-2002,卫生机构（组织）分类与代码,P918,卫生统计信息中心,含卫生信息管理中心
3,行业标准代码,WS 218-2002,卫生机构（组织）分类与代码,P919,医学考试中心,
3,行业标准代码,WS 218-2002,卫生机构（组织）分类与代码,P920,卫生人才交流中心,
3,行业标准代码,WS 218-2002,卫生机构（组织）分类与代码,P921,医学科技交流中心,
3,行业标准代码,WS 218-2002,卫生机构（组织）分类与代码,P939,其他,
3,行业标准代码,WS 218-2002,卫生机构（组织）分类与代码,Q,卫生社会团体,
3,行业标准代码,WS 218-2002,卫生机构（组织）分类与代码,Q1,红十字会,
3,行业标准代码,WS 218-2002,卫生机构（组织）分类与代码,Q100,红十字会,
3,行业标准代码,WS 218-2002,卫生机构（组织）分类与代码,Q2,医学会,
3,行业标准代码,WS 218-2002,卫生机构（组织）分类与代码,Q200,医学会,
3,行业标准代码,WS 218-2002,卫生机构（组织）分类与代码,Q3,卫生协会,
3,行业标准代码,WS 218-2002,卫生机构（组织）分类与代码,Q300,卫生协会,
3,行业标准代码,WS 218-2002,卫生机构（组织）分类与代码,Q311,输血协会,
3,行业标准代码,WS 218-2002,卫生机构（组织）分类与代码,Q312,医师协会,
3,行业标准代码,WS 218-2002,卫生机构（组织）分类与代码,Q339,其他卫生协会,
3,行业标准代码,WS 218-2002,卫生机构（组织）分类与代码,Q9,其他卫生社会团体,
3,行业标准代码,WS 218-2002,卫生机构（组织）分类与代码,Q900,其他卫生社会团体,
3,行业标准代码,CV03.00.107,饮食习惯代码表,1,荤素均衡,
3,行业标准代码,CV03.00.107,饮食习惯代码表,2,荤食为主,
3,行业标准代码,CV03.00.107,饮食习惯代码表,3,素食为主,
3,行业标准代码,CV03.00.107,饮食习惯代码表,4,嗜盐,
3,行业标准代码,CV03.00.107,饮食习惯代码表,5,嗜油,
3,行业标准代码,CV03.00.107,饮食习惯代码表,6,嗜糖,
3,行业标准代码,CV06.00.226,离院方式代码表,1,医嘱离院,
3,行业标准代码,CV06.00.226,离院方式代码表,2,医嘱转院,
3,行业标准代码,CV06.00.226,离院方式代码表,3,医嘱转社区卫生服务机构/乡镇卫生院,
3,行业标准代码,CV06.00.226,离院方式代码表,4,非医嘱离院,
3,行业标准代码,CV06.00.226,离院方式代码表,5,死亡,
3,行业标准代码,CV06.00.226,离院方式代码表,9,其他,
3,行业标准代码,CV03.00.105,饮酒种类代码表,1,白酒,
3,行业标准代码,CV03.00.105,饮酒种类代码表,11,白酒（≥42度）,
3,行业标准代码,CV03.00.105,饮酒种类代码表,12,白酒（＜42度）,
3,行业标准代码,CV03.00.105,饮酒种类代码表,2,啤酒,
3,行业标准代码,CV03.00.105,饮酒种类代码表,3,红酒,
3,行业标准代码,CV03.00.105,饮酒种类代码表,4,黄酒,
3,行业标准代码,CV03.00.105,饮酒种类代码表,9,其他,
3,行业标准代码,CV04.10.007,口唇外观代码表,1,红润,
3,行业标准代码,CV04.10.007,口唇外观代码表,2,苍白,
3,行业标准代码,CV04.10.007,口唇外观代码表,3,发绀,
3,行业标准代码,CV04.10.007,口唇外观代码表,4,皲裂,
3,行业标准代码,CV04.10.007,口唇外观代码表,5,疱疹,
3,行业标准代码,CV04.10.007,口唇外观代码表,9,其他,
3,行业标准代码,CV04.10.010,齿列类别代码表,1,正常,
3,行业标准代码,CV04.10.010,齿列类别代码表,2,缺齿,
3,行业标准代码,CV04.10.010,齿列类别代码表,3,龋齿,
3,行业标准代码,CV04.10.010,齿列类别代码表,4,义齿,
3,行业标准代码,CV04.10.004,皮肤检查结果代码表,1,未见异常,
3,行业标准代码,CV04.10.004,皮肤检查结果代码表,2,潮红,
3,行业标准代码,CV04.10.004,皮肤检查结果代码表,3,苍白,
3,行业标准代码,CV04.10.004,皮肤检查结果代码表,4,发绀,
3,行业标准代码,CV04.10.004,皮肤检查结果代码表,5,黄染,
3,行业标准代码,CV04.10.004,皮肤检查结果代码表,6,色素沉着,
3,行业标准代码,CV04.10.004,皮肤检查结果代码表,7,湿疹,
3,行业标准代码,CV04.10.004,皮肤检查结果代码表,8,糜烂,
3,行业标准代码,CV04.10.004,皮肤检查结果代码表,99,其他,
3,行业标准代码,CV04.10.006,巩膜检查结果代码,1,正常,
3,行业标准代码,CV04.10.006,巩膜检查结果代码,2,黄染,
3,行业标准代码,CV04.10.006,巩膜检查结果代码,3,充血,
3,行业标准代码,CV04.10.006,巩膜检查结果代码,9,其他,
3,行业标准代码,CV04.10.011,淋巴结检查结果代码,1,未触及,
3,行业标准代码,CV04.10.011,淋巴结检查结果代码,2,锁骨上,
3,行业标准代码,CV04.10.011,淋巴结检查结果代码,3,腋窝,
3,行业标准代码,CV04.10.011,淋巴结检查结果代码,9,其他,
3,行业标准代码,CV04.10.014,下肢水肿检查结果代码,1,无下肢水肿,
3,行业标准代码,CV04.10.014,下肢水肿检查结果代码,2,单侧下肢水肿,
3,行业标准代码,CV04.10.014,下肢水肿检查结果代码,3,双侧不对称下肢水肿,
3,行业标准代码,CV04.10.014,下肢水肿检查结果代码,4,双侧对称下肢水肿,
3,行业标准代码,CV04.10.013,肛门指诊检查结果代码表,1,未及异常,
3,行业标准代码,CV04.10.013,肛门指诊检查结果代码表,2,触痛,
3,行业标准代码,CV04.10.013,肛门指诊检查结果代码表,3,包块,
3,行业标准代码,CV04.10.013,肛门指诊检查结果代码表,4,前列腺异常,
3,行业标准代码,CV04.10.013,肛门指诊检查结果代码表,9,其他,
3,行业标准代码,CV04.10.012,乳腺检查结果代码表,1,未见异常,
3,行业标准代码,CV04.10.012,乳腺检查结果代码表,2,乳房切除,
3,行业标准代码,CV04.10.012,乳腺检查结果代码表,3,异常泌乳,
3,行业标准代码,CV04.10.012,乳腺检查结果代码表,4,乳腺包块,
3,行业标准代码,CV04.10.012,乳腺检查结果代码表,5,乳腺结节,
3,行业标准代码,CV04.10.012,乳腺检查结果代码表,6,溢液,
3,行业标准代码,CV04.10.012,乳腺检查结果代码表,9,其他,
3,行业标准代码,CV04.50.005,ABO血型代码,1,A型,
3,行业标准代码,CV04.50.005,ABO血型代码,2,B型,
3,行业标准代码,CV04.50.005,ABO血型代码,3,O型,
3,行业标准代码,CV04.50.005,ABO血型代码,4,AB型,
3,行业标准代码,CV04.50.005,ABO血型代码,5,不详,
3,行业标准代码,CV04.50.005,ABO血型代码,6,未查,
3,行业标准代码,CV03.00.301,环境危险因素暴露类别代码表,1,无,
3,行业标准代码,CV03.00.301,环境危险因素暴露类别代码表,2,化学品,
3,行业标准代码,CV03.00.301,环境危险因素暴露类别代码表,3,毒物,
3,行业标准代码,CV03.00.301,环境危险因素暴露类别代码表,4,射线,
3,行业标准代码,CV03.00.301,环境危险因素暴露类别代码表,5,不详,
3,行业标准代码,CV03.00.301,环境危险因素暴露类别代码表,9,其他,
3,行业标准代码,CV06.00.229,医嘱项目类型代码,1,药品类医嘱,
3,行业标准代码,CV06.00.229,医嘱项目类型代码,2,检查类医嘱,
3,行业标准代码,CV06.00.229,医嘱项目类型代码,3,检验类医嘱,
3,行业标准代码,CV06.00.229,医嘱项目类型代码,4,手术类医嘱,
3,行业标准代码,CV06.00.229,医嘱项目类型代码,5,处置类医嘱,
3,行业标准代码,CV06.00.229,医嘱项目类型代码,6,材料类医嘱,
3,行业标准代码,CV06.00.229,医嘱项目类型代码,7,嘱托医嘱,
3,行业标准代码,CV06.00.229,医嘱项目类型代码,8,输血类医嘱,
3,行业标准代码,CV06.00.229,医嘱项目类型代码,99,其他医嘱,
3,行业标准代码,CV05.10.022,手术切口类别代码,1,0类切口,有手术，但体表无切口或腔镜手术切口
3,行业标准代码,CV05.10.022,手术切口类别代码,2,Ⅰ类切口,无菌切口
3,行业标准代码,CV05.10.022,手术切口类别代码,3,Ⅱ类切口,沾染切口
3,行业标准代码,CV05.10.022,手术切口类别代码,4,Ⅲ类切口,感染切口
3,行业标准代码,CV05.10.010,病情转归代码表,1,治愈,达到治愈标准或症状消失、功能恢复、创口愈合
3,行业标准代码,CV05.10.010,病情转归代码表,2,好转,达到好转标准或症状减轻、功能部分恢复、体征改善
3,行业标准代码,CV05.10.010,病情转归代码表,3,稳定,病情无明显变化或加重
3,行业标准代码,CV05.10.010,病情转归代码表,4,恶化,病情加重
3,行业标准代码,CV05.10.010,病情转归代码表,5,死亡,患者死亡
3,行业标准代码,CV05.10.010,病情转归代码表,6,无效,
3,行业标准代码,CV05.10.010,病情转归代码表,7,未治,
3,行业标准代码,CV05.10.010,病情转归代码表,8,未愈,
3,行业标准代码,CV05.10.010,病情转归代码表,9,其他,通常指非伤病而又需医学处置的情况
3,行业标准代码,CV06.00.227,操作部位代码表,1,双侧鼻孔,
3,行业标准代码,CV06.00.227,操作部位代码表,2,臀部,
3,行业标准代码,CV06.00.227,操作部位代码表,3,左臂,
3,行业标准代码,CV06.00.227,操作部位代码表,4,左前胸,
3,行业标准代码,CV06.00.227,操作部位代码表,5,左肘前窝,
3,行业标准代码,CV06.00.227,操作部位代码表,6,左三角肌,
3,行业标准代码,CV06.00.227,操作部位代码表,7,左耳,
3,行业标准代码,CV06.00.227,操作部位代码表,8,左外颈,
3,行业标准代码,CV06.00.227,操作部位代码表,9,左足,
3,行业标准代码,CV06.00.227,操作部位代码表,10,左臂中肌,
3,行业标准代码,CV06.00.227,操作部位代码表,11,左手,
3,行业标准代码,CV06.00.227,操作部位代码表,12,左内颈,
3,行业标准代码,CV06.00.227,操作部位代码表,13,左下腹,
3,行业标准代码,CV06.00.227,操作部位代码表,14,左下臂,
3,行业标准代码,CV06.00.227,操作部位代码表,15,左中臂,
3,行业标准代码,CV06.00.227,操作部位代码表,16,左侧鼻孔,
3,行业标准代码,CV06.00.227,操作部位代码表,17,左后胸,
3,行业标准代码,CV06.00.227,操作部位代码表,18,左锁骨下,
3,行业标准代码,CV06.00.227,操作部位代码表,19,左锁骨下,
3,行业标准代码,CV06.00.227,操作部位代码表,20,左上臂,
3,行业标准代码,CV06.00.227,操作部位代码表,21,左上腹,
3,行业标准代码,CV06.00.227,操作部位代码表,22,左腹侧臂肌,
3,行业标准代码,CV06.00.227,操作部位代码表,23,左股外肌,
3,行业标准代码,CV06.00.227,操作部位代码表,24,右眼,
3,行业标准代码,CV06.00.227,操作部位代码表,25,左眼,
3,行业标准代码,CV06.00.227,操作部位代码表,26,双眼,
3,行业标准代码,CV06.00.227,操作部位代码表,27,肛门,
3,行业标准代码,CV06.00.227,操作部位代码表,28,会阴,
3,行业标准代码,CV06.00.227,操作部位代码表,29,右臂,
3,行业标准代码,CV06.00.227,操作部位代码表,30,右前胸,
3,行业标准代码,CV06.00.227,操作部位代码表,31,右肘前窝,
3,行业标准代码,CV06.00.227,操作部位代码表,32,右侧三角肌,
3,行业标准代码,CV06.00.227,操作部位代码表,33,右耳,
3,行业标准代码,CV06.00.227,操作部位代码表,34,右外颈,
3,行业标准代码,CV06.00.227,操作部位代码表,35,右足,
3,行业标准代码,CV06.00.227,操作部位代码表,36,右臂中肌,
3,行业标准代码,CV06.00.227,操作部位代码表,37,右手,
3,行业标准代码,CV06.00.227,操作部位代码表,38,右内颈,
3,行业标准代码,CV06.00.227,操作部位代码表,39,右下腹,
3,行业标准代码,CV06.00.227,操作部位代码表,40,右下臂,
3,行业标准代码,CV06.00.227,操作部位代码表,41,右中臂,
3,行业标准代码,CV06.00.227,操作部位代码表,42,右后胸,
3,行业标准代码,CV06.00.227,操作部位代码表,43,右锁骨下,
3,行业标准代码,CV06.00.227,操作部位代码表,44,右大腿,
3,行业标准代码,CV06.00.227,操作部位代码表,45,右上臂,
3,行业标准代码,CV06.00.227,操作部位代码表,46,右上腹,
3,行业标准代码,CV06.00.227,操作部位代码表,47,右腹侧臂肌,
3,行业标准代码,CV06.00.227,操作部位代码表,48,右股外侧肌,
3,行业标准代码,CV06.00.227,操作部位代码表,99,其他,
3,行业标准代码,CV06.00.103,麻醉方法代码表,0,有手术无麻醉,
3,行业标准代码,CV06.00.103,麻醉方法代码表,1,全身麻醉,用麻醉剂使全身处于麻醉状态
3,行业标准代码,CV06.00.103,麻醉方法代码表,11,吸入麻醉,用吸入麻醉剂的方法使全身处于麻醉状态
3,行业标准代码,CV06.00.103,麻醉方法代码表,12,静脉麻醉,经静脉注入麻醉剂使全身处于麻醉状态
3,行业标准代码,CV06.00.103,麻醉方法代码表,13,基础麻醉,麻醉前先使患者神志消失的方法
3,行业标准代码,CV06.00.103,麻醉方法代码表,2,椎管内麻醉,将麻醉药注入椎管内达到局部麻醉效果的方法
3,行业标准代码,CV06.00.103,麻醉方法代码表,21,蛛网膜下腔阻滞麻醉法,将麻醉药注入蛛网膜下腔达到局部麻醉效果的方法
3,行业标准代码,CV06.00.103,麻醉方法代码表,22,硬脊膜外腔阻滞麻醉,将麻醉药注入硬脊膜外腔产生局部麻醉效果的方法
3,行业标准代码,CV06.00.103,麻醉方法代码表,3,局部麻醉,将麻醉药直接注入施行手术的组织内或手术部位周围的麻醉方法
3,行业标准代码,CV06.00.103,麻醉方法代码表,31,神经丛阻滞麻醉,将局部麻醉药注射于神经丛附近，使通过神经丛的神经及其所分布的区域产生局部麻醉的方法
3,行业标准代码,CV06.00.103,麻醉方法代码表,32,神经节阻滞麻醉,将局部麻醉药注射于神经节附近，使通过神经节的神经及其所分布的区域产生局部麻醉的方法
3,行业标准代码,CV06.00.103,麻醉方法代码表,33,神经阻滞麻醉,将局麻药物注射于神经干的周围，使该神经分布的区域产生麻醉作用的方法
3,行业标准代码,CV06.00.103,麻醉方法代码表,34,区域阻滞麻醉,将局麻药注射于手术野外周，使通往手术野以及由手术野传出的神经末梢皆受到阻滞的局部麻醉方法
3,行业标准代码,CV06.00.103,麻醉方法代码表,35,局部浸润麻醉,将局麻药沿手术切口线分层注入组织内，以阻滞组织中的神经末梢的麻醉方法
3,行业标准代码,CV06.00.103,麻醉方法代码表,36,表面麻醉,将麻醉药直接与黏膜或皮肤接触，使支配该部分黏膜或皮肤内的神经末梢被阻滞的麻醉方法
3,行业标准代码,CV06.00.103,麻醉方法代码表,4,针刺麻醉,中医针刺镇痛
3,行业标准代码,CV06.00.103,麻醉方法代码表,5,复合麻醉,用一种以上药物或采用多种麻醉方法以增强麻醉效果
3,行业标准代码,CV06.00.103,麻醉方法代码表,51,静吸复合全麻,静脉麻醉和吸入麻醉共同作用产生麻醉效果
3,行业标准代码,CV06.00.103,麻醉方法代码表,52,针药复合麻醉,针刺麻醉和药物麻醉共同作用产生麻醉效果
3,行业标准代码,CV06.00.103,麻醉方法代码表,53,神经丛与硬膜外阻滞复合麻醉,神经丛阻滞麻醉和硬脊膜外腔阻滞麻醉共同作用产生麻醉效果
3,行业标准代码,CV06.00.103,麻醉方法代码表,54,全麻复合全身降温,在全身麻醉的同时主动降低患者体温
3,行业标准代码,CV06.00.103,麻醉方法代码表,55,全麻复合控制性降压,在全身麻醉的同时降低患者的血压
3,行业标准代码,CV06.00.103,麻醉方法代码表,5X,复合麻醉扩充内容,增补的复合麻醉方法
3,行业标准代码,CV06.00.103,麻醉方法代码表,6,硬膜外麻,
3,行业标准代码,CV06.00.103,麻醉方法代码表,X,麻醉方法扩充内容,增补的麻醉方法
3,行业标准代码,CV06.00.103,麻醉方法代码表,9,其他麻醉方法,以上未提及的其他麻醉方法
3,行业标准代码,CV02.01.102,出生(分娩)地点类别代码,1,医院,WS364.3-2023
3,行业标准代码,CV02.01.102,出生(分娩)地点类别代码,11,省(市)级医院,WS364.3-2023
3,行业标准代码,CV02.01.102,出生(分娩)地点类别代码,12,县(区)级医院,WS364.3-2023
3,行业标准代码,CV02.01.102,出生(分娩)地点类别代码,2,妇幼保健院,WS364.3-2023
3,行业标准代码,CV02.01.102,出生(分娩)地点类别代码,3,乡(街道)卫生机构,WS364.3-2023
3,行业标准代码,CV02.01.102,出生(分娩)地点类别代码,4,村(诊所)卫生机构,WS364.3-2023
3,行业标准代码,CV02.01.102,出生(分娩)地点类别代码,5,途中,WS364.3-2023
3,行业标准代码,CV02.01.102,出生(分娩)地点类别代码,6,家庭(家中),WS364.3-2023
3,行业标准代码,CV02.01.102,出生(分娩)地点类别代码,9,其他,WS364.3-2023
3,行业标准代码,CV02.01.201,血缘关系代码,1,无血缘关系,
3,行业标准代码,CV02.01.201,血缘关系代码,2,直系血缘关系,
3,行业标准代码,CV02.01.201,血缘关系代码,3,三代以内的旁系血缘关系,
3,行业标准代码,CV02.01.201,血缘关系代码,4,三代以外的旁系血缘关系,
3,行业标准代码,CV02.01.201,血缘关系代码,5,不详,
3,行业标准代码,CV02.01.201,血缘关系代码,9,其他,
3,行业标准代码,CV5501.14,手术切口愈合等级,0,有手术，但体表无切口或腔镜手术切口,
3,行业标准代码,CV5501.14,手术切口愈合等级,1,甲,
3,行业标准代码,CV5501.14,手术切口愈合等级,2,乙,
3,行业标准代码,CV5501.14,手术切口愈合等级,3,丙,
3,行业标准代码,CV5501.14,手术切口愈合等级,4,其他,
3,行业标准代码,CV5501.14,手术切口愈合等级,11,I/甲,
3,行业标准代码,CV5501.14,手术切口愈合等级,12,I/乙,
3,行业标准代码,CV5501.14,手术切口愈合等级,13,I/丙,
3,行业标准代码,CV5501.14,手术切口愈合等级,14,I/其他,
3,行业标准代码,CV5501.14,手术切口愈合等级,21,II/甲,
3,行业标准代码,CV5501.14,手术切口愈合等级,22,II/乙,
3,行业标准代码,CV5501.14,手术切口愈合等级,23,II/丙,
3,行业标准代码,CV5501.14,手术切口愈合等级,24,II/其他,
3,行业标准代码,CV5501.14,手术切口愈合等级,31,III/甲,
3,行业标准代码,CV5501.14,手术切口愈合等级,32,III/乙,
3,行业标准代码,CV5501.14,手术切口愈合等级,33,III/丙,
3,行业标准代码,CV5501.14,手术切口愈合等级,34,III/其他,
3,行业标准代码,CV04.50.019,阴道分泌物检查结果代码表,1,未见异常,
3,行业标准代码,CV04.50.019,阴道分泌物检查结果代码表,2,滴虫,
3,行业标准代码,CV04.50.019,阴道分泌物检查结果代码表,3,假丝酵母菌,
3,行业标准代码,CV04.50.019,阴道分泌物检查结果代码表,9,其他,
3,行业标准代码,CV04.50.010,阴道分泌物清洁度代码,1,Ⅰ度,
3,行业标准代码,CV04.50.010,阴道分泌物清洁度代码,2,Ⅱ度,
3,行业标准代码,CV04.50.010,阴道分泌物清洁度代码,3,Ⅲ度,
3,行业标准代码,CV04.50.010,阴道分泌物清洁度代码,4,Ⅳ度,
3,行业标准代码,CV05.10.006,儿童生长发育评价结果代码,1,上,WS 364.11-2011
3,行业标准代码,CV05.10.006,儿童生长发育评价结果代码,2,中,WS 364.11-2011
3,行业标准代码,CV05.10.006,儿童生长发育评价结果代码,21,中上,WS 364.11-2011
3,行业标准代码,CV05.10.006,儿童生长发育评价结果代码,22,中偏上,WS 364.11-2011
3,行业标准代码,CV05.10.006,儿童生长发育评价结果代码,23,中偏下,WS 364.11-2011
3,行业标准代码,CV05.10.006,儿童生长发育评价结果代码,24,中下,WS 364.11-2011
3,行业标准代码,CV05.10.006,儿童生长发育评价结果代码,3,下,WS 364.11-2011
3,行业标准代码,CV04.10.021,可疑佝偻病症状代码,1,无,
3,行业标准代码,CV04.10.021,可疑佝偻病症状代码,2,夜惊,
3,行业标准代码,CV04.10.021,可疑佝偻病症状代码,3,多汗,
3,行业标准代码,CV04.10.021,可疑佝偻病症状代码,4,烦躁,
3,行业标准代码,CV04.10.021,可疑佝偻病症状代码,9,其他,
3,行业标准代码,CV06.00.217,儿童健康指导类别代码,1,科学喂养,WS 364.12—2011
3,行业标准代码,CV06.00.217,儿童健康指导类别代码,2,合理膳食,WS 364.12—2011
3,行业标准代码,CV06.00.217,儿童健康指导类别代码,3,生长发育,WS 364.12—2011
3,行业标准代码,CV06.00.217,儿童健康指导类别代码,4,疾病预防,WS 364.12—2011
3,行业标准代码,CV06.00.217,儿童健康指导类别代码,5,预防意外伤害,WS 364.12—2011
3,行业标准代码,CV06.00.217,儿童健康指导类别代码,6,口腔保健,WS 364.12—2011
3,行业标准代码,CV06.00.217,儿童健康指导类别代码,9,其他,WS 364.12—2011
3,行业标准代码,CV04.50.006,采血方式代码,1,针刺采血,
3,行业标准代码,CV04.50.006,采血方式代码,2,静脉采血,
3,行业标准代码,CV04.50.006,采血方式代码,3,动脉采血,
3,行业标准代码,CV04.50.006,采血方式代码,4,伤口采血,
3,行业标准代码,CV04.50.006,采血方式代码,9,其他,
3,行业标准代码,CV04.50.007,采血部位代码,1,足跟,
3,行业标准代码,CV04.50.007,采血部位代码,2,手指,
3,行业标准代码,CV04.50.007,采血部位代码,3,股静脉,
3,行业标准代码,CV04.50.007,采血部位代码,4,颈静脉,
3,行业标准代码,CV04.50.007,采血部位代码,5,脐静脉,
3,行业标准代码,CV04.50.007,采血部位代码,6,桡静脉,
3,行业标准代码,CV04.50.007,采血部位代码,9,其他,
3,行业标准代码,CV04.50.009,新生儿疾病筛查方法代码,1,酶免疫分析法,
3,行业标准代码,CV04.50.009,新生儿疾病筛查方法代码,2,放射免疫分析法,
3,行业标准代码,CV04.50.009,新生儿疾病筛查方法代码,3,免疫放射法,
3,行业标准代码,CV04.50.009,新生儿疾病筛查方法代码,4,时间分辨荧光免疫分析法,
3,行业标准代码,CV04.50.009,新生儿疾病筛查方法代码,5,酶荧光免疫分析法,
3,行业标准代码,CV04.50.009,新生儿疾病筛查方法代码,6,细菌抑制法,
3,行业标准代码,CV04.50.009,新生儿疾病筛查方法代码,9,其他,
3,行业标准代码,CV09.00.301,检查结果通知形式代码表,1,自取,
3,行业标准代码,CV09.00.301,检查结果通知形式代码表,2,电话,
3,行业标准代码,CV09.00.301,检查结果通知形式代码表,3,函件,
3,行业标准代码,CV09.00.301,检查结果通知形式代码表,4,电子邮件,
3,行业标准代码,CV09.00.301,检查结果通知形式代码表,5,短信,
3,行业标准代码,CV09.00.301,检查结果通知形式代码表,9,其他,
3,行业标准代码,CV05.01.039,5岁以下儿童死因分类代码,1,痢疾,WS 364.10-2011
3,行业标准代码,CV05.01.039,5岁以下儿童死因分类代码,2,败血症,WS 364.10-2011
3,行业标准代码,CV05.01.039,5岁以下儿童死因分类代码,3,麻疹,WS 364.10-2011
3,行业标准代码,CV05.01.039,5岁以下儿童死因分类代码,4,结核,WS 364.10-2011
3,行业标准代码,CV05.01.039,5岁以下儿童死因分类代码,5,其他传染病和寄生虫病,WS 364.10-2011
3,行业标准代码,CV05.01.039,5岁以下儿童死因分类代码,6,白血病,WS 364.10-2011
3,行业标准代码,CV05.01.039,5岁以下儿童死因分类代码,7,其他肿瘤,WS 364.10-2011
3,行业标准代码,CV05.01.039,5岁以下儿童死因分类代码,8,脑膜炎,WS 364.10-2011
3,行业标准代码,CV05.01.039,5岁以下儿童死因分类代码,9,其他神经系统疾病,WS 364.10-2011
3,行业标准代码,CV05.01.039,5岁以下儿童死因分类代码,10,肺炎,WS 364.10-2011
3,行业标准代码,CV05.01.039,5岁以下儿童死因分类代码,11,其他呼吸系统疾病,WS 364.10-2011
3,行业标准代码,CV05.01.039,5岁以下儿童死因分类代码,12,腹泻,WS 364.10-2011
3,行业标准代码,CV05.01.039,5岁以下儿童死因分类代码,13,其他消化系统疾病,WS 364.10-2011
3,行业标准代码,CV05.01.039,5岁以下儿童死因分类代码,14,先天性心脏病,WS 364.10-2011
3,行业标准代码,CV05.01.039,5岁以下儿童死因分类代码,15,神经管畸形,WS 364.10-2011
3,行业标准代码,CV05.01.039,5岁以下儿童死因分类代码,16,先天愚型,WS 364.10-2011
3,行业标准代码,CV05.01.039,5岁以下儿童死因分类代码,17,其他先天异常,WS 364.10-2011
3,行业标准代码,CV05.01.039,5岁以下儿童死因分类代码,18,早产或低出生体重,WS 364.10-2011
3,行业标准代码,CV05.01.039,5岁以下儿童死因分类代码,19,出生窒息,WS 364.10-2011
3,行业标准代码,CV05.01.039,5岁以下儿童死因分类代码,20,新生儿破伤风,WS 364.10-2011
3,行业标准代码,CV05.01.039,5岁以下儿童死因分类代码,21,新生儿硬肿症,WS 364.10-2011
3,行业标准代码,CV05.01.039,5岁以下儿童死因分类代码,22,颅内出血,WS 364.10-2011
3,行业标准代码,CV05.01.039,5岁以下儿童死因分类代码,23,其他新生儿病,WS 364.10-2011
3,行业标准代码,CV05.01.039,5岁以下儿童死因分类代码,24,溺水,WS 364.10-2011
3,行业标准代码,CV05.01.039,5岁以下儿童死因分类代码,25,交通意外,WS 364.10-2011
3,行业标准代码,CV05.01.039,5岁以下儿童死因分类代码,26,意外窒息,WS 364.10-2011
3,行业标准代码,CV05.01.039,5岁以下儿童死因分类代码,27,意外中毒,WS 364.10-2011
3,行业标准代码,CV05.01.039,5岁以下儿童死因分类代码,28,意外跌落,WS 364.10-2011
3,行业标准代码,CV05.01.039,5岁以下儿童死因分类代码,29,其他意外,WS 364.10-2011
3,行业标准代码,CV05.01.039,5岁以下儿童死因分类代码,30,内分泌、营养及代谢疾病,WS 364.10-2011
3,行业标准代码,CV05.01.039,5岁以下儿童死因分类代码,31,血液及造血器官疾病,WS 364.10-2011
3,行业标准代码,CV05.01.039,5岁以下儿童死因分类代码,32,循环系统疾病,WS 364.10-2011
3,行业标准代码,CV05.01.039,5岁以下儿童死因分类代码,33,泌尿系统疾病,WS 364.10-2011
3,行业标准代码,CV05.01.039,5岁以下儿童死因分类代码,34,诊断不明,WS 364.10-2011
3,行业标准代码,CV05.01.039,5岁以下儿童死因分类代码,99,其他,WS 364.10-2011
3,行业标准代码,CV5502.20,疾病诊断类别代码,1,出院诊断,住院期间所发现并明确的一切疾病诊断及伤残名称。
3,行业标准代码,CV5502.20,疾病诊断类别代码,2,门诊诊断,在门诊、所下诊断，含疗养的接诊诊断
3,行业标准代码,CV5502.20,疾病诊断类别代码,3,入院初步诊断,入院后首次诊断
3,行业标准代码,CV5502.20,疾病诊断类别代码,4,术前诊断,
3,行业标准代码,CV5502.20,疾病诊断类别代码,5,术后诊断,
3,行业标准代码,CV5502.20,疾病诊断类别代码,6,尸检诊断,死亡患者的尸检诊断
3,行业标准代码,CV5502.20,疾病诊断类别代码,7,放射诊断,放射线检查明确的诊断
3,行业标准代码,CV5502.20,疾病诊断类别代码,8,超声诊断,超声波检查明确的诊断
3,行业标准代码,CV5502.20,疾病诊断类别代码,9,病理诊断,病理组织学检查明确的诊断
3,行业标准代码,CV5502.20,疾病诊断类别代码,10,并发症诊断,在已患疾病的基础上发生的病症
3,行业标准代码,CV5502.20,疾病诊断类别代码,11,院内感染诊断,入院48小时以上，由于病原体侵入而发生的各种病症
3,行业标准代码,CV5502.20,疾病诊断类别代码,12,主要诊断,一次就医或住院的主要原因
3,行业标准代码,CV5502.20,疾病诊断类别代码,13,次要诊断,一次就医或住院伴随主要诊断的疾病
3,行业标准代码,CV5502.20,疾病诊断类别代码,99,其他,无法按上述类别归类
3,行业标准代码,CV5502.21,中医疾病诊断类别代码,1,门诊中医诊断病名,指患者在门诊或急诊确定的中医诊断病名
3,行业标准代码,CV5502.21,中医疾病诊断类别代码,2,入院中医诊断病名,指患者在住院后第一次确定的中医诊断病名
3,行业标准代码,CV5502.21,中医疾病诊断类别代码,3,出院中医诊断病名,指患者在住院期间经治医师确定的最后中医诊断病名
3,行业标准代码,CV5502.21,中医疾病诊断类别代码,4,门诊中医诊断证候,指患者在门诊或急诊确定的中医诊断证候
3,行业标准代码,CV5502.21,中医疾病诊断类别代码,5,入院中医诊断证候,指患者在住院后第一次确定的中医诊断证候
3,行业标准代码,CV5502.21,中医疾病诊断类别代码,6,出院中医诊断证候,指患者在住院期间经治医师确定的最后中医诊断证候
3,行业标准代码,CV08.10.004,主要致死疾病的最高诊断机构级别代码,1,省级(市)医院,
3,行业标准代码,CV08.10.004,主要致死疾病的最高诊断机构级别代码,2,地区级(市)医院,
3,行业标准代码,CV08.10.004,主要致死疾病的最高诊断机构级别代码,3,县级(区)医院,
3,行业标准代码,CV08.10.004,主要致死疾病的最高诊断机构级别代码,4,乡镇卫生院(社区服务中心),
3,行业标准代码,CV08.10.004,主要致死疾病的最高诊断机构级别代码,5,村卫生室(社区服务站),
3,行业标准代码,CV08.10.004,主要致死疾病的最高诊断机构级别代码,6,未就诊,
3,行业标准代码,CV08.10.004,主要致死疾病的最高诊断机构级别代码,7,不详,
3,行业标准代码,CV08.10.004,主要致死疾病的最高诊断机构级别代码,99,其他,
3,行业标准代码,CV05.10.015,5岁以下儿童未治疗或未就医原因代码表,1,经济因难,WS 364.11-2011
3,行业标准代码,CV05.10.015,5岁以下儿童未治疗或未就医原因代码表,2,交通不便,WS 364.11-2011
3,行业标准代码,CV05.10.015,5岁以下儿童未治疗或未就医原因代码表,3,来不及送医院,WS 364.11-2011
3,行业标准代码,CV05.10.015,5岁以下儿童未治疗或未就医原因代码表,4,家长认为病情不严重,WS 364.11-2011
3,行业标准代码,CV05.10.015,5岁以下儿童未治疗或未就医原因代码表,5,风俗习惯,WS 364.11-2011
3,行业标准代码,CV05.10.015,5岁以下儿童未治疗或未就医原因代码表,9,其他,WS 364.11-2011
3,行业标准代码,CV05.01.037,死亡最高诊断依据类别代码,1,尸检,医疗机构的尸体解剖及公安部门的尸解/尸检
3,行业标准代码,CV05.01.037,死亡最高诊断依据类别代码,2,病理,包括活体脱落细胞学检查及组织检查等病理检查
3,行业标准代码,CV05.01.037,死亡最高诊断依据类别代码,3,手术,以手术为诊断依据而未进行理化检查
3,行业标准代码,CV05.01.037,死亡最高诊断依据类别代码,4,临床+理化,包括B超、X光、心电图等特殊检查
3,行业标准代码,CV05.01.037,死亡最高诊断依据类别代码,5,临床,以临床检查为诊断依据而未进行理化检查
3,行业标准代码,CV05.01.037,死亡最高诊断依据类别代码,6,死后推断,"生前无任何疾病诊断,根据调查后推断死因"
3,行业标准代码,CV05.01.037,死亡最高诊断依据类别代码,7,不详,
3,行业标准代码,CV04.10.001,附件检查结果代码,1,正常,
3,行业标准代码,CV04.10.001,附件检查结果代码,2,缺失,
3,行业标准代码,CV04.10.001,附件检查结果代码,3,增厚,
3,行业标准代码,CV04.10.001,附件检查结果代码,4,包块,
3,行业标准代码,CV04.10.001,附件检查结果代码,5,压痛,
3,行业标准代码,CV04.10.001,附件检查结果代码,9,其他,
3,行业标准代码,CV04.10.003,妇科检查方式代码,1,外阴部检查,
3,行业标准代码,CV04.10.003,妇科检查方式代码,2,阴道窥器检查,
3,行业标准代码,CV04.10.003,妇科检查方式代码,3,双合诊,
3,行业标准代码,CV04.10.003,妇科检查方式代码,4,三合诊,
3,行业标准代码,CV04.10.003,妇科检查方式代码,5,直肠-腹部诊,
3,行业标准代码,CV04.10.003,妇科检查方式代码,9,其他,
3,行业标准代码,CV05.10.005,婚前医学检查结果代码,1,未发现医学上不宜结婚的异常情况和疾病,WS 364.11-2011
3,行业标准代码,CV05.10.005,婚前医学检查结果代码,2,患有在传染期内的指定传染病,WS 364.11-2011
3,行业标准代码,CV05.10.005,婚前医学检查结果代码,3,患有在发病期内的有关精神病,WS 364.11-2011
3,行业标准代码,CV05.10.005,婚前医学检查结果代码,4,患有不宜生育的严重遗传性疾病或其他重要器官疾病,WS 364.11-2011
3,行业标准代码,CV05.10.005,婚前医学检查结果代码,9,患有医学上认为不宜结婚的疾病,WS 364.11-2011
3,行业标准代码,CV06.00.210,婚检医学意见代码,1,未发现医学上不宜结婚的情形,
3,行业标准代码,CV06.00.210,婚检医学意见代码,2,建议暂缓结婚,
3,行业标准代码,CV06.00.210,婚检医学意见代码,3,建议不宜生育,
3,行业标准代码,CV06.00.210,婚检医学意见代码,4,建议不宜结婚,
3,行业标准代码,CV06.00.210,婚检医学意见代码,5,建议采取医学措施、尊重受检者意愿,
3,行业标准代码,CV02.10.002,妊娠终止方式代码,1,自然流产,
3,行业标准代码,CV02.10.002,妊娠终止方式代码,2,人工流产,
3,行业标准代码,CV02.10.002,妊娠终止方式代码,21,负压吸引、钳刮术流产,
3,行业标准代码,CV02.10.002,妊娠终止方式代码,22,药物流产,
3,行业标准代码,CV02.10.002,妊娠终止方式代码,3,阴道自然分娩,
3,行业标准代码,CV02.10.002,妊娠终止方式代码,31,会阴切开,
3,行业标准代码,CV02.10.002,妊娠终止方式代码,32,会阴未切,
3,行业标准代码,CV02.10.002,妊娠终止方式代码,4,阴道手术助产,
3,行业标准代码,CV02.10.002,妊娠终止方式代码,41,产钳助产,
3,行业标准代码,CV02.10.002,妊娠终止方式代码,42,臀位助产,
3,行业标准代码,CV02.10.002,妊娠终止方式代码,43,胎头吸引,
3,行业标准代码,CV02.10.002,妊娠终止方式代码,49,其他阴道手术助产,
3,行业标准代码,CV02.10.002,妊娠终止方式代码,5,剖宫产,
3,行业标准代码,CV02.10.002,妊娠终止方式代码,51,子宫下段横切口剖宫产,
3,行业标准代码,CV02.10.002,妊娠终止方式代码,52,子宫体剖宫产,
3,行业标准代码,CV02.10.002,妊娠终止方式代码,53,腹膜外剖宫产,
3,行业标准代码,CV02.10.002,妊娠终止方式代码,9,其他,
3,行业标准代码,CV04.01.001,妇科及乳腺不适症状代码,1,无,
3,行业标准代码,CV04.01.001,妇科及乳腺不适症状代码,2,外阴瘙痒,
3,行业标准代码,CV04.01.001,妇科及乳腺不适症状代码,3,白带异常,
3,行业标准代码,CV04.01.001,妇科及乳腺不适症状代码,4,宫颈触血,
3,行业标准代码,CV04.01.001,妇科及乳腺不适症状代码,5,下腹不适,
3,行业标准代码,CV04.01.001,妇科及乳腺不适症状代码,6,情绪改变,
3,行业标准代码,CV04.01.001,妇科及乳腺不适症状代码,7,潮热出汗,
3,行业标准代码,CV04.01.001,妇科及乳腺不适症状代码,8,月经不规律,
3,行业标准代码,CV04.01.001,妇科及乳腺不适症状代码,9,失眠,
3,行业标准代码,CV04.01.001,妇科及乳腺不适症状代码,10,乳房疼痛,
3,行业标准代码,CV04.01.001,妇科及乳腺不适症状代码,11,乳腺肿块,
3,行业标准代码,CV04.01.001,妇科及乳腺不适症状代码,12,乳腺异常泌乳,
3,行业标准代码,CV04.01.001,妇科及乳腺不适症状代码,13,性交出血,
3,行业标准代码,CV04.01.001,妇科及乳腺不适症状代码,14,性交疼痛,
3,行业标准代码,CV04.01.001,妇科及乳腺不适症状代码,15,绝经后阴道出血,
3,行业标准代码,CV04.01.001,妇科及乳腺不适症状代码,99,其他,
3,行业标准代码,CV06.00.104,宫内节育器放置时期代码,1,月经干净后,
3,行业标准代码,CV06.00.104,宫内节育器放置时期代码,2,行经期,
3,行业标准代码,CV06.00.104,宫内节育器放置时期代码,3,阴道分娩时,
3,行业标准代码,CV06.00.104,宫内节育器放置时期代码,4,剖宫产时,
3,行业标准代码,CV06.00.104,宫内节育器放置时期代码,5,产后恶露净,
3,行业标准代码,CV06.00.104,宫内节育器放置时期代码,6,产后恶露未净,
3,行业标准代码,CV06.00.104,宫内节育器放置时期代码,7,人流吸宫术后,
3,行业标准代码,CV06.00.104,宫内节育器放置时期代码,8,钳刮术后,
3,行业标准代码,CV06.00.104,宫内节育器放置时期代码,9,中期引产清宫术后,
3,行业标准代码,CV06.00.104,宫内节育器放置时期代码,99,其他,
3,行业标准代码,CV08.50.101,宫内节育器种类代码,1,带铜宫形宫内节育器,
3,行业标准代码,CV08.50.101,宫内节育器种类代码,2,带铜T形宫内节育器,
3,行业标准代码,CV08.50.101,宫内节育器种类代码,3,吉妮宫内节育器,
3,行业标准代码,CV08.50.101,宫内节育器种类代码,4,母体乐宫内节育器,
3,行业标准代码,CV08.50.101,宫内节育器种类代码,5,活性γ型宫内节育器,
3,行业标准代码,CV08.50.101,宫内节育器种类代码,6,吲哚美辛-VCu200宫内节育器,
3,行业标准代码,CV08.50.101,宫内节育器种类代码,7,药铜环165宫内节育器,
3,行业标准代码,CV08.50.101,宫内节育器种类代码,8,左炔诺孕酮宫内节育器,
3,行业标准代码,CV08.50.101,宫内节育器种类代码,99,其他,
3,行业标准代码,CV06.00.105,皮下埋植剂埋植时期代码,1,经期,
3,行业标准代码,CV06.00.105,皮下埋植剂埋植时期代码,2,哺乳闭经,
3,行业标准代码,CV06.00.105,皮下埋植剂埋植时期代码,3,人流后即时,
3,行业标准代码,CV06.00.105,皮下埋植剂埋植时期代码,9,其他,
3,行业标准代码,CV06.00.106,输卵管结扎手术方式代码,1,近端包埋法,
3,行业标准代码,CV06.00.106,输卵管结扎手术方式代码,2,银夹法,
3,行业标准代码,CV06.00.106,输卵管结扎手术方式代码,3,改良普氏法,
3,行业标准代码,CV06.00.106,输卵管结扎手术方式代码,9,其他,
3,行业标准代码,CV06.00.107,输卵管结扎部位代码,1,伞部,
3,行业标准代码,CV06.00.107,输卵管结扎部位代码,2,壶腹部,
3,行业标准代码,CV06.00.107,输卵管结扎部位代码,3,峡部,
3,行业标准代码,CV06.00.107,输卵管结扎部位代码,4,间质部,
3,行业标准代码,CV06.00.107,输卵管结扎部位代码,9,其他,
3,行业标准代码,CV04.10.002,子宫大小代码,1,正常,
3,行业标准代码,CV04.10.002,子宫大小代码,2,增大,
3,行业标准代码,CV04.10.002,子宫大小代码,3,缩小,
3,行业标准代码,CV04.10.002,子宫大小代码,9,其他,
3,行业标准代码,CV02.10.005,既往常见疾病种类代码表,1,无,
3,行业标准代码,CV02.10.005,既往常见疾病种类代码表,2,高血压,
3,行业标准代码,CV02.10.005,既往常见疾病种类代码表,3,糖尿病,
3,行业标准代码,CV02.10.005,既往常见疾病种类代码表,4,心脏病,
3,行业标准代码,CV02.10.005,既往常见疾病种类代码表,5,慢性阻塞性肺疾病,
3,行业标准代码,CV02.10.005,既往常见疾病种类代码表,6,肿瘤,
3,行业标准代码,CV02.10.005,既往常见疾病种类代码表,7,脑卒中,
3,行业标准代码,CV02.10.005,既往常见疾病种类代码表,8,甲状腺病,
3,行业标准代码,CV02.10.005,既往常见疾病种类代码表,9,精神心理疾患,
3,行业标准代码,CV02.10.005,既往常见疾病种类代码表,10,结核病,
3,行业标准代码,CV02.10.005,既往常见疾病种类代码表,11,肝脏疾病,
3,行业标准代码,CV02.10.005,既往常见疾病种类代码表,12,先天畸形,
3,行业标准代码,CV02.10.005,既往常见疾病种类代码表,13,职业病,
3,行业标准代码,CV02.10.005,既往常见疾病种类代码表,14,肾脏疾病,
3,行业标准代码,CV02.10.005,既往常见疾病种类代码表,15,贫血,
3,行业标准代码,CV02.10.005,既往常见疾病种类代码表,16,乙型肝炎,
3,行业标准代码,CV02.10.005,既往常见疾病种类代码表,17,淋病/梅毒/衣原体感染等,
3,行业标准代码,CV02.10.005,既往常见疾病种类代码表,18,癫痫,
3,行业标准代码,CV02.10.005,既往常见疾病种类代码表,98,其他法定传染病,
3,行业标准代码,CV02.10.005,既往常见疾病种类代码表,99,其他,
3,行业标准代码,CV03.00.403,接触有害因素类别代码表,1,饮酒,
3,行业标准代码,CV03.00.403,接触有害因素类别代码表,2,吸烟,
3,行业标准代码,CV03.00.403,接触有害因素类别代码表,3,放射线,
3,行业标准代码,CV03.00.403,接触有害因素类别代码表,4,化学制剂,
3,行业标准代码,CV03.00.403,接触有害因素类别代码表,5,农药,
3,行业标准代码,CV03.00.403,接触有害因素类别代码表,6,服用药物,
3,行业标准代码,CV03.00.403,接触有害因素类别代码表,7,噪音,
3,行业标准代码,CV03.00.403,接触有害因素类别代码表,8,高温,
3,行业标准代码,CV03.00.403,接触有害因素类别代码表,9,密切接触猫狗等家畜、宠物,
3,行业标准代码,CV03.00.403,接触有害因素类别代码表,10,振动,
3,行业标准代码,CV03.00.403,接触有害因素类别代码表,11,重金属（铅、汞等）,
3,行业标准代码,CV03.00.403,接触有害因素类别代码表,99,其他,
3,行业标准代码,CV05.01.007,胎方位代码表,1,左枕前（LOA）,
3,行业标准代码,CV05.01.007,胎方位代码表,2,右枕前（ROA）,
3,行业标准代码,CV05.01.007,胎方位代码表,3,左枕后（LOP）,
3,行业标准代码,CV05.01.007,胎方位代码表,4,右枕后（ROP）,
3,行业标准代码,CV05.01.007,胎方位代码表,5,左枕横（LOT）,
3,行业标准代码,CV05.01.007,胎方位代码表,6,右枕横（ROT）,
3,行业标准代码,CV05.01.007,胎方位代码表,7,左颏前（LMA）,
3,行业标准代码,CV05.01.007,胎方位代码表,8,右颏前（RMA）,
3,行业标准代码,CV05.01.007,胎方位代码表,9,左颏后（LMP）,
3,行业标准代码,CV05.01.007,胎方位代码表,10,右颏后（RMP）,
3,行业标准代码,CV05.01.007,胎方位代码表,11,左颏横（LMT）,
3,行业标准代码,CV05.01.007,胎方位代码表,12,右颏横（RMT）,
3,行业标准代码,CV05.01.007,胎方位代码表,13,左骶前（LSA）,
3,行业标准代码,CV05.01.007,胎方位代码表,14,右骶前（RSA）,
3,行业标准代码,CV05.01.007,胎方位代码表,15,左骶后（LSP）,
3,行业标准代码,CV05.01.007,胎方位代码表,16,右骶后（RSP）,
3,行业标准代码,CV05.01.007,胎方位代码表,17,左骶横（LST）,
3,行业标准代码,CV05.01.007,胎方位代码表,18,右骶横（RST）,
3,行业标准代码,CV05.01.007,胎方位代码表,19,左肩前（LScA）,
3,行业标准代码,CV05.01.007,胎方位代码表,20,右肩前（RscA）,
3,行业标准代码,CV05.01.007,胎方位代码表,21,左肩后（LScP）,
3,行业标准代码,CV05.01.007,胎方位代码表,22,右肩后（RScP）,
3,行业标准代码,CV05.01.007,胎方位代码表,99,不详,
3,行业标准代码,CV04.50.015,尿实验室定性检测结果代码,1,-,
3,行业标准代码,CV04.50.015,尿实验室定性检测结果代码,2,士,
3,行业标准代码,CV04.50.015,尿实验室定性检测结果代码,3,+,
3,行业标准代码,CV04.50.015,尿实验室定性检测结果代码,4,++,
3,行业标准代码,CV04.50.015,尿实验室定性检测结果代码,5,+++,
3,行业标准代码,CV04.50.015,尿实验室定性检测结果代码,6,++++,
3,行业标准代码,CV04.50.015,尿实验室定性检测结果代码,7,十+++以上,
3,行业标准代码,CV06.00.219,孕产妇健康指导类别代码,1,个人卫生,
3,行业标准代码,CV06.00.219,孕产妇健康指导类别代码,2,心理,
3,行业标准代码,CV06.00.219,孕产妇健康指导类别代码,3,膳食营养,
3,行业标准代码,CV06.00.219,孕产妇健康指导类别代码,4,避免致畸因素和疾病对胚胎的不良影响,
3,行业标准代码,CV06.00.219,孕产妇健康指导类别代码,5,产前筛查宣传告知,
3,行业标准代码,CV06.00.219,孕产妇健康指导类别代码,6,运动,
3,行业标准代码,CV06.00.219,孕产妇健康指导类别代码,7,自我监测,
3,行业标准代码,CV06.00.219,孕产妇健康指导类别代码,8,分娩准备,
3,行业标准代码,CV06.00.219,孕产妇健康指导类别代码,9,母乳喂养,
3,行业标准代码,CV06.00.219,孕产妇健康指导类别代码,10,新生儿护理与喂养,
3,行业标准代码,CV06.00.219,孕产妇健康指导类别代码,11,婴儿喂养与营养,
3,行业标准代码,CV06.00.219,孕产妇健康指导类别代码,12,性保健,
3,行业标准代码,CV06.00.219,孕产妇健康指导类别代码,13,避孕,
3,行业标准代码,CV06.00.219,孕产妇健康指导类别代码,99,其他,
3,行业标准代码,CV05.01.010,会阴裂伤情况代码表,1,无裂伤,
3,行业标准代码,CV05.01.010,会阴裂伤情况代码表,2,Ⅰ°裂伤,
3,行业标准代码,CV05.01.010,会阴裂伤情况代码表,3,Ⅱ°裂伤,
3,行业标准代码,CV05.01.010,会阴裂伤情况代码表,4,Ⅲ°裂伤,
3,行业标准代码,CV05.01.010,会阴裂伤情况代码表,5,会阴切开,
3,行业标准代码,CV05.01.009,产时并发症代码表,1,产力异常,
3,行业标准代码,CV05.01.009,产时并发症代码表,2,胎位异常,
3,行业标准代码,CV05.01.009,产时并发症代码表,3,产程停滞,
3,行业标准代码,CV05.01.009,产时并发症代码表,4,胎儿窘迫,
3,行业标准代码,CV05.01.009,产时并发症代码表,5,脐带脱垂,
3,行业标准代码,CV05.01.009,产时并发症代码表,6,产后出血,
3,行业标准代码,CV05.01.009,产时并发症代码表,7,羊水栓塞,
3,行业标准代码,CV05.01.009,产时并发症代码表,8,弥漫性血管内凝血,
3,行业标准代码,CV05.01.009,产时并发症代码表,9,产科休克,
3,行业标准代码,CV05.01.009,产时并发症代码表,10,子宫破裂,
3,行业标准代码,CV05.01.009,产时并发症代码表,99,其他,
3,行业标准代码,CV06.00.108,新生儿抢救方法代码,1,吸黏液,
3,行业标准代码,CV06.00.108,新生儿抢救方法代码,2,气管插管,
3,行业标准代码,CV06.00.108,新生儿抢救方法代码,3,正压给氧,
3,行业标准代码,CV06.00.108,新生儿抢救方法代码,4,窒息复苏,
3,行业标准代码,CV06.00.108,新生儿抢救方法代码,5,呼吸机辅助呼吸,
3,行业标准代码,CV06.00.108,新生儿抢救方法代码,6,药物,
3,行业标准代码,CV06.00.108,新生儿抢救方法代码,9,其他,
3,行业标准代码,CV05.01.013,新生儿并发症代码表,1,新生儿窒息,
3,行业标准代码,CV05.01.013,新生儿并发症代码表,2,新生儿吸入综合征,
3,行业标准代码,CV05.01.013,新生儿并发症代码表,3,新生儿肺透明膜病,
3,行业标准代码,CV05.01.013,新生儿并发症代码表,4,新生儿湿肺,
3,行业标准代码,CV05.01.013,新生儿并发症代码表,5,新生儿肺炎,
3,行业标准代码,CV05.01.013,新生儿并发症代码表,6,缺氧缺血性脑病,
3,行业标准代码,CV05.01.013,新生儿并发症代码表,7,新生儿颅内出血,
3,行业标准代码,CV05.01.013,新生儿并发症代码表,8,新生儿硬肿症,
3,行业标准代码,CV05.01.013,新生儿并发症代码表,9,新生儿黄疸,
3,行业标准代码,CV05.01.013,新生儿并发症代码表,10,新生儿溶血病,
3,行业标准代码,CV05.01.013,新生儿并发症代码表,11,新生儿破伤风,
3,行业标准代码,CV05.01.013,新生儿并发症代码表,12,新生儿败血症,
3,行业标准代码,CV05.01.013,新生儿并发症代码表,13,新生儿产伤,
3,行业标准代码,CV05.01.013,新生儿并发症代码表,99,其他,
3,行业标准代码,CV05.01.011,伤口愈合状况代码表,1,愈合,
3,行业标准代码,CV05.01.011,伤口愈合状况代码表,2,未愈,
3,行业标准代码,CV05.01.011,伤口愈合状况代码表,3,感染,
3,行业标准代码,CV05.01.011,伤口愈合状况代码表,9,其他,
3,行业标准代码,CV04.50.008,新生儿疾病筛查项目代码,1,先天性甲状腺功能减低症,
3,行业标准代码,CV04.50.008,新生儿疾病筛查项目代码,2,苯丙酮尿症,
3,行业标准代码,CV04.50.008,新生儿疾病筛查项目代码,3,6-磷酸葡萄糖脱氢酶缺乏症,
3,行业标准代码,CV04.50.008,新生儿疾病筛查项目代码,4,先天性肾上腺皮质增生症,
3,行业标准代码,CV04.50.008,新生儿疾病筛查项目代码,5,半乳糖血症,
3,行业标准代码,CV04.50.008,新生儿疾病筛查项目代码,6,地中海贫血,
3,行业标准代码,CV04.50.008,新生儿疾病筛查项目代码,9,其他,
3,行业标准代码,CV04.01.012,儿童大便性状代码,1,成形,
3,行业标准代码,CV04.01.012,儿童大便性状代码,11,柏油样便,
3,行业标准代码,CV04.01.012,儿童大便性状代码,12,白陶土样便,
3,行业标准代码,CV04.01.012,儿童大便性状代码,2,糊状,
3,行业标准代码,CV04.01.012,儿童大便性状代码,21,稀糊状,
3,行业标准代码,CV04.01.012,儿童大便性状代码,22,黏液便,
3,行业标准代码,CV04.01.012,儿童大便性状代码,23,细条样便,
3,行业标准代码,CV04.01.012,儿童大便性状代码,3,稀,
3,行业标准代码,CV04.01.012,儿童大便性状代码,31,水样便,
3,行业标准代码,CV04.01.012,儿童大便性状代码,32,米泔样便,
3,行业标准代码,CV04.01.012,儿童大便性状代码,4,鲜血样便,
3,行业标准代码,CV04.01.012,儿童大便性状代码,5,脓性及脓血便,
3,行业标准代码,CV04.01.012,儿童大便性状代码,9,其他,
3,行业标准代码,CV04.10.008,儿童面色代码,1,红润,
3,行业标准代码,CV04.10.008,儿童面色代码,2,黄染,
3,行业标准代码,CV04.10.008,儿童面色代码,3,潮红,
3,行业标准代码,CV04.10.008,儿童面色代码,4,苍白,
3,行业标准代码,CV04.10.008,儿童面色代码,5,发绀,
3,行业标准代码,CV04.10.008,儿童面色代码,9,其他,
3,行业标准代码,CV04.10.009,黄疸部位代码,1,面部,
3,行业标准代码,CV04.10.009,黄疸部位代码,2,躯干,
3,行业标准代码,CV04.10.009,黄疸部位代码,3,四肢,
3,行业标准代码,CV04.10.009,黄疸部位代码,4,手足,
3,行业标准代码,CV04.10.009,黄疸部位代码,5,巩膜,
3,行业标准代码,CV04.10.009,黄疸部位代码,9,其他,
3,行业标准代码,CV04.10.018,前囱张力代码表,1,正常,
3,行业标准代码,CV04.10.018,前囱张力代码表,2,膨隆,
3,行业标准代码,CV04.10.018,前囱张力代码表,3,凹陷,
3,行业标准代码,CV04.10.018,前囱张力代码表,9,其他,
3,行业标准代码,CV04.10.019,脐带检查结果代码,1,未脱,
3,行业标准代码,CV04.10.019,脐带检查结果代码,2,脱落,
3,行业标准代码,CV04.10.019,脐带检查结果代码,3,脐部有渗出,
3,行业标准代码,CV04.10.019,脐带检查结果代码,9,其他,
3,行业标准代码,CV03.00.401,孕早期服药类别代码,1,磺胺类,
3,行业标准代码,CV03.00.401,孕早期服药类别代码,2,抗生素,
3,行业标准代码,CV03.00.401,孕早期服药类别代码,3,避孕药,
3,行业标准代码,CV03.00.401,孕早期服药类别代码,4,镇静药,
3,行业标准代码,CV03.00.401,孕早期服药类别代码,9,其他,
3,行业标准代码,CV02.10.001,家族近亲婚配者与本人关系代码,1,父母,
3,行业标准代码,CV02.10.001,家族近亲婚配者与本人关系代码,2,祖父母,
3,行业标准代码,CV02.10.001,家族近亲婚配者与本人关系代码,3,外祖父母,
3,行业标准代码,CV02.10.001,家族近亲婚配者与本人关系代码,9,其他,
3,行业标准代码,CV08.30.004,助产人员类别代码表,1,医务人员,
3,行业标准代码,CV08.30.004,助产人员类别代码表,2,乡村医生,
3,行业标准代码,CV08.30.004,助产人员类别代码表,3,家庭接生员,
3,行业标准代码,CV08.30.004,助产人员类别代码表,9,其他人员,
3,行业标准代码,CV05.10.016,影响孕产妇死亡的主要因素代码表,1,个人、家庭、居民团体的知识技能问题,WS 364.11-2011
3,行业标准代码,CV05.10.016,影响孕产妇死亡的主要因素代码表,2,个人、家庭的态度问题,WS 364.11-2011
3,行业标准代码,CV05.10.016,影响孕产妇死亡的主要因素代码表,3,个人、家庭的资源问题,WS 364.11-2011
3,行业标准代码,CV05.10.016,影响孕产妇死亡的主要因素代码表,4,村级医疗保健人员的知识技能问题,WS 364.11-2011
3,行业标准代码,CV05.10.016,影响孕产妇死亡的主要因素代码表,5,村级医疗保健人员的态度问题,WS 364.11-2011
3,行业标准代码,CV05.10.016,影响孕产妇死亡的主要因素代码表,6,村级医疗保健的资源问题,WS 364.11-2011
3,行业标准代码,CV05.10.016,影响孕产妇死亡的主要因素代码表,7,乡级(街道)医疗保健人员的知识技能问题,WS 364.11-2011
3,行业标准代码,CV05.10.016,影响孕产妇死亡的主要因素代码表,8,乡级(街道)医疗保健人员的态度问题,WS 364.11-2011
3,行业标准代码,CV05.10.016,影响孕产妇死亡的主要因素代码表,9,乡级(街道)医疗保健机构的资源问题,WS 364.11-2011
3,行业标准代码,CV05.10.016,影响孕产妇死亡的主要因素代码表,10,乡级(街道)医疗保健机构的管理问题,WS 364.11-2011
3,行业标准代码,CV05.10.016,影响孕产妇死亡的主要因素代码表,11,县(区)级医疗保健人员的知识技能问题,WS 364.11-2011
3,行业标准代码,CV05.10.016,影响孕产妇死亡的主要因素代码表,12,县(区)级医疗保健人员的态度问题,WS 364.11-2011
3,行业标准代码,CV05.10.016,影响孕产妇死亡的主要因素代码表,13,县(区)级医疗保健机构的资源问题,WS 364.11-2011
3,行业标准代码,CV05.10.016,影响孕产妇死亡的主要因素代码表,14,县(区)级医疗保健机构的管理问题,WS 364.11-2011
3,行业标准代码,CV05.10.016,影响孕产妇死亡的主要因素代码表,15,省(地、市)级医疗保健人员的知识技能问题,WS 364.11-2011
3,行业标准代码,CV05.10.016,影响孕产妇死亡的主要因素代码表,16,省(地、市)级医疗保健人员的态度问题,WS 364.11-2011
3,行业标准代码,CV05.10.016,影响孕产妇死亡的主要因素代码表,17,省(地、市)级医疗保健机构的资源问题,WS 364.11-2011
3,行业标准代码,CV05.10.016,影响孕产妇死亡的主要因素代码表,18,省(地、市)级医疗保健机构的管理问题,WS 364.11-2011
3,行业标准代码,CV05.10.016,影响孕产妇死亡的主要因素代码表,19,社会其他各相关部门的知识技能问题,WS 364.11-2011
3,行业标准代码,CV05.10.016,影响孕产妇死亡的主要因素代码表,20,社会其他各相关部门的态度问题,WS 364.11-2011
3,行业标准代码,CV05.10.016,影响孕产妇死亡的主要因素代码表,21,社会其他各相关部门的资源问题,WS 364.11-2011
3,行业标准代码,CV05.10.016,影响孕产妇死亡的主要因素代码表,99,其他问题,WS 364.11-2011
3,行业标准代码,CV06.00.211,避孕方式代码,1,无,
3,行业标准代码,CV06.00.211,避孕方式代码,2,避孕药,
3,行业标准代码,CV06.00.211,避孕方式代码,3,宫内节育器,
3,行业标准代码,CV06.00.211,避孕方式代码,4,工具,
3,行业标准代码,CV06.00.211,避孕方式代码,5,安全期,
3,行业标准代码,CV06.00.211,避孕方式代码,6,绝育手术,
3,行业标准代码,CV06.00.211,避孕方式代码,7,皮下埋植,
3,行业标准代码,CV06.00.211,避孕方式代码,8,体外排精,
3,行业标准代码,CV06.00.211,避孕方式代码,99,其他,
3,行业标准代码,CV03.00.104,饮酒频率代码表,1,从不,
3,行业标准代码,CV03.00.104,饮酒频率代码表,2,偶尔,
3,行业标准代码,CV03.00.104,饮酒频率代码表,21,1d/月～3d/月,
3,行业标准代码,CV03.00.104,饮酒频率代码表,22,少于1d/月,
3,行业标准代码,CV03.00.104,饮酒频率代码表,3,经常,
3,行业标准代码,CV03.00.104,饮酒频率代码表,31,5d/周～6d/周,
3,行业标准代码,CV03.00.104,饮酒频率代码表,32,3d/周～4d/周,
3,行业标准代码,CV03.00.104,饮酒频率代码表,33,1d/周～2d/周,
3,行业标准代码,CV03.00.104,饮酒频率代码表,4,每天,
3,行业标准代码,CV08.50.001,疫苗名称代码表,1,乙型肝炎疫苗预,预防乙型肝炎
3,行业标准代码,CV08.50.001,疫苗名称代码表,2,结核疫苗,预防结核病
3,行业标准代码,CV08.50.001,疫苗名称代码表,3,脊髓灰质炎疫苗,预防脊髓灰质炎
3,行业标准代码,CV08.50.001,疫苗名称代码表,4,白喉百日咳破伤风疫苗,预防自喉、百日咳、破伤风
3,行业标准代码,CV08.50.001,疫苗名称代码表,5,麻疹疫苗,预防麻疹
3,行业标准代码,CV08.50.001,疫苗名称代码表,6,乙型脑炎疫苗,预防乙型脑炎
3,行业标准代码,CV08.50.001,疫苗名称代码表,7,脑膜炎球菌疫苗,预防脑膜炎球菌
3,行业标准代码,CV08.50.001,疫苗名称代码表,8,麻疹流行性腮腺炎疫苗,预防麻疹、流行性腮腺炎
3,行业标准代码,CV08.50.001,疫苗名称代码表,9,麻疹风疹疫苗,预防麻疹、风疹
3,行业标准代码,CV08.50.001,疫苗名称代码表,10,白喉破伤风疫苗,预防白喉、破伤风
3,行业标准代码,CV08.50.001,疫苗名称代码表,11,麻疹流行性腮腺炎风疹疫苗,预防麻疹、流行性腮腺炎风疹
3,行业标准代码,CV08.50.001,疫苗名称代码表,12,水痘疫苗,预防水痘
3,行业标准代码,CV08.50.001,疫苗名称代码表,13,肺炎球菌疫苗,预防肺炎球菌
3,行业标准代码,CV08.50.001,疫苗名称代码表,14,流行性感冒疫苗,预防流行性感冒
3,行业标准代码,CV08.50.001,疫苗名称代码表,15,甲型肝炎疫苗,预防甲型肝炎
3,行业标准代码,CV08.50.001,疫苗名称代码表,16,风疹疫苗,预防风疹
3,行业标准代码,CV08.50.001,疫苗名称代码表,17,流行性腮腺炎疫苗,预防流行性腮腺炎
3,行业标准代码,CV08.50.001,疫苗名称代码表,18,流感嗜血杆菌疫苗,预防流感嗜血杆菌引起的脑膜炎等疾病
3,行业标准代码,CV08.50.001,疫苗名称代码表,19,甲型肝炎乙型肝炎疫苗,预防甲型肝炎、乙型肝炎
3,行业标准代码,CV08.50.001,疫苗名称代码表,20,狂犬病疫苗,预防狂犬病
3,行业标准代码,CV08.50.001,疫苗名称代码表,21,轮状病毒疫苗,预防轮状病毒引起的腹泻
3,行业标准代码,CV08.50.001,疫苗名称代码表,22,霍乱疫苗,预防雹乱
3,行业标准代码,CV08.50.001,疫苗名称代码表,23,钩端蜾旋体疫苗,预防钩端螺旋体病
3,行业标准代码,CV08.50.001,疫苗名称代码表,24,肾综合征出血热疫苗,预防肾综合征出血热
3,行业标准代码,CV08.50.001,疫苗名称代码表,25,炭疽疫苗,预防炭疽
3,行业标准代码,CV08.50.001,疫苗名称代码表,26,黄热病疫苗,预防黄热病
3,行业标准代码,CV08.50.001,疫苗名称代码表,27,伤寒疫苗(包含副伤寒),预防伤寒(包含副伤寒)
3,行业标准代码,CV08.50.001,疫苗名称代码表,28,气管炎疫苗,预防气管炎
3,行业标准代码,CV08.50.001,疫苗名称代码表,29,白喉疫苗,预防白喉
3,行业标准代码,CV08.50.001,疫苗名称代码表,30,破伤风疫苗,预防破伤风
3,行业标准代码,CV08.50.001,疫苗名称代码表,31,百日咳疫苗,预防百日咳
3,行业标准代码,CV08.50.001,疫苗名称代码表,32,森林脑炎疫苗,预防森林脑炎
3,行业标准代码,CV08.50.001,疫苗名称代码表,33,布氏菌疫苗,预防布病
3,行业标准代码,CV08.50.001,疫苗名称代码表,34,鼠疫疫苗,预防鼠疫
3,行业标准代码,CV08.50.001,疫苗名称代码表,35,痢疾疫苗,预防痢疾
3,行业标准代码,CV08.50.001,疫苗名称代码表,36,人类乳头瘤病毒疫苗,预防人类乳头瘤病毒引起的疾病
3,行业标准代码,CV08.50.001,疫苗名称代码表,37,疖病疫苗,预防疖病
3,行业标准代码,CV08.50.001,疫苗名称代码表,38,四联疫苗,预防相应的四种疾病(白喉、百日咳、破伤风+流感嗜血杆菌引起的脑膜炎或脊髓灰质炎或乙肝等1种不确定疫苗联合）
3,行业标准代码,CV08.50.001,疫苗名称代码表,39,五联疫苗,预防相应的五种疾病(白喉、百日咳、破伤风+2种不确定疫苗联合)
3,行业标准代码,CV08.50.001,疫苗名称代码表,40,六联疫苗,预防相应的六种疾病(白喉、百日咳、破伤风+3种不确定疫苗联合)
3,行业标准代码,CV08.50.001,疫苗名称代码表,41,新型冠状病毒疫苗,
3,行业标准代码,CV08.50.001,疫苗名称代码表,42,狂犬病被动免疫制剂,预防狂犬病被动免疫制剂
3,行业标准代码,CV08.50.001,疫苗名称代码表,43,破伤风被动免疫制剂,预防破伤风被动免疫制剂
3,行业标准代码,CV08.50.001,疫苗名称代码表,44,结核菌素,测量卡介苗免疫效果制剂
3,行业标准代码,CV08.50.001,疫苗名称代码表,45,锡克试验毒素,测量白喉免疫效果制剂
3,行业标准代码,CV08.50.001,疫苗名称代码表,46,乙型肝炎被动免疫制剂,预防乙型肝炎被动免疫制剂
3,行业标准代码,CV08.50.001,疫苗名称代码表,47,人免疫球蛋白,预防某特定疾病用被动免疫制剂
3,行业标准代码,CV08.50.001,疫苗名称代码表,48,甲肝(二类苗),
3,行业标准代码,CV08.50.001,疫苗名称代码表,99,其他,
3,行业标准代码,CV02.10.003,分娩方式代码,1,阴道自然分娩,
3,行业标准代码,CV02.10.003,分娩方式代码,11,会阴切开,
3,行业标准代码,CV02.10.003,分娩方式代码,12,会阴未切,
3,行业标准代码,CV02.10.003,分娩方式代码,2,阴道手术助产,
3,行业标准代码,CV02.10.003,分娩方式代码,21,产钳助产,
3,行业标准代码,CV02.10.003,分娩方式代码,22,臀位助产,
3,行业标准代码,CV02.10.003,分娩方式代码,23,胎头吸引,
3,行业标准代码,CV02.10.003,分娩方式代码,3,剖宫产,
3,行业标准代码,CV02.10.003,分娩方式代码,31,子宫下段横切口剖宫产,
3,行业标准代码,CV02.10.003,分娩方式代码,32,子宫体剖宫产,
3,行业标准代码,CV02.10.003,分娩方式代码,33,腹膜外剖宫产,
3,行业标准代码,CV02.10.003,分娩方式代码,9,其他,
3,行业标准代码,CV02.10.004,出生缺陷儿结局代码,1,活产,
3,行业标准代码,CV02.10.004,出生缺陷儿结局代码,2,死胎,
3,行业标准代码,CV02.10.004,出生缺陷儿结局代码,3,死产,
3,行业标准代码,CV02.10.004,出生缺陷儿结局代码,4,七天内新生儿死亡,
3,行业标准代码,CV02.10.004,出生缺陷儿结局代码,5,7～27天死亡,
3,行业标准代码,CV02.10.004,出生缺陷儿结局代码,6,28～42天死亡,
3,行业标准代码,CV02.10.004,出生缺陷儿结局代码,9,其他,
3,行业标准代码,CV05.01.014,出生缺陷诊断依据代码表,1,临床诊断,
3,行业标准代码,CV05.01.014,出生缺陷诊断依据代码表,2,超声检查,
3,行业标准代码,CV05.01.014,出生缺陷诊断依据代码表,3,尸体解剖,
3,行业标准代码,CV05.01.014,出生缺陷诊断依据代码表,4,生化检查,
3,行业标准代码,CV05.01.014,出生缺陷诊断依据代码表,41,AFP,
3,行业标准代码,CV05.01.014,出生缺陷诊断依据代码表,42,HCG,
3,行业标准代码,CV05.01.014,出生缺陷诊断依据代码表,43,其他,
3,行业标准代码,CV05.01.014,出生缺陷诊断依据代码表,5,染色体检测,
3,行业标准代码,CV05.01.014,出生缺陷诊断依据代码表,9,其他,
3,行业标准代码,CV05.01.015,出生缺陷确诊时间类别代码表,1,产前,
3,行业标准代码,CV05.01.015,出生缺陷确诊时间类别代码表,2,产后七天内,
3,行业标准代码,CV05.01.015,出生缺陷确诊时间类别代码表,3,产后四十二天内,
3,行业标准代码,CV05.01.015,出生缺陷确诊时间类别代码表,4,儿童一周岁内,
3,行业标准代码,CV05.01.015,出生缺陷确诊时间类别代码表,5,儿童一周岁后,
3,行业标准代码,CV05.01.016,出生缺陷类别代码表,1,无脑畸形,
3,行业标准代码,CV05.01.016,出生缺陷类别代码表,2,脊柱裂,
3,行业标准代码,CV05.01.016,出生缺陷类别代码表,3,脑膨出,
3,行业标准代码,CV05.01.016,出生缺陷类别代码表,4,先天性脑积水,
3,行业标准代码,CV05.01.016,出生缺陷类别代码表,5,腭裂一左侧,
3,行业标准代码,CV05.01.016,出生缺陷类别代码表,6,腭裂—右侧,
3,行业标准代码,CV05.01.016,出生缺陷类别代码表,7,唇裂一左侧,
3,行业标准代码,CV05.01.016,出生缺陷类别代码表,8,唇裂一右侧,
3,行业标准代码,CV05.01.016,出生缺陷类别代码表,9,唇裂合并腭裂一左侧,
3,行业标准代码,CV05.01.016,出生缺陷类别代码表,10,唇裂合并腭裂一右侧,
3,行业标准代码,CV05.01.016,出生缺陷类别代码表,11,小耳(包括无耳)—左侧,
3,行业标准代码,CV05.01.016,出生缺陷类别代码表,12,小耳(包括无耳)—右侧,
3,行业标准代码,CV05.01.016,出生缺陷类别代码表,13,外耳其他畸形(小耳，无耳除外)—左侧,
3,行业标准代码,CV05.01.016,出生缺陷类别代码表,14,外耳其他畸形(小耳，无耳除外)—右侧,
3,行业标准代码,CV05.01.016,出生缺陷类别代码表,15,食道闭锁或狭窄,
3,行业标准代码,CV05.01.016,出生缺陷类别代码表,16,直肠肛门闭锁或狭窄(包括无肛),
3,行业标准代码,CV05.01.016,出生缺陷类别代码表,17,尿道下裂,
3,行业标准代码,CV05.01.016,出生缺陷类别代码表,18,膀胱外翻,
3,行业标准代码,CV05.01.016,出生缺陷类别代码表,19,马蹄内翻足一左侧,
3,行业标准代码,CV05.01.016,出生缺陷类别代码表,20,马蹄内翻足—右侧,
3,行业标准代码,CV05.01.016,出生缺陷类别代码表,21,多指一左侧,
3,行业标准代码,CV05.01.016,出生缺陷类别代码表,22,多指一右侧,
3,行业标准代码,CV05.01.016,出生缺陷类别代码表,23,多趾一左侧,
3,行业标准代码,CV05.01.016,出生缺陷类别代码表,24,多趾一右侧,
3,行业标准代码,CV05.01.016,出生缺陷类别代码表,25,并指—左侧,
3,行业标准代码,CV05.01.016,出生缺陷类别代码表,26,并指一右侧,
3,行业标准代码,CV05.01.016,出生缺陷类别代码表,27,并趾一左侧,
3,行业标准代码,CV05.01.016,出生缺陷类别代码表,28,并趾—右侧,
3,行业标准代码,CV05.01.016,出生缺陷类别代码表,29,肢体短缩[包括缺指，裂手]一左上肢,
3,行业标准代码,CV05.01.016,出生缺陷类别代码表,30,肢体短缩[包括缺指，裂手]一右上肢,
3,行业标准代码,CV05.01.016,出生缺陷类别代码表,31,肢体短缩[包括缺趾，裂足]一左下肢,
3,行业标准代码,CV05.01.016,出生缺陷类别代码表,32,肢体短缩[包括缺趾，裂足]一右下肢,
3,行业标准代码,CV05.01.016,出生缺陷类别代码表,33,先天性膈疝,
3,行业标准代码,CV05.01.016,出生缺陷类别代码表,34,脐膨出,
3,行业标准代码,CV05.01.016,出生缺陷类别代码表,35,腹裂,
3,行业标准代码,CV05.01.016,出生缺陷类别代码表,36,联体双胎,
3,行业标准代码,CV05.01.016,出生缺陷类别代码表,37,唐氏综合征(21三体综合征),
3,行业标准代码,CV05.01.016,出生缺陷类别代码表,38,先天性心脏病,
3,行业标准代码,CV05.01.016,出生缺陷类别代码表,99,其他,
3,行业标准代码,CV05.01.005,中医体质分类代码表,1,平和质,
3,行业标准代码,CV05.01.005,中医体质分类代码表,2,气虚质,
3,行业标准代码,CV05.01.005,中医体质分类代码表,3,阳虚质,
3,行业标准代码,CV05.01.005,中医体质分类代码表,4,阴虚质,
3,行业标准代码,CV05.01.005,中医体质分类代码表,5,痰湿质,
3,行业标准代码,CV05.01.005,中医体质分类代码表,6,湿热质,
3,行业标准代码,CV05.01.005,中医体质分类代码表,7,血瘀质,
3,行业标准代码,CV05.01.005,中医体质分类代码表,8,气郁质,
3,行业标准代码,CV05.01.005,中医体质分类代码表,9,特秉质,
3,行业标准代码,CV05.01.005,中医体质分类代码表,99,其他,
3,行业标准代码,CV04.50.011,阴道细胞学诊断结果代码表,1,巴氏分类法,
3,行业标准代码,CV04.50.011,阴道细胞学诊断结果代码表,11,巴氏Ⅰ级,
3,行业标准代码,CV04.50.011,阴道细胞学诊断结果代码表,12,巴氏Ⅱ级,
3,行业标准代码,CV04.50.011,阴道细胞学诊断结果代码表,121,ⅡA,
3,行业标准代码,CV04.50.011,阴道细胞学诊断结果代码表,122,ⅡB,
3,行业标准代码,CV04.50.011,阴道细胞学诊断结果代码表,13,巴氏Ⅲ级,
3,行业标准代码,CV04.50.011,阴道细胞学诊断结果代码表,14,巴氏Ⅳ级,
3,行业标准代码,CV04.50.011,阴道细胞学诊断结果代码表,15,巴氏Ⅴ级,
3,行业标准代码,CV04.50.011,阴道细胞学诊断结果代码表,2,TBS分类法,
3,行业标准代码,CV04.50.011,阴道细胞学诊断结果代码表,21,良性细胞学改变,
3,行业标准代码,CV04.50.011,阴道细胞学诊断结果代码表,22,鳞状上皮细胞异常,
3,行业标准代码,CV04.50.011,阴道细胞学诊断结果代码表,221,未明确意义的不典型鳞状上皮细胞(ASC-US),
3,行业标准代码,CV04.50.011,阴道细胞学诊断结果代码表,222,不典型鳞状上皮细胞-不除外高度鳞状上皮内病变(ASC-H),
3,行业标准代码,CV04.50.011,阴道细胞学诊断结果代码表,223,低度鳞状上皮内病变(LSIL),
3,行业标准代码,CV04.50.011,阴道细胞学诊断结果代码表,224,高度鳞状上皮内病变(HSIL),
3,行业标准代码,CV04.50.011,阴道细胞学诊断结果代码表,225,鳞状细胞癌(SCC),
3,行业标准代码,CV04.50.011,阴道细胞学诊断结果代码表,23,腺上皮细胞改变,
3,行业标准代码,CV04.50.011,阴道细胞学诊断结果代码表,231,不典型腺上皮细胞(AGC),
3,行业标准代码,CV04.50.011,阴道细胞学诊断结果代码表,232,不典型宫颈管腺细胞倾向瘤变,
3,行业标准代码,CV04.50.011,阴道细胞学诊断结果代码表,233,宫颈管原位癌,
3,行业标准代码,CV04.50.011,阴道细胞学诊断结果代码表,234,腺癌,
3,行业标准代码,CV04.50.011,阴道细胞学诊断结果代码表,24,其他恶性肿瘤,
3,行业标准代码,CV04.10.020,儿童体格发育评价代码表,1,正常,
3,行业标准代码,CV04.10.020,儿童体格发育评价代码表,2,低体重,
3,行业标准代码,CV04.10.020,儿童体格发育评价代码表,3,消瘦,
3,行业标准代码,CV04.10.020,儿童体格发育评价代码表,4,生长迟缓,
3,行业标准代码,CV04.10.020,儿童体格发育评价代码表,5,超重,
3,行业标准代码,CV04.10.020,儿童体格发育评价代码表,6,肥胖,
3,行业标准代码,CV04.10.022,可疑佝偻病体征代码,1,无,
3,行业标准代码,CV04.10.022,可疑佝偻病体征代码,2,颅骨软化,
3,行业标准代码,CV04.10.022,可疑佝偻病体征代码,3,方颅,
3,行业标准代码,CV04.10.022,可疑佝偻病体征代码,4,肋串珠,
3,行业标准代码,CV04.10.022,可疑佝偻病体征代码,5,肋软骨沟,
3,行业标准代码,CV04.10.022,可疑佝偻病体征代码,6,鸡胸,
3,行业标准代码,CV04.10.022,可疑佝偻病体征代码,7,手镯征,
3,行业标准代码,CV04.10.022,可疑佝偻病体征代码,8,“O”型腿,
3,行业标准代码,CV04.10.022,可疑佝偻病体征代码,9,“X”型腿,
3,行业标准代码,CV04.10.022,可疑佝偻病体征代码,99,其他,
3,行业标准代码,CV05.10.007,儿童体弱原因类别代码表,1,早产,
3,行业标准代码,CV05.10.007,儿童体弱原因类别代码表,2,低出生体重,
3,行业标准代码,CV05.10.007,儿童体弱原因类别代码表,3,生长发育迟缓,
3,行业标准代码,CV05.10.007,儿童体弱原因类别代码表,4,营养性缺铁性贫血,
3,行业标准代码,CV05.10.007,儿童体弱原因类别代码表,5,中、重度营养不良,
3,行业标准代码,CV05.10.007,儿童体弱原因类别代码表,6,反复感染,
3,行业标准代码,CV05.10.007,儿童体弱原因类别代码表,7,活动期佝偻病,
3,行业标准代码,CV05.10.007,儿童体弱原因类别代码表,99,其他,
3,行业标准代码,CV02.01.212,户籍类型代码表,1,本地,
3,行业标准代码,CV02.01.212,户籍类型代码表,2,非本地,
3,行业标准代码,CV02.01.212,户籍类型代码表,21,非本地居住一年以内,
3,行业标准代码,CV02.01.212,户籍类型代码表,22,非本地居住一年以上,
3,行业标准代码,CV03.00.402,孕产期高危因素代码表,1,年龄<18岁或≥35岁,
3,行业标准代码,CV03.00.402,孕产期高危因素代码表,2,身高≤1.45m,
3,行业标准代码,CV03.00.402,孕产期高危因素代码表,3,体重<40 kg或>80 kg,
3,行业标准代码,CV03.00.402,孕产期高危因素代码表,4,胸廓脊柱畸形,
3,行业标准代码,CV03.00.402,孕产期高危因素代码表,5,自然流产≥2次,
3,行业标准代码,CV03.00.402,孕产期高危因素代码表,6,人工流产≥2次,
3,行业标准代码,CV03.00.402,孕产期高危因素代码表,7,早产史≥2次,
3,行业标准代码,CV03.00.402,孕产期高危因素代码表,8,早期新生儿死亡史1次,
3,行业标准代码,CV03.00.402,孕产期高危因素代码表,9,死胎、死产史≥2次,
3,行业标准代码,CV03.00.402,孕产期高危因素代码表,10,先天异常儿史1次,
3,行业标准代码,CV03.00.402,孕产期高危因素代码表,11,先天异常儿史≥2次,
3,行业标准代码,CV03.00.402,孕产期高危因素代码表,12,难产史,
3,行业标准代码,CV03.00.402,孕产期高危因素代码表,13,巨大儿分娩史,
3,行业标准代码,CV03.00.402,孕产期高危因素代码表,14,产后出血史,
3,行业标准代码,CV03.00.402,孕产期高危因素代码表,15,贫血  血红蛋白<100 g/L,
3,行业标准代码,CV03.00.402,孕产期高危因素代码表,16,贫血  血红蛋白<60 g/L,
3,行业标准代码,CV03.00.402,孕产期高危因素代码表,17,活动性肺结核,
3,行业标准代码,CV03.00.402,孕产期高危因素代码表,18,心脏病心功能I级~Ⅱ级,
3,行业标准代码,CV03.00.402,孕产期高危因素代码表,19,心脏病心功能Ⅲ级～IV级,
3,行业标准代码,CV03.00.402,孕产期高危因素代码表,20,糖尿病,
3,行业标准代码,CV03.00.402,孕产期高危因素代码表,21,乙肝病毒携带者,
3,行业标准代码,CV03.00.402,孕产期高危因素代码表,22,活动性病毒性肝炎,
3,行业标准代码,CV03.00.402,孕产期高危因素代码表,23,肺心病,
3,行业标准代码,CV03.00.402,孕产期高危因素代码表,24,甲状腺功能亢进或低下,
3,行业标准代码,CV03.00.402,孕产期高危因素代码表,25,高血压,
3,行业标准代码,CV03.00.402,孕产期高危因素代码表,26,慢性肾炎,
3,行业标准代码,CV03.00.402,孕产期高危因素代码表,27,淋病,
3,行业标准代码,CV03.00.402,孕产期高危因素代码表,28,梅毒,
3,行业标准代码,CV03.00.402,孕产期高危因素代码表,29,艾滋病,
3,行业标准代码,CV03.00.402,孕产期高危因素代码表,30,尖锐湿疣,
3,行业标准代码,CV03.00.402,孕产期高危因素代码表,31,沙眼衣原体感染,
3,行业标准代码,CV03.00.402,孕产期高危因素代码表,32,骶耻外径<18cm,
3,行业标准代码,CV03.00.402,孕产期高危因素代码表,33,坐骨结节间径≤8cm,
3,行业标准代码,CV03.00.402,孕产期高危因素代码表,34,畸形骨盆,
3,行业标准代码,CV03.00.402,孕产期高危因素代码表,35,臀位、横位(30周后),
3,行业标准代码,CV03.00.402,孕产期高危因素代码表,36,先兆早产<34周,
3,行业标准代码,CV03.00.402,孕产期高危因素代码表,37,先兆早产34～36周+6,
3,行业标准代码,CV03.00.402,孕产期高危因素代码表,38,盆腔肿瘤,
3,行业标准代码,CV03.00.402,孕产期高危因素代码表,39,羊水过多或过少,
3,行业标准代码,CV03.00.402,孕产期高危因素代码表,40,妊娠期高血压、轻度子痫前期,
3,行业标准代码,CV03.00.402,孕产期高危因素代码表,41,重度子痫前期,
3,行业标准代码,CV03.00.402,孕产期高危因素代码表,42,子痫,
3,行业标准代码,CV03.00.402,孕产期高危因素代码表,43,妊娠晚期阴道流血,
3,行业标准代码,CV03.00.402,孕产期高危因素代码表,44,胎心率持续≥160次/min,
3,行业标准代码,CV03.00.402,孕产期高危因素代码表,45,胎心率≤120次/min、但>100次/min,
3,行业标准代码,CV03.00.402,孕产期高危因素代码表,46,胎心率≤100次/min,
3,行业标准代码,CV03.00.402,孕产期高危因素代码表,47,胎动<20次/12h,
3,行业标准代码,CV03.00.402,孕产期高危因素代码表,48,胎动<10次/12h,
3,行业标准代码,CV03.00.402,孕产期高危因素代码表,49,多胎,
3,行业标准代码,CV03.00.402,孕产期高危因素代码表,50,胎膜早破,
3,行业标准代码,CV03.00.402,孕产期高危因素代码表,51,估计巨大儿或FGR,
3,行业标准代码,CV03.00.402,孕产期高危因素代码表,52,妊娠41～41周+6,
3,行业标准代码,CV03.00.402,孕产期高危因素代码表,53,妊娠≥42周,
3,行业标准代码,CV03.00.402,孕产期高危因素代码表,54,母儿ABO血型不合,
3,行业标准代码,CV03.00.402,孕产期高危因素代码表,55,母儿Rh血型不合,
3,行业标准代码,CV03.00.402,孕产期高危因素代码表,56,孕妇及一级亲属有遗传病史,
3,行业标准代码,CV03.00.402,孕产期高危因素代码表,57,妊娠早期接触可疑致畸药物,
3,行业标准代码,CV03.00.402,孕产期高危因素代码表,58,妊娠早期接触物理化学因素及病毒感染等,
3,行业标准代码,CV03.00.402,孕产期高危因素代码表,59,家庭贫困,
3,行业标准代码,CV03.00.402,孕产期高危因素代码表,60,孕妇或丈夫为文盲或半文盲,
3,行业标准代码,CV03.00.402,孕产期高危因素代码表,61,丈夫长期不在家,
3,行业标准代码,CV03.00.402,孕产期高危因素代码表,62,由居住地到卫生院需要1h以上,
3,行业标准代码,CV03.00.402,孕产期高危因素代码表,63,生殖道畸形,
3,行业标准代码,CV03.00.402,孕产期高危因素代码表,64,妊娠胆汁淤积症,
3,行业标准代码,CV03.00.402,孕产期高危因素代码表,65,胎盘功能不全,
3,行业标准代码,CV03.00.402,孕产期高危因素代码表,99,其他,
3,行业标准代码,CV02.01.203,家庭年人均收入代码表,1,<1000,
3,行业标准代码,CV02.01.203,家庭年人均收入代码表,2,1000~,
3,行业标准代码,CV02.01.203,家庭年人均收入代码表,3,2000~,
3,行业标准代码,CV02.01.203,家庭年人均收入代码表,4,4000~,
3,行业标准代码,CV02.01.203,家庭年人均收入代码表,5,8000元及以上,
3,行业标准代码,CV05.01.006,孕产妇死亡根本死因分类代码表,1,流产,
3,行业标准代码,CV05.01.006,孕产妇死亡根本死因分类代码表,2,异位妊娠,
3,行业标准代码,CV05.01.006,孕产妇死亡根本死因分类代码表,3,妊娠剧吐,
3,行业标准代码,CV05.01.006,孕产妇死亡根本死因分类代码表,4,死胎,
3,行业标准代码,CV05.01.006,孕产妇死亡根本死因分类代码表,5,妊娠期高血压疾病,
3,行业标准代码,CV05.01.006,孕产妇死亡根本死因分类代码表,6,前置胎盘,
3,行业标准代码,CV05.01.006,孕产妇死亡根本死因分类代码表,7,胎盘早剥,
3,行业标准代码,CV05.01.006,孕产妇死亡根本死因分类代码表,8,产后宫缩乏力,
3,行业标准代码,CV05.01.006,孕产妇死亡根本死因分类代码表,9,胎盘滞留,
3,行业标准代码,CV05.01.006,孕产妇死亡根本死因分类代码表,10,软产道裂伤,
3,行业标准代码,CV05.01.006,孕产妇死亡根本死因分类代码表,11,子宫破裂,
3,行业标准代码,CV05.01.006,孕产妇死亡根本死因分类代码表,12,子宫内翻,
3,行业标准代码,CV05.01.006,孕产妇死亡根本死因分类代码表,13,羊水栓塞,
3,行业标准代码,CV05.01.006,孕产妇死亡根本死因分类代码表,14,产褥感染,
3,行业标准代码,CV05.01.006,孕产妇死亡根本死因分类代码表,15,产褥中暑,
3,行业标准代码,CV05.01.006,孕产妇死亡根本死因分类代码表,16,产褥期抑郁症,
3,行业标准代码,CV05.01.006,孕产妇死亡根本死因分类代码表,17,晚期产后出血,
3,行业标准代码,CV05.01.006,孕产妇死亡根本死因分类代码表,18,其他产科原因,
3,行业标准代码,CV05.01.006,孕产妇死亡根本死因分类代码表,19,风湿性心脏病,
3,行业标准代码,CV05.01.006,孕产妇死亡根本死因分类代码表,20,先天性心脏病,
3,行业标准代码,CV05.01.006,孕产妇死亡根本死因分类代码表,21,其他心脏病,
3,行业标准代码,CV05.01.006,孕产妇死亡根本死因分类代码表,22,慢性高血压,
3,行业标准代码,CV05.01.006,孕产妇死亡根本死因分类代码表,23,静脉血栓形成及肺栓塞症,
3,行业标准代码,CV05.01.006,孕产妇死亡根本死因分类代码表,24,肺结核,
3,行业标准代码,CV05.01.006,孕产妇死亡根本死因分类代码表,25,肺炎,
3,行业标准代码,CV05.01.006,孕产妇死亡根本死因分类代码表,26,支气管哮喘,
3,行业标准代码,CV05.01.006,孕产妇死亡根本死因分类代码表,27,急、慢性病毒性肝炎,
3,行业标准代码,CV05.01.006,孕产妇死亡根本死因分类代码表,28,特发性脂肪肝,
3,行业标准代码,CV05.01.006,孕产妇死亡根本死因分类代码表,29,肝硬化,
3,行业标准代码,CV05.01.006,孕产妇死亡根本死因分类代码表,30,各类胆道系统疾病,
3,行业标准代码,CV05.01.006,孕产妇死亡根本死因分类代码表,31,各类胰腺炎,
3,行业标准代码,CV05.01.006,孕产妇死亡根本死因分类代码表,32,蛛网膜下腔出血,
3,行业标准代码,CV05.01.006,孕产妇死亡根本死因分类代码表,33,癫痫,
3,行业标准代码,CV05.01.006,孕产妇死亡根本死因分类代码表,34,缺铁性贫血,
3,行业标准代码,CV05.01.006,孕产妇死亡根本死因分类代码表,35,再生障碍性贫血,
3,行业标准代码,CV05.01.006,孕产妇死亡根本死因分类代码表,36,其他血液病,
3,行业标准代码,CV05.01.006,孕产妇死亡根本死因分类代码表,37,妊娠合并糖尿病,
3,行业标准代码,CV05.01.006,孕产妇死亡根本死因分类代码表,38,妊娠合并内分泌系统疾病,
3,行业标准代码,CV05.01.006,孕产妇死亡根本死因分类代码表,39,妊娠合并急、慢性肾炎,
3,行业标准代码,CV05.01.006,孕产妇死亡根本死因分类代码表,40,肾病综合症,
3,行业标准代码,CV05.01.006,孕产妇死亡根本死因分类代码表,41,系统性红斑性狼疮,
3,行业标准代码,CV05.01.006,孕产妇死亡根本死因分类代码表,42,获得性免疫缺陷性综合症,
3,行业标准代码,CV05.01.006,孕产妇死亡根本死因分类代码表,43,妊娠合并各系统恶性肿瘤,
3,行业标准代码,CV05.01.006,孕产妇死亡根本死因分类代码表,44,其他疾病,
3,行业标准代码,CV04.30.109,宫颈组织病理学检查结果代码表,1,正常,
3,行业标准代码,CV04.30.109,宫颈组织病理学检查结果代码表,2,异常,
3,行业标准代码,CV04.30.109,宫颈组织病理学检查结果代码表,21,炎症,
3,行业标准代码,CV04.30.109,宫颈组织病理学检查结果代码表,22,CIN1,
3,行业标准代码,CV04.30.109,宫颈组织病理学检查结果代码表,23,CIN2,
3,行业标准代码,CV04.30.109,宫颈组织病理学检查结果代码表,24,CIN3,
3,行业标准代码,CV04.30.109,宫颈组织病理学检查结果代码表,25,原位腺癌(AIS),
3,行业标准代码,CV04.30.109,宫颈组织病理学检查结果代码表,26,微小浸润鳞癌,
3,行业标准代码,CV04.30.109,宫颈组织病理学检查结果代码表,27,微小浸润腺癌,
3,行业标准代码,CV04.30.109,宫颈组织病理学检查结果代码表,28,浸润鳞癌,
3,行业标准代码,CV04.30.109,宫颈组织病理学检查结果代码表,29,浸润腺癌,
3,行业标准代码,CV04.30.109,宫颈组织病理学检查结果代码表,9,其他,
3,行业标准代码,CV5301.06,药物类型代码,0100,抗生素类抗感染药物,
3,行业标准代码,CV5301.06,药物类型代码,0101,青霉素类抗生素,
3,行业标准代码,CV5301.06,药物类型代码,0102,头孢菌素类抗生素,
3,行业标准代码,CV5301.06,药物类型代码,0103,氨基糖苷类抗生素,
3,行业标准代码,CV5301.06,药物类型代码,0104,酰胺醇类抗生素,
3,行业标准代码,CV5301.06,药物类型代码,0105,四环素类抗生素,
3,行业标准代码,CV5301.06,药物类型代码,0106,大环内酯类抗生素,
3,行业标准代码,CV5301.06,药物类型代码,0107,多肽类抗生素,
3,行业标准代码,CV5301.06,药物类型代码,0108,β-内酰胺酶抑制剂,
3,行业标准代码,CV5301.06,药物类型代码,0109,林可胺类抗生素,
3,行业标准代码,CV5301.06,药物类型代码,0110,利福霉素类抗生素,
3,行业标准代码,CV5301.06,药物类型代码,0111,多烯类抗生素,
3,行业标准代码,CV5301.06,药物类型代码,0199,其它抗生素类抗感染药,
3,行业标准代码,CV5301.06,药物类型代码,0200,非抗生素类抗感染药物,
3,行业标准代码,CV5301.06,药物类型代码,0201,磺胺类药及增效剂,
3,行业标准代码,CV5301.06,药物类型代码,0202,喹诺酮类抗感染药,
3,行业标准代码,CV5301.06,药物类型代码,0203,抗结核麻风分枝杆菌类药,
3,行业标准代码,CV5301.06,药物类型代码,0204,抗真菌类药,
3,行业标准代码,CV5301.06,药物类型代码,0205,抗病毒类药,
3,行业标准代码,CV5301.06,药物类型代码,0206,抗螺旋体类药,
3,行业标准代码,CV5301.06,药物类型代码,0207,天然来源抗感染药,
3,行业标准代码,CV5301.06,药物类型代码,0208,硝基呋喃类抗感染药,
3,行业标准代码,CV5301.06,药物类型代码,0209,消毒防腐药,
3,行业标准代码,CV5301.06,药物类型代码,0299,其它非抗生素类抗感染药,
3,行业标准代码,CV5301.06,药物类型代码,0300,抗寄生虫病药物,
3,行业标准代码,CV5301.06,药物类型代码,0301,抗吸虫病药,
3,行业标准代码,CV5301.06,药物类型代码,0302,抗疟药,
3,行业标准代码,CV5301.06,药物类型代码,0303,驱肠虫药,
3,行业标准代码,CV5301.06,药物类型代码,0304,抗丝虫病及抗黑热病药,
3,行业标准代码,CV5301.06,药物类型代码,0305,抗阿米巴及抗滴虫病药,
3,行业标准代码,CV5301.06,药物类型代码,0399,其它抗寄生虫病药,
3,行业标准代码,CV5301.06,药物类型代码,0400,解热镇痛药物,
3,行业标准代码,CV5301.06,药物类型代码,0401,解热镇痛药,
3,行业标准代码,CV5301.06,药物类型代码,0402,非成瘾性镇痛药,
3,行业标准代码,CV5301.06,药物类型代码,0403,抗炎镇痛药,
3,行业标准代码,CV5301.06,药物类型代码,0404,抗痛风药,
3,行业标准代码,CV5301.06,药物类型代码,0405,抗偏头痛药,
3,行业标准代码,CV5301.06,药物类型代码,0499,其它解热镇痛药,
3,行业标准代码,CV5301.06,药物类型代码,0500,麻醉用药物,
3,行业标准代码,CV5301.06,药物类型代码,0501,全身麻醉药,
3,行业标准代码,CV5301.06,药物类型代码,0502,局部麻醉药,
3,行业标准代码,CV5301.06,药物类型代码,0503,麻醉辅助药,
3,行业标准代码,CV5301.06,药物类型代码,0599,其它麻醉用药,
3,行业标准代码,CV5301.06,药物类型代码,0600,维生素类与矿物质类药物,
3,行业标准代码,CV5301.06,药物类型代码,0601,维生素AD属,
3,行业标准代码,CV5301.06,药物类型代码,0602,维生素B属,
3,行业标准代码,CV5301.06,药物类型代码,0603,维生素C属及其它属,
3,行业标准代码,CV5301.06,药物类型代码,0604,复合维生素类,
3,行业标准代码,CV5301.06,药物类型代码,0605,微量元素与矿物质,
3,行业标准代码,CV5301.06,药物类型代码,0606,滋补营养药,
3,行业标准代码,CV5301.06,药物类型代码,0699,其它营养类药,
3,行业标准代码,CV5301.06,药物类型代码,0700,酶类及其它生化药物,
3,行业标准代码,CV5301.06,药物类型代码,0701,酶及辅酶类药,
3,行业标准代码,CV5301.06,药物类型代码,0702,氨基酸及蛋白质类药,
3,行业标准代码,CV5301.06,药物类型代码,0703,复方氨基酸类药,
3,行业标准代码,CV5301.06,药物类型代码,0704,多糖及脂类药,
3,行业标准代码,CV5301.06,药物类型代码,0705,核酸类药,
3,行业标准代码,CV5301.06,药物类型代码,0799,其他生化药,
3,行业标准代码,CV5301.06,药物类型代码,0800,激素及调节内分泌功能类药物,
3,行业标准代码,CV5301.06,药物类型代码,0801,肾上腺皮质激素类药,
3,行业标准代码,CV5301.06,药物类型代码,0802,促肾上腺皮质激素类药,
3,行业标准代码,CV5301.06,药物类型代码,0803,雄激素及同化激素类药,
3,行业标准代码,CV5301.06,药物类型代码,0804,雌激素及孕激素类药,
3,行业标准代码,CV5301.06,药物类型代码,0805,促性激素类药,
3,行业标准代码,CV5301.06,药物类型代码,0806,避孕药,
3,行业标准代码,CV5301.06,药物类型代码,0807,子宫收缩药及抗生育药,
3,行业标准代码,CV5301.06,药物类型代码,0808,胰腺激素及其它调节血糖药,
3,行业标准代码,CV5301.06,药物类型代码,0809,甲状腺激素及抗甲状腺药,
3,行业标准代码,CV5301.06,药物类型代码,0810,前列腺素类药,
3,行业标准代码,CV5301.06,药物类型代码,0899,其它激素及调节内分泌功能类药,
3,行业标准代码,CV5301.06,药物类型代码,0900,调节免疫功能药物,
3,行业标准代码,CV5301.06,药物类型代码,0901,免疫抑制剂,
3,行业标准代码,CV5301.06,药物类型代码,0902,生物反应调节剂,
3,行业标准代码,CV5301.06,药物类型代码,0999,其它调节免疫功能药,
3,行业标准代码,CV5301.06,药物类型代码,1000,抗肿瘤药物,
3,行业标准代码,CV5301.06,药物类型代码,1001,烷化剂类抗肿瘤药,
3,行业标准代码,CV5301.06,药物类型代码,1002,抗代谢类抗肿瘤药物,
3,行业标准代码,CV5301.06,药物类型代码,1003,抗生素类抗肿瘤药,
3,行业标准代码,CV5301.06,药物类型代码,1004,天然来源类抗肿瘤药,
3,行业标准代码,CV5301.06,药物类型代码,1005,激素类抗肿瘤药,
3,行业标准代码,CV5301.06,药物类型代码,1099,其它抗肿瘤药,
3,行业标准代码,CV5301.06,药物类型代码,1100,抗变态反应药物,
3,行业标准代码,CV5301.06,药物类型代码,1101,抗组织胺药,
3,行业标准代码,CV5301.06,药物类型代码,1102,过敏反应介质阻滞剂,
3,行业标准代码,CV5301.06,药物类型代码,1199,其它抗变态反应药,
3,行业标准代码,CV5301.06,药物类型代码,1200,神经系统用药物,
3,行业标准代码,CV5301.06,药物类型代码,1201,中枢兴奋药,
3,行业标准代码,CV5301.06,药物类型代码,1202,镇静催眠药,
3,行业标准代码,CV5301.06,药物类型代码,1203,抗精神病药,
3,行业标准代码,CV5301.06,药物类型代码,1204,抗抑郁躁狂药,
3,行业标准代码,CV5301.06,药物类型代码,1205,抗焦虑药,
3,行业标准代码,CV5301.06,药物类型代码,1206,抗癫痫及抗惊厥药,
3,行业标准代码,CV5301.06,药物类型代码,1207,抗震颤麻痹药,
3,行业标准代码,CV5301.06,药物类型代码,1209,作用于植物神经系统药,
3,行业标准代码,CV5301.06,药物类型代码,1299,其它神经系统用药,
3,行业标准代码,CV5301.06,药物类型代码,1300,呼吸系统用药物,
3,行业标准代码,CV5301.06,药物类型代码,1301,祛痰药,
3,行业标准代码,CV5301.06,药物类型代码,1302,镇咳药,
3,行业标准代码,CV5301.06,药物类型代码,1303,平喘药,
3,行业标准代码,CV5301.06,药物类型代码,1399,其它呼吸系统用药,
3,行业标准代码,CV5301.06,药物类型代码,1400,消化系统用药物,
3,行业标准代码,CV5301.06,药物类型代码,1401,抗酸及治溃疡病药,
3,行业标准代码,CV5301.06,药物类型代码,1402,健胃助消化药,
3,行业标准代码,CV5301.06,药物类型代码,1403,胃肠解痉药,
3,行业标准代码,CV5301.06,药物类型代码,1404,止吐催吐药,
3,行业标准代码,CV5301.06,药物类型代码,1405,泻药止泻药,
3,行业标准代码,CV5301.06,药物类型代码,1406,食欲抑制药及其它减肥药,
3,行业标准代码,CV5301.06,药物类型代码,1407,肝病辅助药,
3,行业标准代码,CV5301.06,药物类型代码,1408,利胆药,
3,行业标准代码,CV5301.06,药物类型代码,1409,治痔药,
3,行业标准代码,CV5301.06,药物类型代码,1499,其它消化系统用药,
3,行业标准代码,CV5301.06,药物类型代码,1500,循环系统用药物,
3,行业标准代码,CV5301.06,药物类型代码,1501,强心药,
3,行业标准代码,CV5301.06,药物类型代码,1502,抗心律失常药,
3,行业标准代码,CV5301.06,药物类型代码,1503,防治心绞痛药,
3,行业标准代码,CV5301.06,药物类型代码,1504,抗高血压病药,
3,行业标准代码,CV5301.06,药物类型代码,1505,抗休克血管活性药,
3,行业标准代码,CV5301.06,药物类型代码,1506,周围血管扩张药,
3,行业标准代码,CV5301.06,药物类型代码,1507,调节血脂药,
3,行业标准代码,CV5301.06,药物类型代码,1599,其它循环系统用药,
3,行业标准代码,CV5301.06,药物类型代码,1600,泌尿系统用药物,
3,行业标准代码,CV5301.06,药物类型代码,1601,利尿药,
3,行业标准代码,CV5301.06,药物类型代码,1602,脱水药,
3,行业标准代码,CV5301.06,药物类型代码,1603,尿崩症用药,
3,行业标准代码,CV5301.06,药物类型代码,1699,其它泌尿系统用药,
3,行业标准代码,CV5301.06,药物类型代码,1700,血液系统用药物,
3,行业标准代码,CV5301.06,药物类型代码,1701,止血药,
3,行业标准代码,CV5301.06,药物类型代码,1702,血浆及血容量扩充制,
3,行业标准代码,CV5301.06,药物类型代码,1703,抗贫血药,
3,行业标准代码,CV5301.06,药物类型代码,1704,促白细胞增生药,
3,行业标准代码,CV5301.06,药物类型代码,1705,促血小板增生药,
3,行业标准代码,CV5301.06,药物类型代码,1799,其它血液系统用药,
3,行业标准代码,CV5301.06,药物类型代码,1800,水\电解质及酸碱平衡调节药物,
3,行业标准代码,CV5301.06,药物类型代码,1801,葡萄糖类药,
3,行业标准代码,CV5301.06,药物类型代码,1802,电解质平衡调节药,
3,行业标准代码,CV5301.06,药物类型代码,1803,酸硷平衡调节药,
3,行业标准代码,CV5301.06,药物类型代码,1899,其它水\电解质及酸碱平衡调节药,
3,行业标准代码,CV5301.06,药物类型代码,1900,专科用药物,
3,行业标准代码,CV5301.06,药物类型代码,1901,外科用药,
3,行业标准代码,CV5301.06,药物类型代码,1902,皮肤科用药,
3,行业标准代码,CV5301.06,药物类型代码,1903,眼科用药,
3,行业标准代码,CV5301.06,药物类型代码,1904,耳鼻喉科用药,
3,行业标准代码,CV5301.06,药物类型代码,1905,口腔科用药,
3,行业标准代码,CV5301.06,药物类型代码,1906,妇产科用药,
3,行业标准代码,CV5301.06,药物类型代码,1907,解毒药,
3,行业标准代码,CV5301.06,药物类型代码,1908,放射性同位素药,
3,行业标准代码,CV5301.06,药物类型代码,1999,其它专科用药,
3,行业标准代码,CV5301.06,药物类型代码,2000,诊断用药物,
3,行业标准代码,CV5301.06,药物类型代码,2001,X线造影剂,
3,行业标准代码,CV5301.06,药物类型代码,2002,器官功能检查剂,
3,行业标准代码,CV5301.06,药物类型代码,2099,其它诊断用药,
3,行业标准代码,CV5301.06,药物类型代码,2100,生物制品,
3,行业标准代码,CV5301.06,药物类型代码,2101,菌苗,
3,行业标准代码,CV5301.06,药物类型代码,2102,疫苗,
3,行业标准代码,CV5301.06,药物类型代码,2103,毒素,
3,行业标准代码,CV5301.06,药物类型代码,2104,类毒素,
3,行业标准代码,CV5301.06,药物类型代码,2105,抗毒素,
3,行业标准代码,CV5301.06,药物类型代码,2106,抗血清,
3,行业标准代码,CV5301.06,药物类型代码,2107,血液制品,
3,行业标准代码,CV5301.06,药物类型代码,2108,细胞因子,
3,行业标准代码,CV5301.06,药物类型代码,2109,体内诊断用生物制品,
3,行业标准代码,CV5301.06,药物类型代码,2110,细菌类体外诊断用生物制品,
3,行业标准代码,CV5301.06,药物类型代码,2111,病毒类体外诊断用生物制品,
3,行业标准代码,CV5301.06,药物类型代码,2112,立克次代本类体外诊断用生物制品,
3,行业标准代码,CV5301.06,药物类型代码,2113,血液\免疫类体外诊断用生物制品,
3,行业标准代码,CV5301.06,药物类型代码,2114,其它类体外诊断用生物制品,
3,行业标准代码,CV5301.06,药物类型代码,2199,其它生物制品,
3,行业标准代码,CV5301.06,药物类型代码,2200,制剂辅料,
3,行业标准代码,CV5301.06,药物类型代码,2201,制剂稳定性辅料,
3,行业标准代码,CV5301.06,药物类型代码,2202,固体制剂辅料,
3,行业标准代码,CV5301.06,药物类型代码,2203,半固体制剂辅料,
3,行业标准代码,CV5301.06,药物类型代码,2204,液体制剂辅料,
3,行业标准代码,CV5301.06,药物类型代码,2299,其它制剂辅料,
3,行业标准代码,CV5301.06,药物类型代码,2300,特殊管理药物,
3,行业标准代码,CV5301.06,药物类型代码,2301,麻醉药品,
3,行业标准代码,CV5301.06,药物类型代码,2302,精神药品第一类,
3,行业标准代码,CV5301.06,药物类型代码,2303,精神药品第二类,
3,行业标准代码,CV5301.06,药物类型代码,2399,其它特殊管理药品,
3,行业标准代码,CV5301.06,药物类型代码,9900,其它化学药物,
3,行业标准代码,CV5301.06,药物类型代码,9901,三防特殊用药,
3,行业标准代码,CV5301.06,药物类型代码,9902,卫生防疫用药,
3,行业标准代码,CV5301.06,药物类型代码,9999,其他化学药,
3,行业标准代码,CV05.01.026,肿瘤临床分期代码表,1,0期,
3,行业标准代码,CV05.01.026,肿瘤临床分期代码表,2,Ⅰ期,
3,行业标准代码,CV05.01.026,肿瘤临床分期代码表,3,Ⅱ期,
3,行业标准代码,CV05.01.026,肿瘤临床分期代码表,4,Ⅲ期,
3,行业标准代码,CV05.01.026,肿瘤临床分期代码表,5,Ⅳ期,
3,行业标准代码,CV05.01.026,肿瘤临床分期代码表,6,无法判定,
3,行业标准代码,CV06.00.223,手术体位代码,1,仰卧位,
3,行业标准代码,CV06.00.223,手术体位代码,2,俯卧位,
3,行业标准代码,CV06.00.223,手术体位代码,3,左侧卧位,
3,行业标准代码,CV06.00.223,手术体位代码,4,右侧卧位,
3,行业标准代码,CV06.00.223,手术体位代码,5,截石位,
3,行业标准代码,CV06.00.223,手术体位代码,6,屈氏位,
3,行业标准代码,CV06.00.223,手术体位代码,7,其他,
3,行业标准代码,WS 445.5-2014,美国麻醉医师学会(ASA)分级标准代码表,1,Ⅰ,无基础疾病
3,行业标准代码,WS 445.5-2014,美国麻醉医师学会(ASA)分级标准代码表,2,Ⅱ,存在基础疾病，但没有影响正常生活
3,行业标准代码,WS 445.5-2014,美国麻醉医师学会(ASA)分级标准代码表,3,Ⅲ,存在基础疾病，影响正常生活
3,行业标准代码,WS 445.5-2014,美国麻醉医师学会(ASA)分级标准代码表,4,Ⅳ,存在严重基础疾病，明显影响生活
3,行业标准代码,WS 445.5-2014,美国麻醉医师学会(ASA)分级标准代码表,5,Ⅴ,无论手术与否，病人都可能在24h内死亡
4,自定义值域代码,LY.00.1,消息类型,01,出库,
4,自定义值域代码,LY.00.1,消息类型,02,入库,
4,自定义值域代码,LY.00.1,消息类型,03,库存,
4,自定义值域代码,LY.00.1,消息类型,04,仓储,
4,自定义值域代码,LY.00.1,消息类型,05,冷链车/保温箱,
4,自定义值域代码,LY.00.2,发货类型,01,销售出库,
4,自定义值域代码,LY.00.2,发货类型,02,供应出库,
4,自定义值域代码,LY.00.2,发货类型,03,盘亏出库,
4,自定义值域代码,LY.00.2,发货类型,04,退货出库,
4,自定义值域代码,LY.00.2,发货类型,05,抽检出库,
4,自定义值域代码,LY.00.2,发货类型,06,调拨出库,
4,自定义值域代码,LY.00.2,发货类型,07,销毁出库,
4,自定义值域代码,LY.00.2,发货类型,08,赠品出库,
4,自定义值域代码,LY.00.2,发货类型,09,使用出库,
4,自定义值域代码,LY.00.2,发货类型,10,召回出库,
4,自定义值域代码,LY.00.2,发货类型,11,损坏出库,
4,自定义值域代码,LY.00.2,发货类型,12,报废出库,
4,自定义值域代码,LY.00.2,发货类型,99,其他,
4,自定义值域代码,LY.00.3,药品分类代码,1,化学药品,
4,自定义值域代码,LY.00.3,药品分类代码,2,中成药,
4,自定义值域代码,LY.00.3,药品分类代码,3,生物制品,
4,自定义值域代码,LY.00.3,药品分类代码,4,进口药品,
4,自定义值域代码,LY.00.3,药品分类代码,5,保健药品,
4,自定义值域代码,LY.00.3,药品分类代码,6,药用辅料,
4,自定义值域代码,LY.00.3,药品分类代码,7,中药饮片,
4,自定义值域代码,LY.00.3,药品分类代码,8,体外诊断试剂,
4,自定义值域代码,LY.00.4,监测点类型,01,常温库（10~30℃),
4,自定义值域代码,LY.00.4,监测点类型,02,阴凉库 ( < 20℃),
4,自定义值域代码,LY.00.4,监测点类型,03,冷藏库（2~8℃),
4,自定义值域代码,LY.00.4,监测点类型,04,冷冻库 ( < 0℃),
4,自定义值域代码,LY.00.4,监测点类型,05,其他（自定 义）,
4,自定义值域代码,LY.00.5,特殊药品标志,1,麻醉药品,
4,自定义值域代码,LY.00.5,特殊药品标志,2,第一类精神药品,
4,自定义值域代码,LY.00.5,特殊药品标志,3,第二类精神药品,
4,自定义值域代码,LY.00.5,特殊药品标志,4,医疗用毒性药品,
4,自定义值域代码,LY.00.5,特殊药品标志,5,药品类易制毒化学品,
4,自定义值域代码,LY.00.5,特殊药品标志,6,放射性药品,
4,自定义值域代码,LY.00.5,特殊药品标志,9,其他,
4,自定义值域代码,LY.00.6,收货类型,01,采购入库,
4,自定义值域代码,LY.00.6,收货类型,02,退货入库,
4,自定义值域代码,LY.00.6,收货类型,03,生产入库,
4,自定义值域代码,LY.00.6,收货类型,04,调拨入库,
4,自定义值域代码,LY.00.6,收货类型,05,赠品入库,
4,自定义值域代码,LY.00.6,收货类型,06,盘盈入库,
4,自定义值域代码,LY.00.6,收货类型,07,召回入库,
4,自定义值域代码,LY.00.6,收货类型,08,报废入库,
4,自定义值域代码,LY.00.6,收货类型,99,其他,
4,自定义值域代码,LY.00.12,中医药健康指导代码,1,中医饮食调养指导,
4,自定义值域代码,LY.00.12,中医药健康指导代码,2,中医起居调摄指导,
4,自定义值域代码,LY.00.12,中医药健康指导代码,3,传授摩腹、捏脊方法,
4,自定义值域代码,LY.00.12,中医药健康指导代码,4,其他,
4,自定义值域代码,LY.00.17,危害行为代码,1,轻度滋事,
4,自定义值域代码,LY.00.17,危害行为代码,2,肇事,
4,自定义值域代码,LY.00.17,危害行为代码,3,肇祸,
4,自定义值域代码,LY.00.17,危害行为代码,4,其他危害行为,
4,自定义值域代码,LY.00.17,危害行为代码,5,自伤,
4,自定义值域代码,LY.00.17,危害行为代码,6,自杀未遂,
4,自定义值域代码,LY.00.17,危害行为代码,7,其他,
4,自定义值域代码,LY.00.19,随访类型代码,1,健康体检,
4,自定义值域代码,LY.00.19,随访类型代码,2,新生儿随访,
4,自定义值域代码,LY.00.19,随访类型代码,3,儿童体检,
4,自定义值域代码,LY.00.19,随访类型代码,4,产前随访,
4,自定义值域代码,LY.00.19,随访类型代码,5,产后随访,
4,自定义值域代码,LY.00.19,随访类型代码,501,产后访视,
4,自定义值域代码,LY.00.19,随访类型代码,502,产后42天检查,
4,自定义值域代码,LY.00.19,随访类型代码,6,高血压随访,
4,自定义值域代码,LY.00.19,随访类型代码,7,糖尿病随访,
4,自定义值域代码,LY.00.19,随访类型代码,8,精神病随访,
4,自定义值域代码,LY.00.19,随访类型代码,9,肺结核随访,
4,自定义值域代码,LY.00.19,随访类型代码,10,其他慢病随访,
4,自定义值域代码,LY.00.20,高危因素代码,101,年龄<18岁,
4,自定义值域代码,LY.00.20,高危因素代码,102,年龄>35岁,
4,自定义值域代码,LY.00.20,高危因素代码,103,年龄>40岁,
4,自定义值域代码,LY.00.20,高危因素代码,104,身高≤1.45米,
4,自定义值域代码,LY.00.20,高危因素代码,105,身高<1.4米,
4,自定义值域代码,LY.00.20,高危因素代码,106,体重<40KG,
4,自定义值域代码,LY.00.20,高危因素代码,107,体重>70KG,
4,自定义值域代码,LY.00.20,高危因素代码,108,轻度智力低下,
4,自定义值域代码,LY.00.20,高危因素代码,109,中度智力低下,
4,自定义值域代码,LY.00.20,高危因素代码,110,重度智力低下,
4,自定义值域代码,LY.00.20,高危因素代码,201,流产史≥2次(人工+自然),
4,自定义值域代码,LY.00.20,高危因素代码,202,自然流产≥3次,
4,自定义值域代码,LY.00.20,高危因素代码,203,早产史≥2次,
4,自定义值域代码,LY.00.20,高危因素代码,204,先天畸形史,
4,自定义值域代码,LY.00.20,高危因素代码,205,围产儿死亡史,
4,自定义值域代码,LY.00.20,高危因素代码,206,难产史,
4,自定义值域代码,LY.00.20,高危因素代码,207,疤痕子宫,
4,自定义值域代码,LY.00.20,高危因素代码,208,产后出血史,
4,自定义值域代码,LY.00.20,高危因素代码,209,重度子痫前期、子痫史,
4,自定义值域代码,LY.00.20,高危因素代码,301,妊娠合并症心脏病(风心病、先心病、妊娠期高血压性心脏病、贫血性心脏病等),
4,自定义值域代码,LY.00.20,高危因素代码,302,病毒性肝炎,
4,自定义值域代码,LY.00.20,高危因素代码,303,乙肝大三阳,
4,自定义值域代码,LY.00.20,高危因素代码,304,乙肝小三阳,
4,自定义值域代码,LY.00.20,高危因素代码,305,妊娠合并贫血,
4,自定义值域代码,LY.00.20,高危因素代码,30501,轻度(90-100g/L),
4,自定义值域代码,LY.00.20,高危因素代码,30502,中度(≥60、<90g/L),
4,自定义值域代码,LY.00.20,高危因素代码,30503,重度(<60g/L),
4,自定义值域代码,LY.00.20,高危因素代码,306,糖尿病,
4,自定义值域代码,LY.00.20,高危因素代码,307,乙肝病毒携带者,
4,自定义值域代码,LY.00.20,高危因素代码,308,活动性病毒性肝炎,
4,自定义值域代码,LY.00.20,高危因素代码,309,甲状腺功能亢进或低下,
4,自定义值域代码,LY.00.20,高危因素代码,310,高血压,
4,自定义值域代码,LY.00.20,高危因素代码,311,肾脏疾病,
4,自定义值域代码,LY.00.20,高危因素代码,312,淋病或梅毒或尖锐湿疣,
4,自定义值域代码,LY.00.20,高危因素代码,313,艾滋病或沙眼衣原体感染,
4,自定义值域代码,LY.00.20,高危因素代码,401,酗酒、吸烟≥20支/日,
4,自定义值域代码,LY.00.20,高危因素代码,402,孕早期接触农药、放射线、孕期禁用药物及化学制剂,
4,自定义值域代码,LY.00.20,高危因素代码,403,文盲、贫困、家庭中受歧视,
4,自定义值域代码,LY.00.20,高危因素代码,404,丈夫长期不在家,
4,自定义值域代码,LY.00.20,高危因素代码,405,由居住地到卫生院需要1小时以上,
4,自定义值域代码,LY.00.20,高危因素代码,501,骨盆异常(畸形、狭窄),
4,自定义值域代码,LY.00.20,高危因素代码,502,胎位异常（臀先露、肩先露）,
4,自定义值域代码,LY.00.20,高危因素代码,503,先兆早产,
4,自定义值域代码,LY.00.20,高危因素代码,50301,先兆早产34-36周,
4,自定义值域代码,LY.00.20,高危因素代码,50302,先兆早产<34周,
4,自定义值域代码,LY.00.20,高危因素代码,504,过期妊娠,
4,自定义值域代码,LY.00.20,高危因素代码,505,胎膜早破,
4,自定义值域代码,LY.00.20,高危因素代码,506,胎儿窘迫,
4,自定义值域代码,LY.00.20,高危因素代码,507,胎儿生长受限,
4,自定义值域代码,LY.00.20,高危因素代码,508,胎儿先天畸形,
4,自定义值域代码,LY.00.20,高危因素代码,510,死胎,
4,自定义值域代码,LY.00.20,高危因素代码,51002,RH血型不合,
4,自定义值域代码,LY.00.20,高危因素代码,511,母儿血型不合,
4,自定义值域代码,LY.00.20,高危因素代码,51101,ABO血型不合,
4,自定义值域代码,LY.00.20,高危因素代码,512,妊娠高血压疾病,
4,自定义值域代码,LY.00.20,高危因素代码,51201,妊娠期高血压,
4,自定义值域代码,LY.00.20,高危因素代码,51202,轻度子痫前期,
4,自定义值域代码,LY.00.20,高危因素代码,51203,重度子痫前期,
4,自定义值域代码,LY.00.20,高危因素代码,51204,子痫,
4,自定义值域代码,LY.00.20,高危因素代码,51205,慢性高血压并发子痫前期,
4,自定义值域代码,LY.00.20,高危因素代码,51206,妊娠合并慢性高血压,
4,自定义值域代码,LY.00.20,高危因素代码,513,妊娠期肝内胆汁淤积症,
4,自定义值域代码,LY.00.20,高危因素代码,514,胎盘早剥,
4,自定义值域代码,LY.00.20,高危因素代码,515,前置胎盘,
4,自定义值域代码,LY.00.20,高危因素代码,516,多胎妊娠,
4,自定义值域代码,LY.00.20,高危因素代码,51601,双胎,
4,自定义值域代码,LY.00.20,高危因素代码,51602,三胎及以上,
4,自定义值域代码,LY.00.20,高危因素代码,517,巨儿大,
4,自定义值域代码,LY.00.20,高危因素代码,518,羊水过多,
4,自定义值域代码,LY.00.20,高危因素代码,519,羊水过多伴症状,
4,自定义值域代码,LY.00.20,高危因素代码,520,羊水过少,
4,自定义值域代码,LY.00.20,高危因素代码,521,孕妇及一级亲属有遗传病史,
4,自定义值域代码,LY.00.20,高危因素代码,601,其他,
4,自定义值域代码,LY.00.26,死亡原因,1,躯体疾病,
4,自定义值域代码,LY.00.26,死亡原因,11,传染病和寄生虫病,
4,自定义值域代码,LY.00.26,死亡原因,12,肿瘤,
4,自定义值域代码,LY.00.26,死亡原因,13,心脏病,
4,自定义值域代码,LY.00.26,死亡原因,14,脑血管病,
4,自定义值域代码,LY.00.26,死亡原因,15,呼吸系统疾病,
4,自定义值域代码,LY.00.26,死亡原因,16,消化系统疾病,
4,自定义值域代码,LY.00.26,死亡原因,17,其他疾病,
4,自定义值域代码,LY.00.26,死亡原因,18,不详,
4,自定义值域代码,LY.00.26,死亡原因,2,自杀,
4,自定义值域代码,LY.00.26,死亡原因,3,他杀,
4,自定义值域代码,LY.00.26,死亡原因,4,意外,
4,自定义值域代码,LY.00.26,死亡原因,5,精神疾病相关并发症,
4,自定义值域代码,LY.00.26,死亡原因,6,其他,
4,自定义值域代码,LY.00.31,本次随访分类编码,1,不稳定,
4,自定义值域代码,LY.00.31,本次随访分类编码,2,基本稳定,
4,自定义值域代码,LY.00.31,本次随访分类编码,3,稳定,
4,自定义值域代码,LY.00.31,本次随访分类编码,4,未访到,
4,自定义值域代码,LY.00.36,妊娠期患病情况代码,1,无,
4,自定义值域代码,LY.00.36,妊娠期患病情况代码,2,糖尿病,
4,自定义值域代码,LY.00.36,妊娠期患病情况代码,3,妊娠期高血压,
4,自定义值域代码,LY.00.36,妊娠期患病情况代码,4,其他,
4,自定义值域代码,LY.00.37,治疗效果,1,显著改善,
4,自定义值域代码,LY.00.37,治疗效果,2,改善,
4,自定义值域代码,LY.00.37,治疗效果,3,无变化,
4,自定义值域代码,LY.00.37,治疗效果,4,恶化,
4,自定义值域代码,LY.00.38,出生地点,1,医院,
4,自定义值域代码,LY.00.38,出生地点,2,妇幼保健院,
4,自定义值域代码,LY.00.38,出生地点,3,家庭,
4,自定义值域代码,LY.00.38,出生地点,9,其他,
4,自定义值域代码,LY.00.39,医保区划数据来源,1,上报数据,
4,自定义值域代码,LY.00.39,医保区划数据来源,2,民政数据,
4,自定义值域代码,LY.00.39,医保区划数据来源,3,异地就医扩充数据,
4,自定义值域代码,LY.00.39,医保区划数据来源,4,电子凭证扩充数据,
4,自定义值域代码,LY.00.39,医保区划数据来源,9,自定义扩展,
4,自定义值域代码,LY.00.40,公务员等级,101,国家级正职,
4,自定义值域代码,LY.00.40,公务员等级,102,国家级副职,
4,自定义值域代码,LY.00.40,公务员等级,111,省部级正职,
4,自定义值域代码,LY.00.40,公务员等级,112,省部级副职,
4,自定义值域代码,LY.00.40,公务员等级,121,厅局级正职,
4,自定义值域代码,LY.00.40,公务员等级,122,厅局级副职,
4,自定义值域代码,LY.00.40,公务员等级,131,县处级正职,
4,自定义值域代码,LY.00.40,公务员等级,132,县处级副职,
4,自定义值域代码,LY.00.40,公务员等级,141,乡科级正职,
4,自定义值域代码,LY.00.40,公务员等级,142,乡科级副职,
4,自定义值域代码,LY.00.40,公务员等级,150,科员级,
4,自定义值域代码,LY.00.40,公务员等级,199,未定职,
4,自定义值域代码,LY.00.41,手术级别,01,一级,
4,自定义值域代码,LY.00.41,手术级别,02,二级,
4,自定义值域代码,LY.00.41,手术级别,03,三级,
4,自定义值域代码,LY.00.41,手术级别,04,四级,
4,自定义值域代码,LY.00.41,手术级别,05,未分级,
4,自定义值域代码,LY.00.41,手术级别,06,其它,
4,自定义值域代码,LY.00.42,药物过敏史代码,1,无,
4,自定义值域代码,LY.00.42,药物过敏史代码,2,青霉素,
4,自定义值域代码,LY.00.42,药物过敏史代码,3,磺胺,
4,自定义值域代码,LY.00.42,药物过敏史代码,4,链霉素,
4,自定义值域代码,LY.00.42,药物过敏史代码,5,其他,
4,自定义值域代码,LY.00.46,隶属关系,10,中央,
4,自定义值域代码,LY.00.46,隶属关系,20,省,
4,自定义值域代码,LY.00.46,隶属关系,40,市、地区,
4,自定义值域代码,LY.00.46,隶属关系,50,县（区）,
4,自定义值域代码,LY.00.46,隶属关系,52,县,
4,自定义值域代码,LY.00.46,隶属关系,60,街道、镇、乡,
4,自定义值域代码,LY.00.46,隶属关系,61,街道,
4,自定义值域代码,LY.00.46,隶属关系,62,镇,
4,自定义值域代码,LY.00.46,隶属关系,63,乡,
4,自定义值域代码,LY.00.46,隶属关系,70,居民、村民委员会,
4,自定义值域代码,LY.00.46,隶属关系,71,居民委员会,
4,自定义值域代码,LY.00.46,隶属关系,72,村民委员会,
4,自定义值域代码,LY.00.46,隶属关系,80,军队,
4,自定义值域代码,LY.00.46,隶属关系,90,其他,
4,自定义值域代码,LY.00.46,隶属关系,51,区,
4,自定义值域代码,LY.00.47,所属行业,100,农、林、牧、渔业,
4,自定义值域代码,LY.00.47,所属行业,0101,农业,
4,自定义值域代码,LY.00.47,所属行业,0102,林业,
4,自定义值域代码,LY.00.47,所属行业,0103,畜牧业,
4,自定义值域代码,LY.00.47,所属行业,0104,渔业,
4,自定义值域代码,LY.00.47,所属行业,0105,农、林、牧、渔专业及辅助性活动,
4,自定义值域代码,LY.00.47,所属行业,0200,采矿业,
4,自定义值域代码,LY.00.47,所属行业,0206,煤炭开采和洗选业,
4,自定义值域代码,LY.00.47,所属行业,0207,石油和天然气开采业,
4,自定义值域代码,LY.00.47,所属行业,0208,黑色金属矿采选业,
4,自定义值域代码,LY.00.47,所属行业,0209,有色金属矿采选业,
4,自定义值域代码,LY.00.47,所属行业,0210,非金属矿采选业,
4,自定义值域代码,LY.00.47,所属行业,0211,其他采矿业,
4,自定义值域代码,LY.00.47,所属行业,0300,制造业,
4,自定义值域代码,LY.00.47,所属行业,0313,农副食品加工业,
4,自定义值域代码,LY.00.47,所属行业,0314,食品制造业,
4,自定义值域代码,LY.00.47,所属行业,0315,饮料制造业,
4,自定义值域代码,LY.00.47,所属行业,0316,烟草制品业,
4,自定义值域代码,LY.00.47,所属行业,0317,纺织业,
4,自定义值域代码,LY.00.47,所属行业,0318,纺织服装、鞋、帽制造业,
4,自定义值域代码,LY.00.47,所属行业,0319,皮革、毛皮、羽毛（绒）及其制品业,
4,自定义值域代码,LY.00.47,所属行业,0320,木材加工及木、竹、藤、棕、草制品业,
4,自定义值域代码,LY.00.47,所属行业,0321,家具制造业,
4,自定义值域代码,LY.00.47,所属行业,0322,造纸及纸制品业,
4,自定义值域代码,LY.00.47,所属行业,0323,印刷业和记录媒介的复制,
4,自定义值域代码,LY.00.47,所属行业,0324,文教体育用品制造业,
4,自定义值域代码,LY.00.47,所属行业,0325,石油加工、炼焦及核燃料加工业,
4,自定义值域代码,LY.00.47,所属行业,0326,化学原料及化学制品制造业,
4,自定义值域代码,LY.00.47,所属行业,0327,医药制造业,
4,自定义值域代码,LY.00.47,所属行业,0328,化学纤维制造业,
4,自定义值域代码,LY.00.47,所属行业,0329,橡胶制品业,
4,自定义值域代码,LY.00.47,所属行业,0330,塑料制品业,
4,自定义值域代码,LY.00.47,所属行业,0331,非金属矿物制品业,
4,自定义值域代码,LY.00.47,所属行业,0332,黑色金属冶炼及压延加工业,
4,自定义值域代码,LY.00.47,所属行业,0333,有色金属冶炼及压延加工业,
4,自定义值域代码,LY.00.47,所属行业,0334,金属制品业,
4,自定义值域代码,LY.00.47,所属行业,0335,通用设备制造业,
4,自定义值域代码,LY.00.47,所属行业,0336,专用设备制造业,
4,自定义值域代码,LY.00.47,所属行业,0337,交通运输设备制造业,
4,自定义值域代码,LY.00.47,所属行业,0339,电气机械及器材制造业,
4,自定义值域代码,LY.00.47,所属行业,0340,通信设备、计算机及其他电子设备制造业,
4,自定义值域代码,LY.00.47,所属行业,0341,仪器仪表及文化、办公用机械制造业,
4,自定义值域代码,LY.00.47,所属行业,0342,工艺品及其他制造业,
4,自定义值域代码,LY.00.47,所属行业,0343,废弃资源和废旧材料回收加工业,
4,自定义值域代码,LY.00.47,所属行业,0400,电力、燃气及水的生产和供应业,
4,自定义值域代码,LY.00.47,所属行业,0444,电力、热力的生产和供应业,
4,自定义值域代码,LY.00.47,所属行业,0445,燃气生产和供应业,
4,自定义值域代码,LY.00.47,所属行业,0446,水的生产和供应业,
4,自定义值域代码,LY.00.47,所属行业,0500,建筑业,
4,自定义值域代码,LY.00.47,所属行业,0547,房屋和土木工程建筑业,
4,自定义值域代码,LY.00.47,所属行业,0548,建筑安装业,
4,自定义值域代码,LY.00.47,所属行业,0549,建筑装饰业,
4,自定义值域代码,LY.00.47,所属行业,0550,其他建筑业,
4,自定义值域代码,LY.00.47,所属行业,0600,交通运输、仓储和邮政业,
4,自定义值域代码,LY.00.47,所属行业,0651,铁路运输业,
4,自定义值域代码,LY.00.47,所属行业,0652,道路运输业,
4,自定义值域代码,LY.00.47,所属行业,0653,城市公共交通业,
4,自定义值域代码,LY.00.47,所属行业,0654,水上运输业,
4,自定义值域代码,LY.00.47,所属行业,0655,航空运输业,
4,自定义值域代码,LY.00.47,所属行业,0656,管道运输业,
4,自定义值域代码,LY.00.47,所属行业,0657,装卸搬运和其他运输服务业,
4,自定义值域代码,LY.00.47,所属行业,0658,仓储业,
4,自定义值域代码,LY.00.47,所属行业,0659,邮政业,
4,自定义值域代码,LY.00.47,所属行业,0700,信息传输、计算机服务和软件业,
4,自定义值域代码,LY.00.47,所属行业,0760,电信和其他信息传输服务业,
4,自定义值域代码,LY.00.47,所属行业,0761,计算机服务业,
4,自定义值域代码,LY.00.47,所属行业,0762,软件业,
4,自定义值域代码,LY.00.47,所属行业,0800,批发和零售业,
4,自定义值域代码,LY.00.47,所属行业,0863,批发业,
4,自定义值域代码,LY.00.47,所属行业,0865,零售业,
4,自定义值域代码,LY.00.47,所属行业,0900,住宿和餐饮业,
4,自定义值域代码,LY.00.47,所属行业,0966,住宿业,
4,自定义值域代码,LY.00.47,所属行业,0967,餐饮业,
4,自定义值域代码,LY.00.47,所属行业,1000,金融业,
4,自定义值域代码,LY.00.47,所属行业,1068,银行业,
4,自定义值域代码,LY.00.47,所属行业,1069,证券业,
4,自定义值域代码,LY.00.47,所属行业,1070,保险业,
4,自定义值域代码,LY.00.47,所属行业,1071,其他金融活动,
4,自定义值域代码,LY.00.47,所属行业,1100,房地产业,
4,自定义值域代码,LY.00.47,所属行业,1172,房地产业,
4,自定义值域代码,LY.00.47,所属行业,1200,租赁和商务服务业,
4,自定义值域代码,LY.00.47,所属行业,1273,租赁业,
4,自定义值域代码,LY.00.47,所属行业,1274,商务服务业,
4,自定义值域代码,LY.00.47,所属行业,1300,科学研究、技术服务和地质勘查业,
4,自定义值域代码,LY.00.47,所属行业,1375,研究与试验发展,
4,自定义值域代码,LY.00.47,所属行业,1376,专业技术服务业,
4,自定义值域代码,LY.00.47,所属行业,1377,科技交流和推广服务业,
4,自定义值域代码,LY.00.47,所属行业,1378,地质勘查业,
4,自定义值域代码,LY.00.47,所属行业,1400,水利、环境和公共设施管理业,
4,自定义值域代码,LY.00.47,所属行业,1479,水利管理业,
4,自定义值域代码,LY.00.47,所属行业,1480,环境管理业,
4,自定义值域代码,LY.00.47,所属行业,1481,公共设施管理业,
4,自定义值域代码,LY.00.47,所属行业,1500,居民服务和其他服务业,
4,自定义值域代码,LY.00.47,所属行业,1582,居民服务业,
4,自定义值域代码,LY.00.47,所属行业,1583,其他服务业,
4,自定义值域代码,LY.00.47,所属行业,1600,教育,
4,自定义值域代码,LY.00.47,所属行业,1684,教育,
4,自定义值域代码,LY.00.47,所属行业,1700,卫生、社会保障和社会福利业,
4,自定义值域代码,LY.00.47,所属行业,1785,卫生,
4,自定义值域代码,LY.00.47,所属行业,1786,社会保障业,
4,自定义值域代码,LY.00.47,所属行业,1787,社会福利业,
4,自定义值域代码,LY.00.47,所属行业,1800,文化、体育和娱乐业,
4,自定义值域代码,LY.00.47,所属行业,1888,新闻出版业,
4,自定义值域代码,LY.00.47,所属行业,1889,广播、电视、电影和音像业,
4,自定义值域代码,LY.00.47,所属行业,1890,文化艺术业,
4,自定义值域代码,LY.00.47,所属行业,1891,体育,
4,自定义值域代码,LY.00.47,所属行业,1892,娱乐业,
4,自定义值域代码,LY.00.47,所属行业,1900,公共管理和社会组织,
4,自定义值域代码,LY.00.47,所属行业,1993,中国共产党机关,
4,自定义值域代码,LY.00.47,所属行业,1994,国家机构,
4,自定义值域代码,LY.00.47,所属行业,1995,人民政协和民主党派,
4,自定义值域代码,LY.00.47,所属行业,1996,群众团体、社会团体和宗教组织,
4,自定义值域代码,LY.00.47,所属行业,1997,基层群众自治组织,
4,自定义值域代码,LY.00.47,所属行业,2000,国际组织,
4,自定义值域代码,LY.00.48,计划生育类别,1,放置宫内节育器,
4,自定义值域代码,LY.00.48,计划生育类别,2,取出宫内节育器,
4,自定义值域代码,LY.00.48,计划生育类别,3,流产术,
4,自定义值域代码,LY.00.48,计划生育类别,301,人流(含药流)(8周以下),三医联动
4,自定义值域代码,LY.00.48,计划生育类别,302,人流(含药流)(8周以上),三医联动
4,自定义值域代码,LY.00.48,计划生育类别,4,引产术,
4,自定义值域代码,LY.00.48,计划生育类别,401,中期引产(14-28周),三医联动
4,自定义值域代码,LY.00.48,计划生育类别,402,晚期引产(28周以上),三医联动
4,自定义值域代码,LY.00.48,计划生育类别,5,绝育手术,
4,自定义值域代码,LY.00.48,计划生育类别,6,绝育复通手术,
4,自定义值域代码,LY.00.48,计划生育类别,7,绝育手术（输精管）,
4,自定义值域代码,LY.00.48,计划生育类别,8,绝育复通手术（输精管）,
4,自定义值域代码,LY.00.48,计划生育类别,9,其他,
4,自定义值域代码,LY.00.48,计划生育类别,413,早期妊娠住院流产（未满14周）,
4,自定义值域代码,LY.00.48,计划生育类别,9936,开腹取环术,
4,自定义值域代码,LY.00.48,计划生育类别,9937,药物性引产处置术,
4,自定义值域代码,LY.00.48,计划生育类别,9938,刮宫术,
4,自定义值域代码,LY.00.48,计划生育类别,9939,数字化X线子宫输卵管碘油造影,
4,自定义值域代码,LY.00.48,计划生育类别,9940,子宫输卵管通液术,
4,自定义值域代码,LY.00.48,计划生育类别,9941,妇科检查,
4,自定义值域代码,LY.00.48,计划生育类别,9942,人工破膜术,
4,自定义值域代码,LY.00.48,计划生育类别,D310101_TRE110101,普通门诊年度累计,
4,自定义值域代码,LY.00.48,计划生育类别,D610101_BIZ28,日间手术医疗救助基金,
4,自定义值域代码,LY.00.48,计划生育类别,D999998_BIZ28_POLGB01,日间手术公务员补助一档自付,
4,自定义值域代码,LY.00.48,计划生育类别,D999998_BIZ28_POLGB02,日间手术公务员补助二档自付,
4,自定义值域代码,LY.00.48,计划生育类别,TQ320101_BIZ28,日间手术公务员医疗补助起付线,
4,自定义值域代码,LY.00.48,计划生育类别,TS320101_BIZ28,日间手术公务员医疗补助合规费用,
4,自定义值域代码,LY.00.48,计划生育类别,TQ610101_BIZ28,日间手术医疗救助起付线,
4,自定义值域代码,LY.00.48,计划生育类别,TS610101_BIZ28,日间手术医疗救助合规费用,
4,自定义值域代码,LY.00.48,计划生育类别,52C15,输卵管结扎手术（住院）,
4,自定义值域代码,LY.00.48,计划生育类别,52C13,输精管结扎手术（住院）,
4,自定义值域代码,LY.00.48,计划生育类别,9826,住院-终止妊娠,
4,自定义值域代码,LY.00.48,计划生育类别,9820,门诊-计划生育手术,
4,自定义值域代码,LY.00.48,计划生育类别,9821,住院-计划生育手术,
4,自定义值域代码,LY.00.48,计划生育类别,9823,未满4个月流产术(压吸宫),
4,自定义值域代码,LY.00.48,计划生育类别,9824,未满4个月流产术(钳刮术),
4,自定义值域代码,LY.00.48,计划生育类别,9825,职工生育-特殊情形(实报实销),
4,自定义值域代码,LY.00.48,计划生育类别,98,满7个月终止妊娠（综合）,
4,自定义值域代码,LY.00.48,计划生育类别,52C21,妊娠3个月以上引产,
4,自定义值域代码,LY.00.48,计划生育类别,9903,怀孕未满4个月终止妊娠15天+取出宫内节育器1天,
4,自定义值域代码,LY.00.48,计划生育类别,9151,流产12周以下（流产术+取出宫内节育器）,
4,自定义值域代码,LY.00.48,计划生育类别,9152,流产12周以上（流产术+取出宫内节育器）,
4,自定义值域代码,LY.00.48,计划生育类别,9251,流产12周以下（流产术+放置宫内节育器）,
4,自定义值域代码,LY.00.48,计划生育类别,9252,流产12周以上（流产术+放置宫内节育器）,
4,自定义值域代码,LY.00.48,计划生育类别,9351,流产12周以下（流产术+绝育手术）,
4,自定义值域代码,LY.00.48,计划生育类别,9352,流产12周以上（流产术+绝育手术）,
4,自定义值域代码,LY.00.48,计划生育类别,9315,93-流产术+绝育手术15天,
4,自定义值域代码,LY.00.48,计划生育类别,9316,93-流产术+绝育手术16天,
4,自定义值域代码,LY.00.48,计划生育类别,9317,93-流产术+绝育手术17天,
4,自定义值域代码,LY.00.48,计划生育类别,9318,93-流产术+绝育手术18天,
4,自定义值域代码,LY.00.48,计划生育类别,9319,93-流产术+绝育手术19天,
4,自定义值域代码,LY.00.48,计划生育类别,9320,93-流产术+绝育手术20天,
4,自定义值域代码,LY.00.48,计划生育类别,9321,93-流产术+绝育手术21天,
4,自定义值域代码,LY.00.48,计划生育类别,9322,93-流产术+绝育手术22天,
4,自定义值域代码,LY.00.48,计划生育类别,9323,93-流产术+绝育手术23天,
4,自定义值域代码,LY.00.48,计划生育类别,9324,93-流产术+绝育手术24天,
4,自定义值域代码,LY.00.48,计划生育类别,9325,93-流产术+绝育手术25天,
4,自定义值域代码,LY.00.48,计划生育类别,9326,93-流产术+绝育手术26天,
4,自定义值域代码,LY.00.48,计划生育类别,9327,93-流产术+绝育手术27天,
4,自定义值域代码,LY.00.48,计划生育类别,9328,93-流产术+绝育手术28天,
4,自定义值域代码,LY.00.48,计划生育类别,9329,93-流产术+绝育手术29天,
4,自定义值域代码,LY.00.48,计划生育类别,9330,93-流产术+绝育手术30天,
4,自定义值域代码,LY.00.48,计划生育类别,9215,92-流产术+放置宫内节育器15天,
4,自定义值域代码,LY.00.48,计划生育类别,9216,92-流产术+放置宫内节育器16天,
4,自定义值域代码,LY.00.48,计划生育类别,9217,92-流产术+放置宫内节育器17天,
4,自定义值域代码,LY.00.48,计划生育类别,9218,92-流产术+放置宫内节育器18天,
4,自定义值域代码,LY.00.48,计划生育类别,9219,92-流产术+放置宫内节育器19天,
4,自定义值域代码,LY.00.48,计划生育类别,9220,92-流产术+放置宫内节育器20天,
4,自定义值域代码,LY.00.48,计划生育类别,9221,92-流产术+放置宫内节育器21天,
4,自定义值域代码,LY.00.48,计划生育类别,9222,92-流产术+放置宫内节育器22天,
4,自定义值域代码,LY.00.48,计划生育类别,9223,92-流产术+放置宫内节育器23天,
4,自定义值域代码,LY.00.48,计划生育类别,9224,92-流产术+放置宫内节育器24天,
4,自定义值域代码,LY.00.48,计划生育类别,9225,92-流产术+放置宫内节育器25天,
4,自定义值域代码,LY.00.48,计划生育类别,9226,92-流产术+放置宫内节育器26天,
4,自定义值域代码,LY.00.48,计划生育类别,9227,92-流产术+放置宫内节育器27天,
4,自定义值域代码,LY.00.48,计划生育类别,9228,92-流产术+放置宫内节育器28天,
4,自定义值域代码,LY.00.48,计划生育类别,9229,92-流产术+放置宫内节育器29天,
4,自定义值域代码,LY.00.48,计划生育类别,9230,92-流产术+放置宫内节育器30天,
4,自定义值域代码,LY.00.48,计划生育类别,9115,91-流产术+取出宫内节育器15天,
4,自定义值域代码,LY.00.48,计划生育类别,9116,91-流产术+取出宫内节育器16天,
4,自定义值域代码,LY.00.48,计划生育类别,9117,91-流产术+取出宫内节育器17天,
4,自定义值域代码,LY.00.48,计划生育类别,9118,91-流产术+取出宫内节育器18天,
4,自定义值域代码,LY.00.48,计划生育类别,9119,91-流产术+取出宫内节育器19天,
4,自定义值域代码,LY.00.48,计划生育类别,9120,91-流产术+取出宫内节育器20天,
4,自定义值域代码,LY.00.48,计划生育类别,9121,91-流产术+取出宫内节育器21天,
4,自定义值域代码,LY.00.48,计划生育类别,9122,91-流产术+取出宫内节育器22天,
4,自定义值域代码,LY.00.48,计划生育类别,9123,91-流产术+取出宫内节育器23天,
4,自定义值域代码,LY.00.48,计划生育类别,9124,91-流产术+取出宫内节育器24天,
4,自定义值域代码,LY.00.48,计划生育类别,9125,91-流产术+取出宫内节育器25天,
4,自定义值域代码,LY.00.48,计划生育类别,9126,91-流产术+取出宫内节育器26天,
4,自定义值域代码,LY.00.48,计划生育类别,9127,91-流产术+取出宫内节育器27天,
4,自定义值域代码,LY.00.48,计划生育类别,9128,91-流产术+取出宫内节育器28天,
4,自定义值域代码,LY.00.48,计划生育类别,9129,91-流产术+取出宫内节育器29天,
4,自定义值域代码,LY.00.48,计划生育类别,9130,91-流产术+取出宫内节育器30天,
4,自定义值域代码,LY.00.48,计划生育类别,9803,怀孕未满4个月人工流产+节育手术,
4,自定义值域代码,LY.00.48,计划生育类别,9804,怀孕4个月以上7个月以下人工流产+节育手术,
4,自定义值域代码,LY.00.48,计划生育类别,9805,怀孕7个月人工流产+节育手术,
4,自定义值域代码,LY.00.48,计划生育类别,9806,怀孕未满4个月人工流产+放置宫内节育器,
4,自定义值域代码,LY.00.48,计划生育类别,9807,怀孕4个月以上7个月以下人工流产+放置宫内节育器,
4,自定义值域代码,LY.00.48,计划生育类别,9808,怀孕7个月人工流产+放置宫内节育器,
4,自定义值域代码,LY.00.48,计划生育类别,9809,取出+放置宫内节育器,
4,自定义值域代码,LY.00.48,计划生育类别,9501,流产术15天,
4,自定义值域代码,LY.00.48,计划生育类别,9502,流产术16天,
4,自定义值域代码,LY.00.48,计划生育类别,9503,流产术17天,
4,自定义值域代码,LY.00.48,计划生育类别,9504,流产术18天,
4,自定义值域代码,LY.00.48,计划生育类别,9505,流产术19天,
4,自定义值域代码,LY.00.48,计划生育类别,9506,流产术20天,
4,自定义值域代码,LY.00.48,计划生育类别,9507,流产术21天,
4,自定义值域代码,LY.00.48,计划生育类别,9508,流产术22天,
4,自定义值域代码,LY.00.48,计划生育类别,9509,流产术23天,
4,自定义值域代码,LY.00.48,计划生育类别,9510,流产术24天,
4,自定义值域代码,LY.00.48,计划生育类别,9511,流产术25天,
4,自定义值域代码,LY.00.48,计划生育类别,9512,流产术26天,
4,自定义值域代码,LY.00.48,计划生育类别,9513,流产术27天,
4,自定义值域代码,LY.00.48,计划生育类别,9514,流产术28天,
4,自定义值域代码,LY.00.48,计划生育类别,9515,流产术29天,
4,自定义值域代码,LY.00.48,计划生育类别,9516,流产术30天,
4,自定义值域代码,LY.00.48,计划生育类别,9517,引产术15天,
4,自定义值域代码,LY.00.48,计划生育类别,9518,引产术16天,
4,自定义值域代码,LY.00.48,计划生育类别,9519,引产术17天,
4,自定义值域代码,LY.00.48,计划生育类别,9520,引产术18天,
4,自定义值域代码,LY.00.48,计划生育类别,9521,引产术19天,
4,自定义值域代码,LY.00.48,计划生育类别,9522,引产术20天,
4,自定义值域代码,LY.00.48,计划生育类别,9523,引产术21天,
4,自定义值域代码,LY.00.48,计划生育类别,9524,引产术22天,
4,自定义值域代码,LY.00.48,计划生育类别,9525,引产术23天,
4,自定义值域代码,LY.00.48,计划生育类别,9526,引产术24天,
4,自定义值域代码,LY.00.48,计划生育类别,9527,引产术25天,
4,自定义值域代码,LY.00.48,计划生育类别,9528,引产术26天,
4,自定义值域代码,LY.00.48,计划生育类别,9529,引产术27天,
4,自定义值域代码,LY.00.48,计划生育类别,9530,引产术28天,
4,自定义值域代码,LY.00.48,计划生育类别,9531,引产术29天,
4,自定义值域代码,LY.00.48,计划生育类别,9532,引产术30天,
4,自定义值域代码,LY.00.48,计划生育类别,9533,终止妊娠,
4,自定义值域代码,LY.00.48,计划生育类别,9534,终止妊娠15天,
4,自定义值域代码,LY.00.48,计划生育类别,9535,终止妊娠16天,
4,自定义值域代码,LY.00.48,计划生育类别,9536,终止妊娠17天,
4,自定义值域代码,LY.00.48,计划生育类别,9537,终止妊娠18天,
4,自定义值域代码,LY.00.48,计划生育类别,9538,终止妊娠19天,
4,自定义值域代码,LY.00.48,计划生育类别,9539,终止妊娠20天,
4,自定义值域代码,LY.00.48,计划生育类别,9540,终止妊娠21天,
4,自定义值域代码,LY.00.48,计划生育类别,9541,终止妊娠22天,
4,自定义值域代码,LY.00.48,计划生育类别,9542,终止妊娠23天,
4,自定义值域代码,LY.00.48,计划生育类别,9543,终止妊娠24天,
4,自定义值域代码,LY.00.48,计划生育类别,9544,终止妊娠25天,
4,自定义值域代码,LY.00.48,计划生育类别,9545,终止妊娠26天,
4,自定义值域代码,LY.00.48,计划生育类别,9546,终止妊娠27天,
4,自定义值域代码,LY.00.48,计划生育类别,9547,终止妊娠28天,
4,自定义值域代码,LY.00.48,计划生育类别,9548,终止妊娠29天,
4,自定义值域代码,LY.00.48,计划生育类别,9549,终止妊娠30天,
4,自定义值域代码,LY.00.49,生育类别,9,其他,
4,自定义值域代码,LY.00.49,生育类别,1,正常产,
4,自定义值域代码,LY.00.49,生育类别,2,助娩产,
4,自定义值域代码,LY.00.49,生育类别,3,剖宫产,
4,自定义值域代码,LY.00.49,生育类别,4,难产,
4,自定义值域代码,LY.00.49,生育类别,5,流产,
4,自定义值域代码,LY.00.49,生育类别,6,引产,
4,自定义值域代码,LY.00.49,生育类别,7,产前检查,
4,自定义值域代码,LY.00.49,生育类别,331,4(含)至7个月以下流产引产,
4,自定义值域代码,LY.00.49,生育类别,332,7个月以上生产早产引产,
4,自定义值域代码,LY.00.49,生育类别,508,早期妊娠流产（未满14周）,
4,自定义值域代码,LY.00.49,生育类别,67,中期妊娠引产（满14周未满16周）,
4,自定义值域代码,LY.00.49,生育类别,404,宫外孕手术治疗,
4,自定义值域代码,LY.00.49,生育类别,402,宫外孕保守治疗,
4,自定义值域代码,LY.00.49,生育类别,403,宫内节育器嵌顿,
4,自定义值域代码,LY.00.49,生育类别,99953,计划生育节育手术,
4,自定义值域代码,LY.00.49,生育类别,509,自然流产,
4,自定义值域代码,LY.00.49,生育类别,510,高危人工流产,
4,自定义值域代码,LY.00.49,生育类别,903,地中海贫血基因检测费（单人）,
4,自定义值域代码,LY.00.49,生育类别,904,地中海贫血基因检测费（双人）,
4,自定义值域代码,LY.00.49,生育类别,9907,普通住院（先兆流产）,
4,自定义值域代码,LY.00.49,生育类别,201,产钳助产,
4,自定义值域代码,LY.00.49,生育类别,202,胎吸助产,
4,自定义值域代码,LY.00.49,生育类别,333,2个月内流产引产,
4,自定义值域代码,LY.00.49,生育类别,334,2（含）至4个月流产引产,
4,自定义值域代码,LY.00.49,生育类别,335,7（含）个月以上流产引产,
4,自定义值域代码,LY.00.50,药物使用频次代码表,1,bid,每天二次
4,自定义值域代码,LY.00.50,药物使用频次代码表,2,biw,每周二次
4,自定义值域代码,LY.00.50,药物使用频次代码表,3,hs,睡前服用
4,自定义值域代码,LY.00.50,药物使用频次代码表,4,q12h,每12小时一次
4,自定义值域代码,LY.00.50,药物使用频次代码表,5,q1h,每小时一次
4,自定义值域代码,LY.00.50,药物使用频次代码表,6,q3h,每3小时一次
4,自定义值域代码,LY.00.50,药物使用频次代码表,7,q6h,每6小时一次
4,自定义值域代码,LY.00.50,药物使用频次代码表,8,q8h,每8小时一次
4,自定义值域代码,LY.00.50,药物使用频次代码表,9,qd,每天一次
4,自定义值域代码,LY.00.50,药物使用频次代码表,10,qid,每天四次
4,自定义值域代码,LY.00.50,药物使用频次代码表,11,qod,隔天一次
4,自定义值域代码,LY.00.50,药物使用频次代码表,12,qw,每周一次
4,自定义值域代码,LY.00.50,药物使用频次代码表,13,st,立即服用
4,自定义值域代码,LY.00.50,药物使用频次代码表,14,tid,每天三次
4,自定义值域代码,LY.00.50,药物使用频次代码表,15,q30d,1次/30d
4,自定义值域代码,LY.00.50,药物使用频次代码表,16,q2w,1次/2周
4,自定义值域代码,LY.00.50,药物使用频次代码表,17,tiw,每周三次
4,自定义值域代码,LY.00.50,药物使用频次代码表,18,q30m,1次/30m
4,自定义值域代码,LY.00.50,药物使用频次代码表,19,q2h,每2小时一次
4,自定义值域代码,LY.00.50,药物使用频次代码表,20,q4h,每4小时一次
4,自定义值域代码,LY.00.50,药物使用频次代码表,21,q5h,每5小时一次
4,自定义值域代码,LY.00.50,药物使用频次代码表,22,q12h,1次/12h
4,自定义值域代码,LY.00.50,药物使用频次代码表,23,q72h,1次/72h
4,自定义值域代码,LY.00.50,药物使用频次代码表,24,qm,每天中午一次
4,自定义值域代码,LY.00.50,药物使用频次代码表,25,qn,每晚一次
4,自定义值域代码,LY.00.50,药物使用频次代码表,26,qon,每2晚一次
4,自定义值域代码,LY.00.50,药物使用频次代码表,27,q5d,五天一次
4,自定义值域代码,LY.00.50,药物使用频次代码表,28,q10d,十天一次
4,自定义值域代码,LY.00.50,药物使用频次代码表,29,c12h,12小时维持
4,自定义值域代码,LY.00.50,药物使用频次代码表,30,c24h,24小时维持
4,自定义值域代码,LY.00.50,药物使用频次代码表,31,prn,必要时使用
4,自定义值域代码,LY.00.50,药物使用频次代码表,32,ac,明晨急化验
4,自定义值域代码,LY.00.50,药物使用频次代码表,33,am,明晨化验
4,自定义值域代码,LY.00.50,药物使用频次代码表,99,其他,
4,自定义值域代码,LY.00.51,卫生监督诊疗科目代码,A01,预防保健科,
4,自定义值域代码,LY.00.51,卫生监督诊疗科目代码,A02,全科医疗科,
4,自定义值域代码,LY.00.51,卫生监督诊疗科目代码,A03,内科,
4,自定义值域代码,LY.00.51,卫生监督诊疗科目代码,A03.01,呼吸内科专业,
4,自定义值域代码,LY.00.51,卫生监督诊疗科目代码,A03.02,消化内科专业,
4,自定义值域代码,LY.00.51,卫生监督诊疗科目代码,A03.03,神经内科专业,
4,自定义值域代码,LY.00.51,卫生监督诊疗科目代码,A03.04,心血管内科专业,
4,自定义值域代码,LY.00.51,卫生监督诊疗科目代码,A03.05,血液内科专业,
4,自定义值域代码,LY.00.51,卫生监督诊疗科目代码,A03.06,肾病学专业,
4,自定义值域代码,LY.00.51,卫生监督诊疗科目代码,A03.07,内分泌专业,
4,自定义值域代码,LY.00.51,卫生监督诊疗科目代码,A03.08,免疫学专业,
4,自定义值域代码,LY.00.51,卫生监督诊疗科目代码,A03.09,变态反应专业,
4,自定义值域代码,LY.00.51,卫生监督诊疗科目代码,A03.10,老年病专业,
4,自定义值域代码,LY.00.51,卫生监督诊疗科目代码,A03.11,其他,
4,自定义值域代码,LY.00.51,卫生监督诊疗科目代码,A04,外科,
4,自定义值域代码,LY.00.51,卫生监督诊疗科目代码,A04.01,普通外科专业,
4,自定义值域代码,LY.00.51,卫生监督诊疗科目代码,A04.01.01,肝脏移植项目,
4,自定义值域代码,LY.00.51,卫生监督诊疗科目代码,A04.01.02,胰腺移植项目,
4,自定义值域代码,LY.00.51,卫生监督诊疗科目代码,A04.01.03,小肠移植项目,
4,自定义值域代码,LY.00.51,卫生监督诊疗科目代码,A04.02,神经外科专业,
4,自定义值域代码,LY.00.51,卫生监督诊疗科目代码,A04.03,骨科专业,
4,自定义值域代码,LY.00.51,卫生监督诊疗科目代码,A04.04,泌尿外科专业,
4,自定义值域代码,LY.00.51,卫生监督诊疗科目代码,A04.04.01,肾脏移植项目,
4,自定义值域代码,LY.00.51,卫生监督诊疗科目代码,A04.05,胸外科专业,
4,自定义值域代码,LY.00.51,卫生监督诊疗科目代码,A04.05.01,肺脏移植项目,
4,自定义值域代码,LY.00.51,卫生监督诊疗科目代码,A04.06,心脏大血管外科专业,
4,自定义值域代码,LY.00.51,卫生监督诊疗科目代码,A04.06.01,心脏移植项目,
4,自定义值域代码,LY.00.51,卫生监督诊疗科目代码,A04.07,烧伤科专业,
4,自定义值域代码,LY.00.51,卫生监督诊疗科目代码,A04.08,整形外科专业,
4,自定义值域代码,LY.00.51,卫生监督诊疗科目代码,A04.09,其他,
4,自定义值域代码,LY.00.51,卫生监督诊疗科目代码,A05,妇产科,
4,自定义值域代码,LY.00.51,卫生监督诊疗科目代码,A05.01,妇科专业,
4,自定义值域代码,LY.00.51,卫生监督诊疗科目代码,A05.02,产科专业,
4,自定义值域代码,LY.00.51,卫生监督诊疗科目代码,A05.03,计划生育专业,
4,自定义值域代码,LY.00.51,卫生监督诊疗科目代码,A05.04,优生学专业,
4,自定义值域代码,LY.00.51,卫生监督诊疗科目代码,A05.05,生殖健康与不孕症专业,
4,自定义值域代码,LY.00.51,卫生监督诊疗科目代码,A05.06,其他,
4,自定义值域代码,LY.00.51,卫生监督诊疗科目代码,A06,妇女保健科,
4,自定义值域代码,LY.00.51,卫生监督诊疗科目代码,A06.01,青春期保健专业,
4,自定义值域代码,LY.00.51,卫生监督诊疗科目代码,A06.02,围产期保健专业,
4,自定义值域代码,LY.00.51,卫生监督诊疗科目代码,A06.03,更年期保健专业,
4,自定义值域代码,LY.00.51,卫生监督诊疗科目代码,A06.04,妇女心理卫生专业,
4,自定义值域代码,LY.00.51,卫生监督诊疗科目代码,A06.05,妇女营养专业,
4,自定义值域代码,LY.00.51,卫生监督诊疗科目代码,A06.06,其他,
4,自定义值域代码,LY.00.51,卫生监督诊疗科目代码,A07,儿科,
4,自定义值域代码,LY.00.51,卫生监督诊疗科目代码,A07.01,新生儿专业,
4,自定义值域代码,LY.00.51,卫生监督诊疗科目代码,A07.02,小儿传染病专业,
4,自定义值域代码,LY.00.51,卫生监督诊疗科目代码,A07.03,小儿消化专业,
4,自定义值域代码,LY.00.51,卫生监督诊疗科目代码,A07.04,小儿呼吸专业,
4,自定义值域代码,LY.00.51,卫生监督诊疗科目代码,A07.05,小儿心脏病专业,
4,自定义值域代码,LY.00.51,卫生监督诊疗科目代码,A07.06,小儿肾病专业,
4,自定义值域代码,LY.00.51,卫生监督诊疗科目代码,A07.07,小儿血液病专业,
4,自定义值域代码,LY.00.51,卫生监督诊疗科目代码,A07.08,小儿神经病学专业,
4,自定义值域代码,LY.00.51,卫生监督诊疗科目代码,A07.09,小儿内分泌专业,
4,自定义值域代码,LY.00.51,卫生监督诊疗科目代码,A07.10,小儿遗传病专业,
4,自定义值域代码,LY.00.51,卫生监督诊疗科目代码,A07.11,小儿免疫专业,
4,自定义值域代码,LY.00.51,卫生监督诊疗科目代码,A07.12,其他,
4,自定义值域代码,LY.00.51,卫生监督诊疗科目代码,A08,小儿外科,
4,自定义值域代码,LY.00.51,卫生监督诊疗科目代码,A08.01,小儿普通外科专业,
4,自定义值域代码,LY.00.51,卫生监督诊疗科目代码,A08.02,小儿骨科专业,
4,自定义值域代码,LY.00.51,卫生监督诊疗科目代码,A08.03,小儿泌尿外科专业,
4,自定义值域代码,LY.00.51,卫生监督诊疗科目代码,A08.04,小儿胸心外科专业,
4,自定义值域代码,LY.00.51,卫生监督诊疗科目代码,A08.05,小儿神经外科专业,
4,自定义值域代码,LY.00.51,卫生监督诊疗科目代码,A08.06,其他,
4,自定义值域代码,LY.00.51,卫生监督诊疗科目代码,A09,儿童保健科,
4,自定义值域代码,LY.00.51,卫生监督诊疗科目代码,A09.01,儿童生长发育专业,
4,自定义值域代码,LY.00.51,卫生监督诊疗科目代码,A09.02,儿童营养专业,
4,自定义值域代码,LY.00.51,卫生监督诊疗科目代码,A09.03,儿童心理卫生专业,
4,自定义值域代码,LY.00.51,卫生监督诊疗科目代码,A09.04,儿童五官保健专业,
4,自定义值域代码,LY.00.51,卫生监督诊疗科目代码,A09.05,儿童康复专业,
4,自定义值域代码,LY.00.51,卫生监督诊疗科目代码,A09.06,其他,
4,自定义值域代码,LY.00.51,卫生监督诊疗科目代码,A10,眼科,
4,自定义值域代码,LY.00.51,卫生监督诊疗科目代码,A11,耳鼻咽喉科,
4,自定义值域代码,LY.00.51,卫生监督诊疗科目代码,A11.01,耳科专业,
4,自定义值域代码,LY.00.51,卫生监督诊疗科目代码,A11.02,鼻科专业,
4,自定义值域代码,LY.00.51,卫生监督诊疗科目代码,A11.03,咽喉科专业,
4,自定义值域代码,LY.00.51,卫生监督诊疗科目代码,A11.04,其他,
4,自定义值域代码,LY.00.51,卫生监督诊疗科目代码,A12,口腔科,
4,自定义值域代码,LY.00.51,卫生监督诊疗科目代码,A12.01,牙体牙髓病专业,
4,自定义值域代码,LY.00.51,卫生监督诊疗科目代码,A12.02,牙周病专业,
4,自定义值域代码,LY.00.51,卫生监督诊疗科目代码,A12.03,口腔黏膜病专业,
4,自定义值域代码,LY.00.51,卫生监督诊疗科目代码,A12.04,儿童口腔专业,
4,自定义值域代码,LY.00.51,卫生监督诊疗科目代码,A12.05,口腔颌骨外科专业,
4,自定义值域代码,LY.00.51,卫生监督诊疗科目代码,A12.06,口腔修复专业,
4,自定义值域代码,LY.00.51,卫生监督诊疗科目代码,A12.07,口腔正畸专业,
4,自定义值域代码,LY.00.51,卫生监督诊疗科目代码,A12.08,口腔种植专业,
4,自定义值域代码,LY.00.51,卫生监督诊疗科目代码,A12.09,口腔麻醉专业,
4,自定义值域代码,LY.00.51,卫生监督诊疗科目代码,A12.10,口腔颌面医学影像专业,
4,自定义值域代码,LY.00.51,卫生监督诊疗科目代码,A12.11,口腔病理专业,
4,自定义值域代码,LY.00.51,卫生监督诊疗科目代码,A12.12,预防口腔专业,
4,自定义值域代码,LY.00.51,卫生监督诊疗科目代码,A12.13,其他,
4,自定义值域代码,LY.00.51,卫生监督诊疗科目代码,A13,皮肤科,
4,自定义值域代码,LY.00.51,卫生监督诊疗科目代码,A13.01,皮肤病专业,
4,自定义值域代码,LY.00.51,卫生监督诊疗科目代码,A13.02,性传播疾病专业,
4,自定义值域代码,LY.00.51,卫生监督诊疗科目代码,A13.03,其他,
4,自定义值域代码,LY.00.51,卫生监督诊疗科目代码,A14,医疗美容科,
4,自定义值域代码,LY.00.51,卫生监督诊疗科目代码,A15,精神科,
4,自定义值域代码,LY.00.51,卫生监督诊疗科目代码,A15.01,精神病专业,
4,自定义值域代码,LY.00.51,卫生监督诊疗科目代码,A15.02,精神卫生专业,
4,自定义值域代码,LY.00.51,卫生监督诊疗科目代码,A15.03,药物依赖专业,
4,自定义值域代码,LY.00.51,卫生监督诊疗科目代码,A15.04,精神康复专业,
4,自定义值域代码,LY.00.51,卫生监督诊疗科目代码,A15.05,社区防治专业,
4,自定义值域代码,LY.00.51,卫生监督诊疗科目代码,A15.06,临床心理专业,
4,自定义值域代码,LY.00.51,卫生监督诊疗科目代码,A15.07,司法精神专业,
4,自定义值域代码,LY.00.51,卫生监督诊疗科目代码,A15.08,其他,
4,自定义值域代码,LY.00.51,卫生监督诊疗科目代码,A16,传染科,
4,自定义值域代码,LY.00.51,卫生监督诊疗科目代码,A16.01,肠道传染病专业,
4,自定义值域代码,LY.00.51,卫生监督诊疗科目代码,A16.02,呼吸道传染病专业,
4,自定义值域代码,LY.00.51,卫生监督诊疗科目代码,A16.03,肝炎专业,
4,自定义值域代码,LY.00.51,卫生监督诊疗科目代码,A16.04,虫媒传染病专业,
4,自定义值域代码,LY.00.51,卫生监督诊疗科目代码,A16.05,动物源性传染病专业,
4,自定义值域代码,LY.00.51,卫生监督诊疗科目代码,A16.06,蠕虫病专业,
4,自定义值域代码,LY.00.51,卫生监督诊疗科目代码,A16.07,其它,
4,自定义值域代码,LY.00.51,卫生监督诊疗科目代码,A17,结核病科,
4,自定义值域代码,LY.00.51,卫生监督诊疗科目代码,A18,地方病科,
4,自定义值域代码,LY.00.51,卫生监督诊疗科目代码,A19,肿瘤科,
4,自定义值域代码,LY.00.51,卫生监督诊疗科目代码,A20,急诊医学科,
4,自定义值域代码,LY.00.51,卫生监督诊疗科目代码,A21,康复医学科,
4,自定义值域代码,LY.00.51,卫生监督诊疗科目代码,A22,运动医学科,
4,自定义值域代码,LY.00.51,卫生监督诊疗科目代码,A23,职业病科,
4,自定义值域代码,LY.00.51,卫生监督诊疗科目代码,A23.01,职业中毒专业,
4,自定义值域代码,LY.00.51,卫生监督诊疗科目代码,A23.02,尘肺专业,
4,自定义值域代码,LY.00.51,卫生监督诊疗科目代码,A23.03,放射病专业,
4,自定义值域代码,LY.00.51,卫生监督诊疗科目代码,A23.04,物理因素损伤专业,
4,自定义值域代码,LY.00.51,卫生监督诊疗科目代码,A23.05,职业健康监护专业,
4,自定义值域代码,LY.00.51,卫生监督诊疗科目代码,A23.06,其他,
4,自定义值域代码,LY.00.51,卫生监督诊疗科目代码,A24,临终关怀科,
4,自定义值域代码,LY.00.51,卫生监督诊疗科目代码,A25,特种医学与军事医学科,
4,自定义值域代码,LY.00.51,卫生监督诊疗科目代码,A26,麻醉科,
4,自定义值域代码,LY.00.51,卫生监督诊疗科目代码,A27,疼痛科,
4,自定义值域代码,LY.00.51,卫生监督诊疗科目代码,A28,重症医学科,
4,自定义值域代码,LY.00.51,卫生监督诊疗科目代码,A30,医学检验科,
4,自定义值域代码,LY.00.51,卫生监督诊疗科目代码,A30.01,临床体液、血液专业,
4,自定义值域代码,LY.00.51,卫生监督诊疗科目代码,A30.02,临床微生物学专业,
4,自定义值域代码,LY.00.51,卫生监督诊疗科目代码,A30.03,临床生化检验专业,
4,自定义值域代码,LY.00.51,卫生监督诊疗科目代码,A30.04,临床免疫、血清学专业,
4,自定义值域代码,LY.00.51,卫生监督诊疗科目代码,A30.05,临床细胞分子遗传学专业,
4,自定义值域代码,LY.00.51,卫生监督诊疗科目代码,A30.06,其他,
4,自定义值域代码,LY.00.51,卫生监督诊疗科目代码,A31,病理科,
4,自定义值域代码,LY.00.51,卫生监督诊疗科目代码,A32,医学影像科,
4,自定义值域代码,LY.00.51,卫生监督诊疗科目代码,A32.01X,线诊断专业,
4,自定义值域代码,LY.00.51,卫生监督诊疗科目代码,A32.02CT,诊断专业,
4,自定义值域代码,LY.00.51,卫生监督诊疗科目代码,A32.03,磁共振成像诊断专业,
4,自定义值域代码,LY.00.51,卫生监督诊疗科目代码,A32.04,核医学专业,
4,自定义值域代码,LY.00.51,卫生监督诊疗科目代码,A32.05,超声诊断专业,
4,自定义值域代码,LY.00.51,卫生监督诊疗科目代码,A32.06,心电诊断专业,
4,自定义值域代码,LY.00.51,卫生监督诊疗科目代码,A32.07,脑电及脑血流图诊断专业,
4,自定义值域代码,LY.00.51,卫生监督诊疗科目代码,A32.08,神经肌肉电图专业,
4,自定义值域代码,LY.00.51,卫生监督诊疗科目代码,A32.09,介入放射学专业,
4,自定义值域代码,LY.00.51,卫生监督诊疗科目代码,A32.10,放射治疗专业,
4,自定义值域代码,LY.00.51,卫生监督诊疗科目代码,A32.11,其他,
4,自定义值域代码,LY.00.51,卫生监督诊疗科目代码,A50,中医科,
4,自定义值域代码,LY.00.51,卫生监督诊疗科目代码,A50.01,内科专业,
4,自定义值域代码,LY.00.51,卫生监督诊疗科目代码,A50.02,外科专业,
4,自定义值域代码,LY.00.51,卫生监督诊疗科目代码,A50.03,妇产科专业,
4,自定义值域代码,LY.00.51,卫生监督诊疗科目代码,A50.04,儿科专业,
4,自定义值域代码,LY.00.51,卫生监督诊疗科目代码,A50.05,皮肤科专业,
4,自定义值域代码,LY.00.51,卫生监督诊疗科目代码,A50.06,眼科专业,
4,自定义值域代码,LY.00.51,卫生监督诊疗科目代码,A50.07,耳鼻咽喉科专业,
4,自定义值域代码,LY.00.51,卫生监督诊疗科目代码,A50.08,口腔科专业,
4,自定义值域代码,LY.00.51,卫生监督诊疗科目代码,A50.09,肿瘤科专业,
4,自定义值域代码,LY.00.51,卫生监督诊疗科目代码,A50.10,骨伤科专业,
4,自定义值域代码,LY.00.51,卫生监督诊疗科目代码,A50.11,肛肠科专业,
4,自定义值域代码,LY.00.51,卫生监督诊疗科目代码,A50.12,老年病科专业,
4,自定义值域代码,LY.00.51,卫生监督诊疗科目代码,A50.13,针灸科专业,
4,自定义值域代码,LY.00.51,卫生监督诊疗科目代码,A50.14,推拿科专业,
4,自定义值域代码,LY.00.51,卫生监督诊疗科目代码,A50.15,康复医学专业,
4,自定义值域代码,LY.00.51,卫生监督诊疗科目代码,A50.16,急诊科专业,
4,自定义值域代码,LY.00.51,卫生监督诊疗科目代码,A50.17,预防保健科专业,
4,自定义值域代码,LY.00.51,卫生监督诊疗科目代码,A50.18,其他,
4,自定义值域代码,LY.00.51,卫生监督诊疗科目代码,A51,民族医学科,
4,自定义值域代码,LY.00.51,卫生监督诊疗科目代码,A51.01,维吾尔医学,
4,自定义值域代码,LY.00.51,卫生监督诊疗科目代码,A51.02,藏医学,
4,自定义值域代码,LY.00.51,卫生监督诊疗科目代码,A51.03,蒙医学,
4,自定义值域代码,LY.00.51,卫生监督诊疗科目代码,A51.04,彝医学,
4,自定义值域代码,LY.00.51,卫生监督诊疗科目代码,A51.05,傣医学,
4,自定义值域代码,LY.00.51,卫生监督诊疗科目代码,A51.06,其他,
4,自定义值域代码,LY.00.51,卫生监督诊疗科目代码,A52,中西医结合科,
4,自定义值域代码,LY.00.51,卫生监督诊疗科目代码,A69,其他业务科室,
4,自定义值域代码,LY.00.51,卫生监督诊疗科目代码,B01,传染病预防控制科(中心),
4,自定义值域代码,LY.00.51,卫生监督诊疗科目代码,B02,性病艾滋病预防控制科(中心),
4,自定义值域代码,LY.00.51,卫生监督诊疗科目代码,B03,结核病预防控制科(中心),
4,自定义值域代码,LY.00.51,卫生监督诊疗科目代码,B04,血吸虫预防控制科(中心),
4,自定义值域代码,LY.00.51,卫生监督诊疗科目代码,B05,慢性非传染性疾病预防控制科(中心),
4,自定义值域代码,LY.00.51,卫生监督诊疗科目代码,B06,寄生虫病预防控制科(中心),
4,自定义值域代码,LY.00.51,卫生监督诊疗科目代码,B07,地方病控制科(中心),
4,自定义值域代码,LY.00.51,卫生监督诊疗科目代码,B08,精神卫生科(中心),
4,自定义值域代码,LY.00.51,卫生监督诊疗科目代码,B09,妇幼保健科,
4,自定义值域代码,LY.00.51,卫生监督诊疗科目代码,B10,免疫规划科(中心),
4,自定义值域代码,LY.00.51,卫生监督诊疗科目代码,B11,农村改水技术指导科(中心),
4,自定义值域代码,LY.00.51,卫生监督诊疗科目代码,B12,疾病控制与应急处理办公室,
4,自定义值域代码,LY.00.51,卫生监督诊疗科目代码,B13,食品卫生科,
4,自定义值域代码,LY.00.51,卫生监督诊疗科目代码,B14,环境卫生所,
4,自定义值域代码,LY.00.51,卫生监督诊疗科目代码,B15,职业卫生科,
4,自定义值域代码,LY.00.51,卫生监督诊疗科目代码,B16,放射卫生科,
4,自定义值域代码,LY.00.51,卫生监督诊疗科目代码,B17,学校卫生科,
4,自定义值域代码,LY.00.51,卫生监督诊疗科目代码,B18,健康教育科(中心),
4,自定义值域代码,LY.00.51,卫生监督诊疗科目代码,B19,预防医学门诊,
4,自定义值域代码,LY.00.51,卫生监督诊疗科目代码,B69,其他业务科室,
4,自定义值域代码,LY.00.51,卫生监督诊疗科目代码,C01,综合卫生监督科,
4,自定义值域代码,LY.00.51,卫生监督诊疗科目代码,C02,产品卫生监督科,
4,自定义值域代码,LY.00.51,卫生监督诊疗科目代码,C03,职业卫生监督科,
4,自定义值域代码,LY.00.51,卫生监督诊疗科目代码,C04,环境卫生监督科,
4,自定义值域代码,LY.00.51,卫生监督诊疗科目代码,C05,传染病执法监督科,
4,自定义值域代码,LY.00.51,卫生监督诊疗科目代码,C06,医疗服务监督科,
4,自定义值域代码,LY.00.51,卫生监督诊疗科目代码,C07,稽查科(大队),
4,自定义值域代码,LY.00.51,卫生监督诊疗科目代码,C08,许可受理科,
4,自定义值域代码,LY.00.51,卫生监督诊疗科目代码,C09,放射卫生监督科,
4,自定义值域代码,LY.00.51,卫生监督诊疗科目代码,C10,学校卫生监督科,
4,自定义值域代码,LY.00.51,卫生监督诊疗科目代码,C11,食品安全监督科,
4,自定义值域代码,LY.00.51,卫生监督诊疗科目代码,C69,其他,
4,自定义值域代码,LY.00.51,卫生监督诊疗科目代码,D71,护理部,
4,自定义值域代码,LY.00.51,卫生监督诊疗科目代码,D72,药剂科(药房),
4,自定义值域代码,LY.00.51,卫生监督诊疗科目代码,D73,感染科,
4,自定义值域代码,LY.00.51,卫生监督诊疗科目代码,D74,输血科(血库),
4,自定义值域代码,LY.00.51,卫生监督诊疗科目代码,D81,办公室,
4,自定义值域代码,LY.00.51,卫生监督诊疗科目代码,D82,人事科,
4,自定义值域代码,LY.00.51,卫生监督诊疗科目代码,D83,财务科,
4,自定义值域代码,LY.00.51,卫生监督诊疗科目代码,D84,设备科,
4,自定义值域代码,LY.00.51,卫生监督诊疗科目代码,D85,信息科(中心),
4,自定义值域代码,LY.00.51,卫生监督诊疗科目代码,D86,医政科,
4,自定义值域代码,LY.00.51,卫生监督诊疗科目代码,D87,教育培训科,
4,自定义值域代码,LY.00.51,卫生监督诊疗科目代码,D88,总务科,
4,自定义值域代码,LY.00.51,卫生监督诊疗科目代码,D89,新农合管理办公室,
4,自定义值域代码,LY.00.51,卫生监督诊疗科目代码,D99,其他科室,
4,自定义值域代码,LY.00.52,二级清算类别,999114,门慢特慢性肾衰血透清算,
4,自定义值域代码,LY.00.52,二级清算类别,992111,放化疗住院清算,
4,自定义值域代码,LY.00.52,二级清算类别,999988,职工长护费用清算,
4,自定义值域代码,LY.00.52,二级清算类别,999993,居民长护费用清算,
4,自定义值域代码,LY.00.52,二级清算类别,310304,职工门诊慢病清算,
4,自定义值域代码,LY.00.52,二级清算类别,390201,居民门诊慢病清算,
4,自定义值域代码,LY.00.52,二级清算类别,311101,职工腹膜透析人头付费,
4,自定义值域代码,LY.00.52,二级清算类别,311102,居民腹膜透析人头付费,
4,自定义值域代码,LY.00.52,二级清算类别,311201,职工器官移植清算,
4,自定义值域代码,LY.00.52,二级清算类别,311202,居民器官移植清算,
4,自定义值域代码,LY.00.52,二级清算类别,310305,职工门诊特病清算,
4,自定义值域代码,LY.00.52,二级清算类别,390202,居民门诊特病清算,
4,自定义值域代码,LY.00.52,二级清算类别,310104,职工中央公务员外配购药清算,
4,自定义值域代码,LY.00.52,二级清算类别,310105,职工市级公务员外配购药清算,
4,自定义值域代码,LY.00.52,二级清算类别,310106,职工区级公务员外配购药清算,
4,自定义值域代码,LY.00.52,二级清算类别,390601,居民外配购药清算,
4,自定义值域代码,LY.00.52,二级清算类别,340301,离休外配购药清算,
4,自定义值域代码,LY.00.52,二级清算类别,710101,超转市级药店购药清算,
4,自定义值域代码,LY.00.52,二级清算类别,710102,超转市级门诊清算,
4,自定义值域代码,LY.00.52,二级清算类别,710103,超转市级门诊慢特病清算,
4,自定义值域代码,LY.00.52,二级清算类别,710104,超转市级住院清算,
4,自定义值域代码,LY.00.52,二级清算类别,710105,超转市级特殊购药清算,
4,自定义值域代码,LY.00.52,二级清算类别,710106,超转市级外配购药清算,
4,自定义值域代码,LY.00.52,二级清算类别,710201,超转区级药店购药清算,
4,自定义值域代码,LY.00.52,二级清算类别,710202,超转区级门诊清算,
4,自定义值域代码,LY.00.52,二级清算类别,710203,超转区级门诊慢特病清算,
4,自定义值域代码,LY.00.52,二级清算类别,710204,超转区级住院清算,
4,自定义值域代码,LY.00.52,二级清算类别,710205,超转区级特殊购药清算,
4,自定义值域代码,LY.00.52,二级清算类别,710206,超转区级外配购药清算,
4,自定义值域代码,LY.00.52,二级清算类别,999994,职工意外伤害住院清算,
4,自定义值域代码,LY.00.52,二级清算类别,995126,企业离休特药单行支付清算,
4,自定义值域代码,LY.00.52,二级清算类别,995127,机关离休特药单行支付清算,
4,自定义值域代码,LY.00.52,二级清算类别,995128,企业离休特殊高值药品清算,
4,自定义值域代码,LY.00.52,二级清算类别,995129,机关离休特殊高值药品清算,
4,自定义值域代码,LY.00.52,二级清算类别,999999,职工罕见病清算,
4,自定义值域代码,LY.00.52,二级清算类别,310409,离休配偶住院清算,
4,自定义值域代码,LY.00.52,二级清算类别,3405,离休门慢清算,
4,自定义值域代码,LY.00.52,二级清算类别,3406,离休门特清算,
4,自定义值域代码,LY.00.52,二级清算类别,3911,子女统筹门诊清算,
4,自定义值域代码,LY.00.52,二级清算类别,3913,子女统筹住院清算,
4,自定义值域代码,LY.00.52,二级清算类别,3914,子女统筹药店清算,
4,自定义值域代码,LY.00.52,二级清算类别,7131,职工家庭病床清算,
4,自定义值域代码,LY.00.52,二级清算类别,7134,离休家庭病床清算,
4,自定义值域代码,LY.00.52,二级清算类别,7139,城乡家庭病床清算,
4,自定义值域代码,LY.00.52,二级清算类别,993101,职工苯丙酮尿症清算,
4,自定义值域代码,LY.00.52,二级清算类别,993102,城乡苯丙酮尿症清算,
4,自定义值域代码,LY.00.52,二级清算类别,993601,职工大病特药,
4,自定义值域代码,LY.00.52,二级清算类别,993602,城乡大病特药,
4,自定义值域代码,LY.00.52,二级清算类别,995131,职工保健干部门诊清算,
4,自定义值域代码,LY.00.52,二级清算类别,995132,职工保健干部住院清算,
4,自定义值域代码,LY.00.52,二级清算类别,995133,职工保健干部门诊慢病清算,
4,自定义值域代码,LY.00.52,二级清算类别,995138,职工保健干部家庭病床清算,
4,自定义值域代码,LY.00.52,二级清算类别,995134,职工保健干部门诊特病清算,
4,自定义值域代码,LY.00.52,二级清算类别,995135,职工保健干部药店购药清算,
4,自定义值域代码,LY.00.52,二级清算类别,995136,职工保健干部血液透析清算,
4,自定义值域代码,LY.00.52,二级清算类别,995137,职工保健干部保健腹膜透析人头付费,
4,自定义值域代码,LY.00.52,二级清算类别,312102,职工重大疾病住院清算,
4,自定义值域代码,LY.00.52,二级清算类别,312101,职工结核病住院清算,
4,自定义值域代码,LY.00.52,二级清算类别,392102,居民重大疾病住院清算,
4,自定义值域代码,LY.00.52,二级清算类别,392101,居民结核病住院清算,
4,自定义值域代码,LY.00.52,二级清算类别,999391,村卫门诊清算,
4,自定义值域代码,LY.00.52,二级清算类别,530102,职工计划生育门诊清算,
4,自定义值域代码,LY.00.52,二级清算类别,530202,职工计划生育住院清算,
4,自定义值域代码,LY.00.52,二级清算类别,310991,职工传染病清算,
4,自定义值域代码,LY.00.52,二级清算类别,390991,居民传染病清算,
4,自定义值域代码,LY.00.52,二级清算类别,310990,职工特殊病住院清算,
4,自定义值域代码,LY.00.52,二级清算类别,390990,居民特殊病住院清算,
4,自定义值域代码,LY.00.52,二级清算类别,311203,职工尿毒症清算,
4,自定义值域代码,LY.00.52,二级清算类别,311204,职工结核病清算,
4,自定义值域代码,LY.00.52,二级清算类别,995130,城乡取消药品加成清算,
4,自定义值域代码,LY.00.52,二级清算类别,888839,中医优势病种按病种收费,
4,自定义值域代码,LY.00.52,二级清算类别,888840,择日住院,
4,自定义值域代码,LY.00.52,二级清算类别,995139,离休医疗专护清算,
4,自定义值域代码,LY.00.52,二级清算类别,995140,职工医疗专护清算,
4,自定义值域代码,LY.00.52,二级清算类别,995141,城乡医疗专护清算,
4,自定义值域代码,LY.00.52,二级清算类别,995100,居民外伤住院清算,
4,自定义值域代码,LY.00.52,二级清算类别,888841,中医日间病房,
4,自定义值域代码,LY.00.52,二级清算类别,99985,居民意外伤害清算,
4,自定义值域代码,LY.00.52,二级清算类别,99901,意外伤害门诊清算,
4,自定义值域代码,LY.00.52,二级清算类别,99902,意外伤害住院清算,
4,自定义值域代码,LY.00.52,二级清算类别,312801,职工日间化疗,
4,自定义值域代码,LY.00.52,二级清算类别,312802,职工日间高值药,
4,自定义值域代码,LY.00.52,二级清算类别,392801,居民日间化疗,
4,自定义值域代码,LY.00.52,二级清算类别,392802,居民日间高值药,
4,自定义值域代码,LY.00.52,二级清算类别,990101,医联体定额月结,
4,自定义值域代码,LY.00.52,二级清算类别,990102,医联结算按人头,
4,自定义值域代码,LY.00.52,二级清算类别,990103,医联体结算按项目,
4,自定义值域代码,LY.00.52,二级清算类别,990104,医联体结算日间病床,
4,自定义值域代码,LY.00.52,二级清算类别,990105,医联体结算单病种,
4,自定义值域代码,LY.00.52,二级清算类别,399051,二乙门诊清算,
4,自定义值域代码,LY.00.52,二级清算类别,399052,二乙住院清算,
4,自定义值域代码,LY.00.52,二级清算类别,399053,二乙药店购药清算,
4,自定义值域代码,LY.00.52,二级清算类别,999804,居民人工耳蜗清算,
4,自定义值域代码,LY.00.52,二级清算类别,999805,职工人工耳蜗清算,
4,自定义值域代码,LY.00.52,二级清算类别,999806,居民结核病清算,
4,自定义值域代码,LY.00.52,二级清算类别,999808,儿童重疾清算,
4,自定义值域代码,LY.00.52,二级清算类别,993903,城乡医用耗材带量采购清算,
4,自定义值域代码,LY.00.52,二级清算类别,993103,职工医用耗材带量采购清算,
4,自定义值域代码,LY.00.52,二级清算类别,993904,职工医保药品带量采购清算,
4,自定义值域代码,LY.00.52,二级清算类别,993104,城乡医保药品带量采购清算,
4,自定义值域代码,LY.00.52,二级清算类别,9988,省内异地职工特药购药清算,
4,自定义值域代码,LY.00.52,二级清算类别,9989,省内异地居民特药购药清算,
4,自定义值域代码,LY.00.52,二级清算类别,9990,省内异地职工特药门诊清算,
4,自定义值域代码,LY.00.52,二级清算类别,9991,省内异地居民特药门诊清算,
4,自定义值域代码,LY.00.52,二级清算类别,310306,职工中医适宜技术清算,
4,自定义值域代码,LY.00.52,二级清算类别,390203,居民中医适宜技术清算,
4,自定义值域代码,LY.00.52,二级清算类别,888842,医院门诊,
4,自定义值域代码,LY.00.52,二级清算类别,888843,处方门诊,
4,自定义值域代码,LY.00.52,二级清算类别,993105,职工双通道门诊清算,
4,自定义值域代码,LY.00.52,二级清算类别,993106,职工双通道特诊清算,
4,自定义值域代码,LY.00.52,二级清算类别,993908,居民双通道门诊清算,
4,自定义值域代码,LY.00.52,二级清算类别,993909,居民双通道特诊清算,
4,自定义值域代码,LY.00.52,二级清算类别,999803,异地计生住院清算,
4,自定义值域代码,LY.00.52,二级清算类别,999933,居民家庭病床清算,
4,自定义值域代码,LY.00.52,二级清算类别,999935,职工住院清算(透析治疗),
4,自定义值域代码,LY.00.52,二级清算类别,999945,居民门诊诊查费清算,
4,自定义值域代码,LY.00.52,二级清算类别,999947,居民一般诊疗费清算,
4,自定义值域代码,LY.00.52,二级清算类别,999955,居民急诊清算,
4,自定义值域代码,LY.00.52,二级清算类别,999960,居民新冠住院清算,
4,自定义值域代码,LY.00.52,二级清算类别,999980,城乡门诊清算(按单病种),
4,自定义值域代码,LY.00.52,二级清算类别,999987,职工门诊慢特病清算(按次均定额),
4,自定义值域代码,LY.00.52,二级清算类别,999941,职工门诊慢特病清算(按项目),
4,自定义值域代码,LY.00.52,二级清算类别,999989,职工门诊清算(诊金减免),
4,自定义值域代码,LY.00.52,二级清算类别,999990,城乡门诊清算(诊金减免),
4,自定义值域代码,LY.00.52,二级清算类别,9992,公费人员门诊清算,
4,自定义值域代码,LY.00.52,二级清算类别,999954,职工腹透,
4,自定义值域代码,LY.00.52,二级清算类别,999928,职工住院清算(住院医疗),
4,自定义值域代码,LY.00.52,二级清算类别,999939,居民住院清算(残疾儿童康复治疗),
4,自定义值域代码,LY.00.52,二级清算类别,999948,职工大规模核酸检测清算,
4,自定义值域代码,LY.00.52,二级清算类别,999949,居民大规模核酸检测清算,
4,自定义值域代码,LY.00.52,二级清算类别,999950,职工家庭医生清算,
4,自定义值域代码,LY.00.52,二级清算类别,999951,居民家庭医生清算,
4,自定义值域代码,LY.00.52,二级清算类别,993905,居民生育住院清算(其他病种),
4,自定义值域代码,LY.00.52,二级清算类别,993906,居民生育门诊清算(计划生育),
4,自定义值域代码,LY.00.52,二级清算类别,993907,居民生育住院清算(计划生育),
4,自定义值域代码,LY.00.52,二级清算类别,99950,城乡居民门诊共济清算,
4,自定义值域代码,LY.00.52,二级清算类别,888838,新冠门诊,
4,自定义值域代码,LY.00.52,二级清算类别,999996,居民购药清算,
4,自定义值域代码,LY.00.52,二级清算类别,999995,居民意外伤害住院清算,
4,自定义值域代码,LY.00.52,二级清算类别,999927,职工特药门诊清算,
4,自定义值域代码,LY.00.52,二级清算类别,999956,居民域内异地,
4,自定义值域代码,LY.00.52,二级清算类别,999911,职工未逐级转院住院清算,
4,自定义值域代码,LY.00.52,二级清算类别,999905,职工新冠CT筛查,
4,自定义值域代码,LY.00.52,二级清算类别,999983,异地医疗费用清算,
4,自定义值域代码,LY.00.52,二级清算类别,999920,跨省离休门诊,
4,自定义值域代码,LY.00.52,二级清算类别,999940,市级干部费用清算,
4,自定义值域代码,LY.00.52,二级清算类别,999930,医疗费用清算,
4,自定义值域代码,LY.00.52,二级清算类别,3106,职工特殊购药清算,
4,自定义值域代码,LY.00.52,二级清算类别,999962,城乡医疗费用清算,
4,自定义值域代码,LY.00.52,二级清算类别,999913,跨省居民门诊,
4,自定义值域代码,LY.00.52,二级清算类别,999906,居民新冠CT筛查,
4,自定义值域代码,LY.00.52,二级清算类别,999922,重大疾病住院清算,
4,自定义值域代码,LY.00.52,二级清算类别,999943,职工特药门诊,
4,自定义值域代码,LY.00.52,二级清算类别,999932,职工Drgs费用清算,
4,自定义值域代码,LY.00.52,二级清算类别,3905,城乡特殊购药清算,
4,自定义值域代码,LY.00.52,二级清算类别,999971,职工域内异地,
4,自定义值域代码,LY.00.52,二级清算类别,999915,跨省居民门慢门特清算,
4,自定义值域代码,LY.00.52,二级清算类别,999908,居民新冠清算,
4,自定义值域代码,LY.00.52,二级清算类别,999924,优抚门诊,
4,自定义值域代码,LY.00.52,二级清算类别,999946,低自付中心结算,
4,自定义值域代码,LY.00.52,二级清算类别,999936,居民非总控,
4,自定义值域代码,LY.00.52,二级清算类别,999902,居民门诊婚检清算,
4,自定义值域代码,LY.00.52,二级清算类别,999973,城乡Drgs费用清算,
4,自定义值域代码,LY.00.52,二级清算类别,999917,跨省职工住院,
4,自定义值域代码,LY.00.52,二级清算类别,999926,经办机构月结,
4,自定义值域代码,LY.00.52,二级清算类别,999953,企业生育费用清算,
4,自定义值域代码,LY.00.52,二级清算类别,999910,住院医疗保险,
4,自定义值域代码,LY.00.52,二级清算类别,999904,居民核酸检测清算,
4,自定义值域代码,LY.00.52,二级清算类别,999982,新冠疫苗清算,
4,自定义值域代码,LY.00.52,二级清算类别,999919,跨省药店购药清算,
4,自定义值域代码,LY.00.52,二级清算类别,999938,离休二乙费用清算,
4,自定义值域代码,LY.00.52,二级清算类别,999929,职工总控,
4,自定义值域代码,LY.00.52,二级清算类别,999961,城乡居民生育清算,
4,自定义值域代码,LY.00.52,二级清算类别,999912,城乡居民未逐级转院住院清算,
4,自定义值域代码,LY.00.52,二级清算类别,999051,离休非总控,
4,自定义值域代码,LY.00.52,二级清算类别,999991,健康体检清算,
4,自定义值域代码,LY.00.52,二级清算类别,999921,跨省离休住院,
4,自定义值域代码,LY.00.52,二级清算类别,999942,职工非总控,
4,自定义值域代码,LY.00.52,二级清算类别,999931,优抚住院,
4,自定义值域代码,LY.00.52,二级清算类别,3403,离休药店购药清算,
4,自定义值域代码,LY.00.52,二级清算类别,999963,医联体月结,
4,自定义值域代码,LY.00.52,二级清算类别,999914,跨省居民住院,
4,自定义值域代码,LY.00.52,二级清算类别,999907,职工新冠清算,
4,自定义值域代码,LY.00.52,二级清算类别,999923,居民总控,
4,自定义值域代码,LY.00.52,二级清算类别,999944,机关生育费用清算,
4,自定义值域代码,LY.00.52,二级清算类别,999934,城乡特药门诊清算,
4,自定义值域代码,LY.00.52,二级清算类别,999972,灵活就业生育住院,
4,自定义值域代码,LY.00.52,二级清算类别,999916,跨省职工门诊,
4,自定义值域代码,LY.00.52,二级清算类别,999909,综合医疗保险,
4,自定义值域代码,LY.00.52,二级清算类别,999925,职工医疗费用清算,
4,自定义值域代码,LY.00.52,二级清算类别,999952,居民特药门诊,
4,自定义值域代码,LY.00.52,二级清算类别,999903,职工核酸检测清算,
4,自定义值域代码,LY.00.52,二级清算类别,999981,离休域内异地,
4,自定义值域代码,LY.00.52,二级清算类别,999918,跨省职工门慢门特清算,
4,自定义值域代码,LY.00.52,二级清算类别,999937,家庭签约医生清算,
4,自定义值域代码,LY.00.52,二级清算类别,5103,职工大病特药清算,
4,自定义值域代码,LY.00.52,二级清算类别,3101,职工药店购药清算,
4,自定义值域代码,LY.00.52,二级清算类别,3102,职工门诊清算,
4,自定义值域代码,LY.00.52,二级清算类别,3103,职工门诊慢特病清算,
4,自定义值域代码,LY.00.52,二级清算类别,3104,职工住院清算,
4,自定义值域代码,LY.00.52,二级清算类别,3105,职工门诊统筹清算,
4,自定义值域代码,LY.00.52,二级清算类别,3401,离休门诊清算,
4,自定义值域代码,LY.00.52,二级清算类别,3402,离休住院清算,
4,自定义值域代码,LY.00.52,二级清算类别,3901,城乡门诊清算,
4,自定义值域代码,LY.00.52,二级清算类别,3902,城乡门诊慢特病清算,
4,自定义值域代码,LY.00.52,二级清算类别,3903,城乡住院清算,
4,自定义值域代码,LY.00.52,二级清算类别,3904,城乡门诊统筹清算,
4,自定义值域代码,LY.00.52,二级清算类别,5101,职工生育门诊清算,
4,自定义值域代码,LY.00.52,二级清算类别,5102,职工生育住院清算,
4,自定义值域代码,LY.00.52,二级清算类别,9901,暂缓结算,
4,自定义值域代码,LY.00.52,二级清算类别,5104,城乡大病特药清算,
4,自定义值域代码,LY.00.52,二级清算类别,999052,离休总控,
4,自定义值域代码,LY.00.52,二级清算类别,999998,居民意外伤害门诊清算(商保),
4,自定义值域代码,LY.00.52,二级清算类别,999997,职工意外伤害门诊清算(商保),
4,自定义值域代码,LY.00.52,二级清算类别,510401,城乡大病特药清算(商保),
4,自定义值域代码,LY.00.52,二级清算类别,510301,职工大病特药清算(商保),
4,自定义值域代码,LY.00.52,二级清算类别,3107,职工门诊单病种清算,
4,自定义值域代码,LY.00.52,二级清算类别,3906,城乡门诊单病种清算,
4,自定义值域代码,LY.00.52,二级清算类别,999901,城乡大病特药清算,
4,自定义值域代码,LY.00.53,药品剂型,100000,片剂,
4,自定义值域代码,LY.00.53,药品剂型,100100,口服常释片剂,
4,自定义值域代码,LY.00.53,药品剂型,100101,素片,
4,自定义值域代码,LY.00.53,药品剂型,100102,糖衣片,
4,自定义值域代码,LY.00.53,药品剂型,100103,薄膜衣片,
4,自定义值域代码,LY.00.53,药品剂型,100104,肠溶片,
4,自定义值域代码,LY.00.53,药品剂型,100105,分散片,
4,自定义值域代码,LY.00.53,药品剂型,100199,普通片,
4,自定义值域代码,LY.00.53,药品剂型,100200,缓释控释片剂,
4,自定义值域代码,LY.00.53,药品剂型,100201,缓释片,
4,自定义值域代码,LY.00.53,药品剂型,100202,控释片,
4,自定义值域代码,LY.00.53,药品剂型,100203,肠溶缓释片,
4,自定义值域代码,LY.00.53,药品剂型,100204,口崩缓释片,
4,自定义值域代码,LY.00.53,药品剂型,100300,其他片剂,
4,自定义值域代码,LY.00.53,药品剂型,100301,咀嚼片,
4,自定义值域代码,LY.00.53,药品剂型,100302,泡腾片,
4,自定义值域代码,LY.00.53,药品剂型,100303,速释片,
4,自定义值域代码,LY.00.53,药品剂型,100304,多层片,
4,自定义值域代码,LY.00.53,药品剂型,100305,舌下片,
4,自定义值域代码,LY.00.53,药品剂型,100306,含片,
4,自定义值域代码,LY.00.53,药品剂型,100307,口腔崩解片,
4,自定义值域代码,LY.00.53,药品剂型,100308,口腔贴片,
4,自定义值域代码,LY.00.53,药品剂型,100309,口颊片,
4,自定义值域代码,LY.00.53,药品剂型,100310,控释口颊片,
4,自定义值域代码,LY.00.53,药品剂型,100311,纸片,
4,自定义值域代码,LY.00.53,药品剂型,100312,阴道片,
4,自定义值域代码,LY.00.53,药品剂型,100313,阴道泡腾片,
4,自定义值域代码,LY.00.53,药品剂型,100314,外用片,
4,自定义值域代码,LY.00.53,药品剂型,110000,胶囊剂,
4,自定义值域代码,LY.00.53,药品剂型,110100,口服常释胶囊剂,
4,自定义值域代码,LY.00.53,药品剂型,110101,胶囊剂,
4,自定义值域代码,LY.00.53,药品剂型,110102,肠溶胶囊,
4,自定义值域代码,LY.00.53,药品剂型,110103,软胶囊(胶丸),
4,自定义值域代码,LY.00.53,药品剂型,110104,肠溶软胶囊(肠溶胶丸),
4,自定义值域代码,LY.00.53,药品剂型,110105,肠溶微丸胶囊,
4,自定义值域代码,LY.00.53,药品剂型,110200,缓释控释胶囊剂,
4,自定义值域代码,LY.00.53,药品剂型,110201,缓释胶囊,
4,自定义值域代码,LY.00.53,药品剂型,110202,肠溶缓释胶囊,
4,自定义值域代码,LY.00.53,药品剂型,110203,控释胶囊,
4,自定义值域代码,LY.00.53,药品剂型,110204,双释放肠溶胶囊,
4,自定义值域代码,LY.00.53,药品剂型,110300,其他胶囊剂,
4,自定义值域代码,LY.00.53,药品剂型,110301,微囊(微丸)胶囊,
4,自定义值域代码,LY.00.53,药品剂型,110302,阴道胶囊剂,
4,自定义值域代码,LY.00.53,药品剂型,110303,阴道用软胶囊,
4,自定义值域代码,LY.00.53,药品剂型,120000,口服液体剂,
4,自定义值域代码,LY.00.53,药品剂型,120100,医保口服液体剂,
4,自定义值域代码,LY.00.53,药品剂型,120101,合剂（含口服液）,
4,自定义值域代码,LY.00.53,药品剂型,120102,口服混悬剂,
4,自定义值域代码,LY.00.53,药品剂型,120103,干混悬剂,
4,自定义值域代码,LY.00.53,药品剂型,120104,口服乳液,
4,自定义值域代码,LY.00.53,药品剂型,120105,口服溶液剂,
4,自定义值域代码,LY.00.53,药品剂型,120106,口服酊剂,
4,自定义值域代码,LY.00.53,药品剂型,120107,糖浆剂,
4,自定义值域代码,LY.00.53,药品剂型,120108,滴剂,
4,自定义值域代码,LY.00.53,药品剂型,120109,胶剂,
4,自定义值域代码,LY.00.53,药品剂型,120110,胶浆剂,
4,自定义值域代码,LY.00.53,药品剂型,120111,混悬滴剂,
4,自定义值域代码,LY.00.53,药品剂型,120200,其他口服液体剂,
4,自定义值域代码,LY.00.53,药品剂型,120201,缓释混悬剂,
4,自定义值域代码,LY.00.53,药品剂型,120202,露剂,
4,自定义值域代码,LY.00.53,药品剂型,120203,酏剂,
4,自定义值域代码,LY.00.53,药品剂型,120204,浸膏剂,
4,自定义值域代码,LY.00.53,药品剂型,120205,流浸膏剂,
4,自定义值域代码,LY.00.53,药品剂型,120206,煎膏剂,
4,自定义值域代码,LY.00.53,药品剂型,120207,滴剂（胶囊型）,
4,自定义值域代码,LY.00.53,药品剂型,120300,颗粒剂,
4,自定义值域代码,LY.00.53,药品剂型,120308,细粒剂,
4,自定义值域代码,LY.00.53,药品剂型,120309,茶剂,
4,自定义值域代码,LY.00.53,药品剂型,120310,泡腾颗粒剂,
4,自定义值域代码,LY.00.53,药品剂型,120311,混悬颗粒剂,
4,自定义值域代码,LY.00.53,药品剂型,120312,控释颗粒剂,
4,自定义值域代码,LY.00.53,药品剂型,120313,颗粒剂,
4,自定义值域代码,LY.00.53,药品剂型,120314,缓释颗粒剂,
4,自定义值域代码,LY.00.53,药品剂型,130000,丸剂,
4,自定义值域代码,LY.00.53,药品剂型,130100,浓缩丸,
4,自定义值域代码,LY.00.53,药品剂型,130101,浓缩水丸,
4,自定义值域代码,LY.00.53,药品剂型,130102,浓缩水蜜丸,
4,自定义值域代码,LY.00.53,药品剂型,130103,浓缩蜜丸,
4,自定义值域代码,LY.00.53,药品剂型,130200,蜜丸,
4,自定义值域代码,LY.00.53,药品剂型,130201,大蜜丸,
4,自定义值域代码,LY.00.53,药品剂型,130202,小蜜丸,
4,自定义值域代码,LY.00.53,药品剂型,130300,水蜜丸,
4,自定义值域代码,LY.00.53,药品剂型,130301,水蜜丸,
4,自定义值域代码,LY.00.53,药品剂型,130400,水丸,
4,自定义值域代码,LY.00.53,药品剂型,130401,水丸,
4,自定义值域代码,LY.00.53,药品剂型,130500,糊丸,
4,自定义值域代码,LY.00.53,药品剂型,130501,糊丸,
4,自定义值域代码,LY.00.53,药品剂型,130600,微丸,
4,自定义值域代码,LY.00.53,药品剂型,130601,微丸,
4,自定义值域代码,LY.00.53,药品剂型,130700,滴丸,
4,自定义值域代码,LY.00.53,药品剂型,130701,滴丸,
4,自定义值域代码,LY.00.53,药品剂型,130800,蜡丸,
4,自定义值域代码,LY.00.53,药品剂型,130801,蜡丸,
4,自定义值域代码,LY.00.53,药品剂型,130900,其他丸剂,
4,自定义值域代码,LY.00.53,药品剂型,130901,丸剂,
4,自定义值域代码,LY.00.53,药品剂型,130902,糖丸,
4,自定义值域代码,LY.00.53,药品剂型,130903,缓释丸,
4,自定义值域代码,LY.00.53,药品剂型,140000,颗粒剂,
4,自定义值域代码,LY.00.53,药品剂型,140100,颗粒剂,
4,自定义值域代码,LY.00.53,药品剂型,140101,颗粒剂,
4,自定义值域代码,LY.00.53,药品剂型,140102,细粒剂,
4,自定义值域代码,LY.00.53,药品剂型,140103,茶剂,
4,自定义值域代码,LY.00.53,药品剂型,140104,泡腾颗粒剂,
4,自定义值域代码,LY.00.53,药品剂型,140105,混悬颗粒剂,
4,自定义值域代码,LY.00.53,药品剂型,140106,缓释颗粒剂,
4,自定义值域代码,LY.00.53,药品剂型,140107,控释颗粒剂,
4,自定义值域代码,LY.00.53,药品剂型,150000,散剂,
4,自定义值域代码,LY.00.53,药品剂型,150100,散剂,
4,自定义值域代码,LY.00.53,药品剂型,150101,口服散剂,
4,自定义值域代码,LY.00.53,药品剂型,150102,外用散剂,
4,自定义值域代码,LY.00.53,药品剂型,150200,粉剂,
4,自定义值域代码,LY.00.53,药品剂型,150201,口服粉剂,
4,自定义值域代码,LY.00.53,药品剂型,150202,外用粉剂,
4,自定义值域代码,LY.00.53,药品剂型,160000,外用液体剂,
4,自定义值域代码,LY.00.53,药品剂型,160100,外用液体剂,
4,自定义值域代码,LY.00.53,药品剂型,160101,溶液剂,
4,自定义值域代码,LY.00.53,药品剂型,160102,洗剂,
4,自定义值域代码,LY.00.53,药品剂型,160103,冲洗剂,
4,自定义值域代码,LY.00.53,药品剂型,160104,搽剂,
4,自定义值域代码,LY.00.53,药品剂型,160105,油剂,
4,自定义值域代码,LY.00.53,药品剂型,160106,含漱液,
4,自定义值域代码,LY.00.53,药品剂型,160107,外用酊剂,
4,自定义值域代码,LY.00.53,药品剂型,160108,醑剂,
4,自定义值域代码,LY.00.53,药品剂型,160109,灌肠剂,
4,自定义值域代码,LY.00.53,药品剂型,160110,外用混悬剂,
4,自定义值域代码,LY.00.53,药品剂型,160111,泡沫剂,
4,自定义值域代码,LY.00.53,药品剂型,170000,注射剂,
4,自定义值域代码,LY.00.53,药品剂型,170100,注射用无菌粉末,
4,自定义值域代码,LY.00.53,药品剂型,170101,粉针剂,
4,自定义值域代码,LY.00.53,药品剂型,170102,冻干粉针剂,
4,自定义值域代码,LY.00.53,药品剂型,170103,溶媒结晶粉针剂,
4,自定义值域代码,LY.00.53,药品剂型,170199,注射用无菌粉针,
4,自定义值域代码,LY.00.53,药品剂型,170200,注射液,
4,自定义值域代码,LY.00.53,药品剂型,170201,大容量注射液,
4,自定义值域代码,LY.00.53,药品剂型,170202,小容量注射液,
4,自定义值域代码,LY.00.53,药品剂型,170203,靶向制剂,
4,自定义值域代码,LY.00.53,药品剂型,180000,软膏剂,
4,自定义值域代码,LY.00.53,药品剂型,180100,软膏剂,
4,自定义值域代码,LY.00.53,药品剂型,180101,软膏剂,
4,自定义值域代码,LY.00.53,药品剂型,180102,阴道软膏剂,
4,自定义值域代码,LY.00.53,药品剂型,180103,口腔软膏剂,
4,自定义值域代码,LY.00.53,药品剂型,180200,乳膏剂,
4,自定义值域代码,LY.00.53,药品剂型,180201,乳膏剂,
4,自定义值域代码,LY.00.53,药品剂型,180300,霜剂,
4,自定义值域代码,LY.00.53,药品剂型,180301,霜剂,
4,自定义值域代码,LY.00.53,药品剂型,180400,糊剂,
4,自定义值域代码,LY.00.53,药品剂型,180401,糊剂,
4,自定义值域代码,LY.00.53,药品剂型,180500,油膏剂,
4,自定义值域代码,LY.00.53,药品剂型,180501,油膏剂,
4,自定义值域代码,LY.00.53,药品剂型,190000,凝胶剂,
4,自定义值域代码,LY.00.53,药品剂型,190100,凝胶剂,
4,自定义值域代码,LY.00.53,药品剂型,190101,凝胶剂,
4,自定义值域代码,LY.00.53,药品剂型,190102,混悬型凝胶剂,
4,自定义值域代码,LY.00.53,药品剂型,190103,阴道凝胶剂,
4,自定义值域代码,LY.00.53,药品剂型,190104,眼用凝胶剂,
4,自定义值域代码,LY.00.53,药品剂型,190200,乳胶剂,
4,自定义值域代码,LY.00.53,药品剂型,190201,乳胶剂,
4,自定义值域代码,LY.00.53,药品剂型,200000,硬膏剂,
4,自定义值域代码,LY.00.53,药品剂型,200100,膏药剂,
4,自定义值域代码,LY.00.53,药品剂型,200101,膏药剂,
4,自定义值域代码,LY.00.53,药品剂型,210000,贴剂,
4,自定义值域代码,LY.00.53,药品剂型,210100,医保贴剂,
4,自定义值域代码,LY.00.53,药品剂型,210101,贴剂,
4,自定义值域代码,LY.00.53,药品剂型,210102,贴膏剂,
4,自定义值域代码,LY.00.53,药品剂型,210103,透皮贴剂,
4,自定义值域代码,LY.00.53,药品剂型,210104,膜剂,
4,自定义值域代码,LY.00.53,药品剂型,210105,凝胶贴膏,
4,自定义值域代码,LY.00.53,药品剂型,210200,其他贴剂,
4,自定义值域代码,LY.00.53,药品剂型,210201,橡胶膏剂,
4,自定义值域代码,LY.00.53,药品剂型,210202,巴布膏剂,
4,自定义值域代码,LY.00.53,药品剂型,210203,控释贴剂,
4,自定义值域代码,LY.00.53,药品剂型,210204,贴脐片剂,
4,自定义值域代码,LY.00.53,药品剂型,210205,缓释透皮贴剂,
4,自定义值域代码,LY.00.53,药品剂型,210206,牙用缓释膜,
4,自定义值域代码,LY.00.53,药品剂型,210207,敷剂,
4,自定义值域代码,LY.00.53,药品剂型,220000,涂剂,
4,自定义值域代码,LY.00.53,药品剂型,220100,涂剂,
4,自定义值域代码,LY.00.53,药品剂型,220101,涂剂,
4,自定义值域代码,LY.00.53,药品剂型,220102,涂膜剂,
4,自定义值域代码,LY.00.53,药品剂型,230000,栓剂,
4,自定义值域代码,LY.00.53,药品剂型,230100,栓剂,
4,自定义值域代码,LY.00.53,药品剂型,230101,阴道栓,
4,自定义值域代码,LY.00.53,药品剂型,230102,直肠栓,
4,自定义值域代码,LY.00.53,药品剂型,230103,尿道栓,
4,自定义值域代码,LY.00.53,药品剂型,240000,眼用制剂,
4,自定义值域代码,LY.00.53,药品剂型,240100,眼用制剂,
4,自定义值域代码,LY.00.53,药品剂型,240101,滴眼剂,
4,自定义值域代码,LY.00.53,药品剂型,240102,眼膏剂,
4,自定义值域代码,LY.00.53,药品剂型,240103,洗眼剂,
4,自定义值域代码,LY.00.53,药品剂型,240104,眼膜剂,
4,自定义值域代码,LY.00.53,药品剂型,240105,眼丸剂,
4,自定义值域代码,LY.00.53,药品剂型,250000,鼻用制剂,
4,自定义值域代码,LY.00.53,药品剂型,250100,鼻用制剂,
4,自定义值域代码,LY.00.53,药品剂型,250101,滴鼻剂,
4,自定义值域代码,LY.00.53,药品剂型,250102,洗鼻剂,
4,自定义值域代码,LY.00.53,药品剂型,260000,耳用制剂,
4,自定义值域代码,LY.00.53,药品剂型,260100,耳用制剂,
4,自定义值域代码,LY.00.53,药品剂型,260101,滴耳剂,
4,自定义值域代码,LY.00.53,药品剂型,260102,洗耳剂,
4,自定义值域代码,LY.00.53,药品剂型,260103,耳丸剂,
4,自定义值域代码,LY.00.53,药品剂型,270000,吸入剂,
4,自定义值域代码,LY.00.53,药品剂型,270100,吸入剂,
4,自定义值域代码,LY.00.53,药品剂型,270101,鼻用喷雾剂,
4,自定义值域代码,LY.00.53,药品剂型,270102,气雾剂,
4,自定义值域代码,LY.00.53,药品剂型,270103,喷雾剂,
4,自定义值域代码,LY.00.53,药品剂型,270104,粉雾剂,
4,自定义值域代码,LY.00.53,药品剂型,270105,吸入剂,
4,自定义值域代码,LY.00.53,药品剂型,270106,吸入溶液剂,
4,自定义值域代码,LY.00.53,药品剂型,280000,植入剂,
4,自定义值域代码,LY.00.53,药品剂型,280100,植入剂,
4,自定义值域代码,LY.00.53,药品剂型,280101,植入剂,
4,自定义值域代码,LY.00.53,药品剂型,280102,缓释植入剂,
4,自定义值域代码,LY.00.53,药品剂型,280103,密封源,
4,自定义值域代码,LY.00.53,药品剂型,290000,其他剂型,
4,自定义值域代码,LY.00.53,药品剂型,290100,其他剂型,
4,自定义值域代码,LY.00.53,药品剂型,290101,冻干粉,
4,自定义值域代码,LY.00.53,药品剂型,290102,曲剂,
4,自定义值域代码,LY.00.53,药品剂型,290103,熨剂,
4,自定义值域代码,LY.00.53,药品剂型,290104,酒剂,
4,自定义值域代码,LY.00.53,药品剂型,290105,灸剂,
4,自定义值域代码,LY.00.53,药品剂型,290106,锭剂,
4,自定义值域代码,LY.00.53,药品剂型,290107,海绵剂,
4,自定义值域代码,LY.00.53,药品剂型,290108,药棒剂,
4,自定义值域代码,LY.00.53,药品剂型,290109,蜡棒,
4,自定义值域代码,LY.00.53,药品剂型,290110,牙周条,
4,自定义值域代码,LY.00.53,药品剂型,290111,口胶剂,
4,自定义值域代码,LY.00.53,药品剂型,290112,诊断试剂,
4,自定义值域代码,LY.00.53,药品剂型,290113,药盒,
4,自定义值域代码,LY.00.53,药品剂型,290114,纱布,
4,自定义值域代码,LY.00.53,药品剂型,290115,试纸,
4,自定义值域代码,LY.00.53,药品剂型,290116,湿巾,
4,自定义值域代码,LY.00.53,药品剂型,290117,宫内节育系统,
4,自定义值域代码,LY.00.53,药品剂型,290118,释氧剂,
4,自定义值域代码,LY.00.53,药品剂型,290119,去垢剂,
4,自定义值域代码,LY.00.53,药品剂型,290120,气体,
4,自定义值域代码,LY.00.53,药品剂型,290121,火棉胶剂,
4,自定义值域代码,LY.00.53,药品剂型,290122,原料,
4,自定义值域代码,LY.00.53,药品剂型,290123,其他剂型,
4,自定义值域代码,LY.00.53,药品剂型,290124,熏蒸剂,
4,自定义值域代码,LY.00.53,药品剂型,290125,点刺液,
4,自定义值域代码,LY.00.53,药品剂型,300000,颗粒与溶液,
4,自定义值域代码,LY.00.53,药品剂型,0103,包衣片,
4,自定义值域代码,LY.00.53,药品剂型,0106,浸膏片,
4,自定义值域代码,LY.00.53,药品剂型,0108,划痕片,
4,自定义值域代码,LY.00.53,药品剂型,0202,缓释包衣片,
4,自定义值域代码,LY.00.53,药品剂型,0303,口服乳剂,
4,自定义值域代码,LY.00.53,药品剂型,0306,乳液,
4,自定义值域代码,LY.00.53,药品剂型,0307,乳剂,
4,自定义值域代码,LY.00.53,药品剂型,0308,口服胶体溶液,
4,自定义值域代码,LY.00.53,药品剂型,0313,干糖浆剂(儿童),
4,自定义值域代码,LY.00.53,药品剂型,0502,肠溶颗粒剂,
4,自定义值域代码,LY.00.53,药品剂型,0602,药粉,
4,自定义值域代码,LY.00.53,药品剂型,0703,撒布剂,
4,自定义值域代码,LY.00.53,药品剂型,0704,撒粉,
4,自定义值域代码,LY.00.53,药品剂型,1003,漱口剂,
4,自定义值域代码,LY.00.53,药品剂型,1102,亲水硬膏剂,
4,自定义值域代码,LY.00.53,药品剂型,1303,涂布剂,
4,自定义值域代码,LY.00.53,药品剂型,1402,肛门栓,
4,自定义值域代码,LY.00.53,药品剂型,1801,喷剂,
4,自定义值域代码,LY.00.53,药品剂型,1803,喷鼻剂,
4,自定义值域代码,LY.00.53,药品剂型,1804,喷粉剂,
4,自定义值域代码,LY.00.53,药品剂型,1806,雾化吸入剂,
4,自定义值域代码,LY.00.53,药品剂型,1807,雾化混悬液,
4,自定义值域代码,LY.00.53,药品剂型,1808,雾化溶液剂,
4,自定义值域代码,LY.00.53,药品剂型,1809,雾化吸入液,
4,自定义值域代码,LY.00.53,药品剂型,1810,吸入性粉剂,
4,自定义值域代码,LY.00.53,药品剂型,1811,干粉剂,
4,自定义值域代码,LY.00.53,药品剂型,1812,干粉吸入剂,
4,自定义值域代码,LY.00.53,药品剂型,1813,粉末吸入剂,
4,自定义值域代码,LY.00.53,药品剂型,1814,干粉吸剂,
4,自定义值域代码,LY.00.53,药品剂型,1816,吸入性混悬液,
4,自定义值域代码,LY.00.53,药品剂型,1904,静脉滴注用注射液,
4,自定义值域代码,LY.00.53,药品剂型,1905,注射用混悬液,
4,自定义值域代码,LY.00.53,药品剂型,1907,静脉注射针剂,
4,自定义值域代码,LY.00.53,药品剂型,1908,水针,
4,自定义值域代码,LY.00.53,药品剂型,1909,注射用乳剂,
4,自定义值域代码,LY.00.53,药品剂型,1911,针剂,
4,自定义值域代码,LY.00.53,药品剂型,1914,乳状注射液,
4,自定义值域代码,LY.00.53,药品剂型,2601,贴膜剂,
4,自定义值域代码,LY.00.53,药品剂型,2701,外用冻干粉,
4,自定义值域代码,LY.00.53,药品剂型,3201,种子源,
4,自定义值域代码,LY.00.53,药品剂型,3801,混悬剂,
4,自定义值域代码,LY.00.53,药品剂型,4401,放射性密封籽源,
4,自定义值域代码,LY.00.53,药品剂型,4501,液体剂型,
4,自定义值域代码,LY.00.53,药品剂型,5801,脂质体注射剂,
4,自定义值域代码,LY.00.53,药品剂型,6001,外用冻干制剂,
4,自定义值域代码,LY.00.53,药品剂型,6201,封管液,
4,自定义值域代码,LY.00.53,药品剂型,6901,口服乳剂,
4,自定义值域代码,LY.00.53,药品剂型,9903,酊剂,
4,自定义值域代码,LY.00.54,医疗收费项目类别,01,床位费,
4,自定义值域代码,LY.00.54,医疗收费项目类别,101,普通病房床位费,
4,自定义值域代码,LY.00.54,医疗收费项目类别,102,急诊观察床床位费,
4,自定义值域代码,LY.00.54,医疗收费项目类别,103,干部病房床位费,
4,自定义值域代码,LY.00.54,医疗收费项目类别,104,监护病房床位费,
4,自定义值域代码,LY.00.54,医疗收费项目类别,105,抢救病房床位费,
4,自定义值域代码,LY.00.54,医疗收费项目类别,106,母婴同室床位费,
4,自定义值域代码,LY.00.54,医疗收费项目类别,107,血液病房床位费,
4,自定义值域代码,LY.00.54,医疗收费项目类别,108,等级医院住院床位费加收,
4,自定义值域代码,LY.00.54,医疗收费项目类别,109,建床费,
4,自定义值域代码,LY.00.54,医疗收费项目类别,110,三人间床位费,
4,自定义值域代码,LY.00.54,医疗收费项目类别,111,双人间床位费,
4,自定义值域代码,LY.00.54,医疗收费项目类别,112,单人间床位费,
4,自定义值域代码,LY.00.54,医疗收费项目类别,113,特殊防护病房床位费,
4,自定义值域代码,LY.00.54,医疗收费项目类别,02,诊察费,
4,自定义值域代码,LY.00.54,医疗收费项目类别,201,门（急）诊诊疗费（门诊医事服务费）,
4,自定义值域代码,LY.00.54,医疗收费项目类别,202,住院诊疗费（住院医事服务费）,
4,自定义值域代码,LY.00.54,医疗收费项目类别,203,门诊常规输液观察费,
4,自定义值域代码,LY.00.54,医疗收费项目类别,204,门诊急诊加收,
4,自定义值域代码,LY.00.54,医疗收费项目类别,205,留观费,
4,自定义值域代码,LY.00.54,医疗收费项目类别,206,出诊费,
4,自定义值域代码,LY.00.54,医疗收费项目类别,03,检查费,
4,自定义值域代码,LY.00.54,医疗收费项目类别,301,一般检查,
4,自定义值域代码,LY.00.54,医疗收费项目类别,302,透视,
4,自定义值域代码,LY.00.54,医疗收费项目类别,303,照像,
4,自定义值域代码,LY.00.54,医疗收费项目类别,304,造影,
4,自定义值域代码,LY.00.54,医疗收费项目类别,305,CT检查,
4,自定义值域代码,LY.00.54,医疗收费项目类别,306,磁共振检查,
4,自定义值域代码,LY.00.54,医疗收费项目类别,307,超声波检查,
4,自定义值域代码,LY.00.54,医疗收费项目类别,308,普通B型(黑白)超声检查,
4,自定义值域代码,LY.00.54,医疗收费项目类别,309,彩色多普勒超声检查,
4,自定义值域代码,LY.00.54,医疗收费项目类别,310,超声心动图,
4,自定义值域代码,LY.00.54,医疗收费项目类别,311,其它超声波检查,
4,自定义值域代码,LY.00.54,医疗收费项目类别,312,核医学检查,
4,自定义值域代码,LY.00.54,医疗收费项目类别,313,内镜检查,
4,自定义值域代码,LY.00.54,医疗收费项目类别,314,电生理动态心电图,
4,自定义值域代码,LY.00.54,医疗收费项目类别,315,检查用一次材料,
4,自定义值域代码,LY.00.54,医疗收费项目类别,316,特检特治,
4,自定义值域代码,LY.00.54,医疗收费项目类别,04,化验费,
4,自定义值域代码,LY.00.54,医疗收费项目类别,401,临床化验费,
4,自定义值域代码,LY.00.54,医疗收费项目类别,402,普通化验费,
4,自定义值域代码,LY.00.54,医疗收费项目类别,403,特殊化验费,
4,自定义值域代码,LY.00.54,医疗收费项目类别,404,临床病理费,
4,自定义值域代码,LY.00.54,医疗收费项目类别,405,普通病理费,
4,自定义值域代码,LY.00.54,医疗收费项目类别,406,特殊病理费,
4,自定义值域代码,LY.00.54,医疗收费项目类别,05,治疗费,
4,自定义值域代码,LY.00.54,医疗收费项目类别,501,一般治疗费,
4,自定义值域代码,LY.00.54,医疗收费项目类别,502,会诊费,
4,自定义值域代码,LY.00.54,医疗收费项目类别,503,抢救费,
4,自定义值域代码,LY.00.54,医疗收费项目类别,504,理疗费,
4,自定义值域代码,LY.00.54,医疗收费项目类别,505,康复治疗费,
4,自定义值域代码,LY.00.54,医疗收费项目类别,508,其它一般治疗费,
4,自定义值域代码,LY.00.54,医疗收费项目类别,509,高压氧治疗费,
4,自定义值域代码,LY.00.54,医疗收费项目类别,510,激光治疗费,
4,自定义值域代码,LY.00.54,医疗收费项目类别,511,血液透析治疗费,
4,自定义值域代码,LY.00.54,医疗收费项目类别,512,放射治疗费,
4,自定义值域代码,LY.00.54,医疗收费项目类别,513,介入治疗,
4,自定义值域代码,LY.00.54,医疗收费项目类别,514,导管治疗,
4,自定义值域代码,LY.00.54,医疗收费项目类别,515,射频治疗,
4,自定义值域代码,LY.00.54,医疗收费项目类别,516,核素治疗,
4,自定义值域代码,LY.00.54,医疗收费项目类别,517,口腔修复及正畸,
4,自定义值域代码,LY.00.54,医疗收费项目类别,518,治疗用一次性医用材料,
4,自定义值域代码,LY.00.54,医疗收费项目类别,519,进口贵重一次性材料,
4,自定义值域代码,LY.00.54,医疗收费项目类别,520,一般一次性医用材料,
4,自定义值域代码,LY.00.54,医疗收费项目类别,06,手术费,
4,自定义值域代码,LY.00.54,医疗收费项目类别,601,其它手术费,
4,自定义值域代码,LY.00.54,医疗收费项目类别,602,心血管手术,
4,自定义值域代码,LY.00.54,医疗收费项目类别,603,呼吸系手术,
4,自定义值域代码,LY.00.54,医疗收费项目类别,604,消化系手术,
4,自定义值域代码,LY.00.54,医疗收费项目类别,605,骨髓肌肉手术,
4,自定义值域代码,LY.00.54,医疗收费项目类别,606,泌尿生殖系手术,
4,自定义值域代码,LY.00.54,医疗收费项目类别,607,神经内分泌手术,
4,自定义值域代码,LY.00.54,医疗收费项目类别,608,妇科计划生育类手术,
4,自定义值域代码,LY.00.54,医疗收费项目类别,609,产科手术,
4,自定义值域代码,LY.00.54,医疗收费项目类别,610,矫形手术,
4,自定义值域代码,LY.00.54,医疗收费项目类别,611,接生费,
4,自定义值域代码,LY.00.54,医疗收费项目类别,613,术中一次性材料费,
4,自定义值域代码,LY.00.54,医疗收费项目类别,614,人工器官,
4,自定义值域代码,LY.00.54,医疗收费项目类别,615,器官移植,
4,自定义值域代码,LY.00.54,医疗收费项目类别,07,护理费,
4,自定义值域代码,LY.00.54,医疗收费项目类别,701,心脏体外循环直视术后护理费,
4,自定义值域代码,LY.00.54,医疗收费项目类别,702,重伤烧伤护理费,
4,自定义值域代码,LY.00.54,医疗收费项目类别,703,特级护理费,
4,自定义值域代码,LY.00.54,医疗收费项目类别,704,一级护理费,
4,自定义值域代码,LY.00.54,医疗收费项目类别,705,二级护理费,
4,自定义值域代码,LY.00.54,医疗收费项目类别,706,三级护理费,
4,自定义值域代码,LY.00.54,医疗收费项目类别,707,等级医院住院护理费加收,
4,自定义值域代码,LY.00.54,医疗收费项目类别,708,专项护理,
4,自定义值域代码,LY.00.54,医疗收费项目类别,08,卫生材料费,
4,自定义值域代码,LY.00.54,医疗收费项目类别,801,材料费,
4,自定义值域代码,LY.00.54,医疗收费项目类别,802,内置材料,
4,自定义值域代码,LY.00.54,医疗收费项目类别,09,西药费,
4,自定义值域代码,LY.00.54,医疗收费项目类别,901,甲类西药,
4,自定义值域代码,LY.00.54,医疗收费项目类别,902,乙类西药,
4,自定义值域代码,LY.00.54,医疗收费项目类别,903,其它类西药,
4,自定义值域代码,LY.00.54,医疗收费项目类别,10,中药饮片费,
4,自定义值域代码,LY.00.54,医疗收费项目类别,1001,复方可报,
4,自定义值域代码,LY.00.54,医疗收费项目类别,1002,单方可报,
4,自定义值域代码,LY.00.54,医疗收费项目类别,1003,其它类草药,
4,自定义值域代码,LY.00.54,医疗收费项目类别,11,中成药费,
4,自定义值域代码,LY.00.54,医疗收费项目类别,1101,甲类中成药,
4,自定义值域代码,LY.00.54,医疗收费项目类别,1102,乙类中成药,
4,自定义值域代码,LY.00.54,医疗收费项目类别,1103,其它类中成药,
4,自定义值域代码,LY.00.54,医疗收费项目类别,1104,民族药,
4,自定义值域代码,LY.00.54,医疗收费项目类别,12,一般诊疗费,
4,自定义值域代码,LY.00.54,医疗收费项目类别,13,挂号费,
4,自定义值域代码,LY.00.54,医疗收费项目类别,1303,假日门诊,
4,自定义值域代码,LY.00.54,医疗收费项目类别,1304,特约门诊,
4,自定义值域代码,LY.00.54,医疗收费项目类别,14,其他费,
4,自定义值域代码,LY.00.54,医疗收费项目类别,1401,特殊材料费,
4,自定义值域代码,LY.00.54,医疗收费项目类别,14011,血液及血液制品,
4,自定义值域代码,LY.00.54,医疗收费项目类别,14012,单病种除外内容,
4,自定义值域代码,LY.00.54,医疗收费项目类别,14013,单病种超标准床位费,
4,自定义值域代码,LY.00.54,医疗收费项目类别,14014,单病种定额标准费,
4,自定义值域代码,LY.00.54,医疗收费项目类别,1402,国产材料,
4,自定义值域代码,LY.00.54,医疗收费项目类别,14021,集中带量,
4,自定义值域代码,LY.00.54,医疗收费项目类别,1403,进口材料,
4,自定义值域代码,LY.00.54,医疗收费项目类别,14031,康复项目,
4,自定义值域代码,LY.00.54,医疗收费项目类别,1404,国谈药品,
4,自定义值域代码,LY.00.54,医疗收费项目类别,1405,手术材料费,
4,自定义值域代码,LY.00.54,医疗收费项目类别,1406,中草药及中医适宜技术,
4,自定义值域代码,LY.00.54,医疗收费项目类别,1407,救护车费,
4,自定义值域代码,LY.00.54,医疗收费项目类别,1408,MRI费,
4,自定义值域代码,LY.00.54,医疗收费项目类别,1409,CT费,
4,自定义值域代码,LY.00.54,医疗收费项目类别,1410,彩超费,
4,自定义值域代码,LY.00.54,医疗收费项目类别,1411,输氧费,
4,自定义值域代码,LY.00.54,医疗收费项目类别,1412,输血费,
4,自定义值域代码,LY.00.54,医疗收费项目类别,1413,麻醉费,
4,自定义值域代码,LY.00.54,医疗收费项目类别,1414,麻醉相关项目费,
4,自定义值域代码,LY.00.54,医疗收费项目类别,1415,其他医疗费,
4,自定义值域代码,LY.00.54,医疗收费项目类别,1416,取暖费,
4,自定义值域代码,LY.00.54,医疗收费项目类别,1417,陪住费,
4,自定义值域代码,LY.00.54,医疗收费项目类别,1418,婴幼儿住院材料费,
4,自定义值域代码,LY.00.54,医疗收费项目类别,1419,空调费,
4,自定义值域代码,LY.00.54,医疗收费项目类别,1420,尸体残肢,
4,自定义值域代码,LY.00.54,医疗收费项目类别,1421,煎药费,
4,自定义值域代码,LY.00.54,医疗收费项目类别,1422,自费,
4,自定义值域代码,LY.00.55,医疗类别,11,普通门诊,
4,自定义值域代码,LY.00.55,医疗类别,12,门诊挂号,
4,自定义值域代码,LY.00.55,医疗类别,13,急诊,
4,自定义值域代码,LY.00.55,医疗类别,14,门诊慢特病,
4,自定义值域代码,LY.00.55,医疗类别,18,特药购药,
4,自定义值域代码,LY.00.55,医疗类别,22,外伤住院,
4,自定义值域代码,LY.00.55,医疗类别,23,转外诊治住院,
4,自定义值域代码,LY.00.55,医疗类别,28,日间手术,
4,自定义值域代码,LY.00.55,医疗类别,41,定点药店购药,
4,自定义值域代码,LY.00.55,医疗类别,51,生育门诊,
4,自定义值域代码,LY.00.55,医疗类别,52,生育住院,
4,自定义值域代码,LY.00.55,医疗类别,53,计划生育手术费,
4,自定义值域代码,LY.00.55,医疗类别,54,基本医疗生育门诊,
4,自定义值域代码,LY.00.55,医疗类别,55,居民生育住院(其他),
4,自定义值域代码,LY.00.55,医疗类别,71,家庭病床,
4,自定义值域代码,LY.00.55,医疗类别,108,生殖辅助门诊,
4,自定义值域代码,LY.00.55,医疗类别,120,120急救,
4,自定义值域代码,LY.00.55,医疗类别,1102,新冠门诊,
4,自定义值域代码,LY.00.55,医疗类别,1103,癌症筛查,
4,自定义值域代码,LY.00.55,医疗类别,1107,居民普通门诊慢特病,
4,自定义值域代码,LY.00.55,医疗类别,1301,急诊抢救,
4,自定义值域代码,LY.00.55,医疗类别,1403,两病门诊,
4,自定义值域代码,LY.00.55,医疗类别,1808,特药统筹,
4,自定义值域代码,LY.00.55,医疗类别,2101,普通住院,
4,自定义值域代码,LY.00.55,医疗类别,2102,单病种住院,
4,自定义值域代码,LY.00.55,医疗类别,2103,耐多药肺结核住院,
4,自定义值域代码,LY.00.55,医疗类别,2104,日间病床,
4,自定义值域代码,LY.00.55,医疗类别,2105,康复治疗住院,
4,自定义值域代码,LY.00.55,医疗类别,2106,生育平产,
4,自定义值域代码,LY.00.55,医疗类别,2107,生育剖宫产,
4,自定义值域代码,LY.00.55,医疗类别,2109,新生儿抢救,
4,自定义值域代码,LY.00.55,医疗类别,2111,放化疗住院,
4,自定义值域代码,LY.00.55,医疗类别,2114,舒缓疗护住院,
4,自定义值域代码,LY.00.55,医疗类别,2122,康复付费住院,
4,自定义值域代码,LY.00.55,医疗类别,2802,日间化疗,
4,自定义值域代码,LY.00.55,医疗类别,2803,日间高值药,
4,自定义值域代码,LY.00.55,医疗类别,4102,定点特殊药品,
4,自定义值域代码,LY.00.55,医疗类别,5101,产前检查,
4,自定义值域代码,LY.00.55,医疗类别,5201,生育定额住院,
4,自定义值域代码,LY.00.55,医疗类别,5202,生育普通住院,
4,自定义值域代码,LY.00.55,医疗类别,5215,灵活就业人员生育住院,
4,自定义值域代码,LY.00.55,医疗类别,5216,产褥期住院,
4,自定义值域代码,LY.00.55,医疗类别,5223,职工生育住院转外诊治住院,
4,自定义值域代码,LY.00.55,医疗类别,9103,外购,
4,自定义值域代码,LY.00.55,医疗类别,9117,门诊实质性治疗,
4,自定义值域代码,LY.00.55,医疗类别,9901,门诊两病,
4,自定义值域代码,LY.00.55,医疗类别,9903,意外伤害门诊,
4,自定义值域代码,LY.00.55,医疗类别,9904,大病特药,
4,自定义值域代码,LY.00.55,医疗类别,9905,日间病床(其他),
4,自定义值域代码,LY.00.55,医疗类别,9908,家庭医师签约服务,
4,自定义值域代码,LY.00.55,医疗类别,9912,普通住院（重流疾病）,
4,自定义值域代码,LY.00.55,医疗类别,9913,普通住院（市外继续治疗）,
4,自定义值域代码,LY.00.55,医疗类别,9914,门诊急诊（门诊抢救）,
4,自定义值域代码,LY.00.55,医疗类别,9917,普通门诊（重流疾病）,
4,自定义值域代码,LY.00.55,医疗类别,9918,公务员体检,
4,自定义值域代码,LY.00.55,医疗类别,9921,终止妊娠门诊,
4,自定义值域代码,LY.00.55,医疗类别,9923,购重疾药,
4,自定义值域代码,LY.00.55,医疗类别,9924,门诊特检,
4,自定义值域代码,LY.00.55,医疗类别,9926,预防接种,
4,自定义值域代码,LY.00.55,医疗类别,9927,门诊输血,
4,自定义值域代码,LY.00.55,医疗类别,9931,终止妊娠住院,
4,自定义值域代码,LY.00.55,医疗类别,9932,其他生育门诊,
4,自定义值域代码,LY.00.55,医疗类别,9943,卫健免费用药,
4,自定义值域代码,LY.00.55,医疗类别,9944,残联用药,
4,自定义值域代码,LY.00.55,医疗类别,9954,居家护理,
4,自定义值域代码,LY.00.55,医疗类别,9955,意外身故或残疾,
4,自定义值域代码,LY.00.55,医疗类别,9956,商保补充报销,
4,自定义值域代码,LY.00.55,医疗类别,11012,蒙中特殊门诊,
4,自定义值域代码,LY.00.55,医疗类别,99331,血液透析,
4,自定义值域代码,LY.00.55,医疗类别,99332,腹膜透析,
4,自定义值域代码,LY.00.55,医疗类别,110106,门诊精神病,
4,自定义值域代码,LY.00.55,医疗类别,110107,门诊艾滋病,
4,自定义值域代码,LY.00.55,医疗类别,110217,移植前配型检查,
4,自定义值域代码,LY.00.55,医疗类别,139901,急诊1级濒危,
4,自定义值域代码,LY.00.55,医疗类别,139902,急诊2级危重,
4,自定义值域代码,LY.00.55,医疗类别,139903,急诊3级急症,
4,自定义值域代码,LY.00.55,医疗类别,140205,门特退起付线,
4,自定义值域代码,LY.00.55,医疗类别,210303,精神病住院,
4,自定义值域代码,LY.00.55,医疗类别,210404,日间治疗,
4,自定义值域代码,LY.00.55,医疗类别,210405,住院前检查,
4,自定义值域代码,LY.00.55,医疗类别,239110,转外诊治住院前门诊检查,
4,自定义值域代码,LY.00.55,医疗类别,249110,急诊住院前门诊检查,
4,自定义值域代码,LY.00.55,医疗类别,510103,居民产前检查,
4,自定义值域代码,LY.00.55,医疗类别,520106,生育临时外出就医,
4,自定义值域代码,LY.00.55,医疗类别,520107,生育外地住院未备案,
4,自定义值域代码,LY.00.55,医疗类别,522301,职工生育住院转外诊治住院前门诊检查,
4,自定义值域代码,LY.00.55,医疗类别,522302,职工生育住院急诊急救,
4,自定义值域代码,LY.00.55,医疗类别,522303,职工生育住院急诊急救住院前门诊检查,
4,自定义值域代码,LY.00.55,医疗类别,522304,职工生育住院临时外出就医,
4,自定义值域代码,LY.00.55,医疗类别,522305,职工生育住院临时外出就医住院前门诊检查,
4,自定义值域代码,LY.00.55,医疗类别,522306,生育住院前门诊检查,
4,自定义值域代码,LY.00.55,医疗类别,522307,生育住院转外诊治住院,
4,自定义值域代码,LY.00.55,医疗类别,522308,生育住院转外诊治住院前门诊检查,
4,自定义值域代码,LY.00.55,医疗类别,522309,生育住院急诊急救,
4,自定义值域代码,LY.00.55,医疗类别,522310,生育住院急诊急救住院前门诊检查,
4,自定义值域代码,LY.00.55,医疗类别,522311,生育住院临时外出就医,
4,自定义值域代码,LY.00.55,医疗类别,522312,生育住院临时外出就医住院前门诊检查,
4,自定义值域代码,LY.00.55,医疗类别,529110,职工生育住院前门诊检查,
4,自定义值域代码,LY.00.55,医疗类别,910301,单独支付购药,
4,自定义值域代码,LY.00.55,医疗类别,910302,住院双通道外购药,
4,自定义值域代码,LY.00.55,医疗类别,990101,门诊单病种,
4,自定义值域代码,LY.00.55,医疗类别,990103,新冠病毒核酸检测,
4,自定义值域代码,LY.00.55,医疗类别,990505,心理日间病床,
4,自定义值域代码,LY.00.55,医疗类别,990801,安宁疗护住院,
4,自定义值域代码,LY.00.55,医疗类别,991603,公务员年度二次报销,
4,自定义值域代码,LY.00.55,医疗类别,991604,非公务员年度二次报销,
4,自定义值域代码,LY.00.55,医疗类别,999944,家庭医生,
4,自定义值域代码,LY.00.57,特殊人员类型等级,700,非医疗照顾人员,
4,自定义值域代码,LY.00.57,特殊人员类型等级,701,医疗照顾人员,
4,自定义值域代码,LY.00.57,特殊人员类型等级,901,一级军残人员,
4,自定义值域代码,LY.00.57,特殊人员类型等级,902,二级军残人员,
4,自定义值域代码,LY.00.57,特殊人员类型等级,903,三级军残人员,
4,自定义值域代码,LY.00.57,特殊人员类型等级,904,四级军残人员,
4,自定义值域代码,LY.00.57,特殊人员类型等级,905,五级军残人员,
4,自定义值域代码,LY.00.57,特殊人员类型等级,906,六级军残人员,
4,自定义值域代码,LY.00.57,特殊人员类型等级,907,在乡军残人员,
4,自定义值域代码,LY.00.58,包装材质,02,盒,
4,自定义值域代码,LY.00.58,包装材质,03,瓶（固体制剂）,
4,自定义值域代码,LY.00.58,包装材质,04,BG袋,
4,自定义值域代码,LY.00.58,包装材质,05,特充,
4,自定义值域代码,LY.00.58,包装材质,06,预充式(预灌封)注射器,
4,自定义值域代码,LY.00.58,包装材质,07,板,
4,自定义值域代码,LY.00.58,包装材质,08,铝塑管,
4,自定义值域代码,LY.00.58,包装材质,09,配溶媒+无菌加药输液器,
4,自定义值域代码,LY.00.58,包装材质,11,笔芯,
4,自定义值域代码,LY.00.58,包装材质,12,玻璃瓶,
4,自定义值域代码,LY.00.58,包装材质,14,配溶媒+双通输液器,
4,自定义值域代码,LY.00.58,包装材质,15,配溶媒,
4,自定义值域代码,LY.00.58,包装材质,16,管装（植入剂）,
4,自定义值域代码,LY.00.58,包装材质,17,散装（植入剂）,
4,自定义值域代码,LY.00.58,包装材质,18,西林瓶,
4,自定义值域代码,LY.00.58,包装材质,19,安瓿,
4,自定义值域代码,LY.00.58,包装材质,20,塑料瓶,
4,自定义值域代码,LY.00.58,包装材质,21,非PVC膜,
4,自定义值域代码,LY.00.58,包装材质,28,直立式输液袋（聚乙烯）,
4,自定义值域代码,LY.00.58,包装材质,29,直立式聚丙烯输液袋,
4,自定义值域代码,LY.00.58,包装材质,30,配溶媒(氯化钠)+无菌加药输液器,
4,自定义值域代码,LY.00.58,包装材质,31,针管注射器,
4,自定义值域代码,LY.00.58,包装材质,32,配溶媒+预灌封注射器,
4,自定义值域代码,LY.00.58,包装材质,33,聚丙烯膜,
4,自定义值域代码,LY.00.58,包装材质,34,非易拉型,
4,自定义值域代码,LY.00.58,包装材质,35,PVC膜,
4,自定义值域代码,LY.00.58,包装材质,36,非PVC膜+双管双塞,
4,自定义值域代码,LY.00.58,包装材质,37,PVC膜+双管双塞,
4,自定义值域代码,LY.00.58,包装材质,38,PVC膜+双管双塞+双层无菌,
4,自定义值域代码,LY.00.58,包装材质,39,非PVC膜+双管双塞+双层无菌,
4,自定义值域代码,LY.00.58,包装材质,41,硬塑,
4,自定义值域代码,LY.00.58,包装材质,42,金属管,
4,自定义值域代码,LY.00.58,包装材质,43,塑料管,
4,自定义值域代码,LY.00.58,包装材质,44,PVC铝箔,
4,自定义值域代码,LY.00.58,包装材质,50,含冲洗器,
4,自定义值域代码,LY.00.58,包装材质,51,弹力布,
4,自定义值域代码,LY.00.58,包装材质,52,弹力微孔布,
4,自定义值域代码,LY.00.58,包装材质,53,无纺布,
4,自定义值域代码,LY.00.58,包装材质,54,配溶媒(葡萄糖)+无菌加药输液器,
4,自定义值域代码,LY.00.58,包装材质,55,塑料安瓿,
4,自定义值域代码,LY.00.58,包装材质,56,配溶媒(葡萄糖+氯化钠)+无菌加药输液器,
4,自定义值域代码,LY.00.58,包装材质,57,配溶媒+无菌导液针,
4,自定义值域代码,LY.00.58,包装材质,58,输液瓶+易折式组合盖,
4,自定义值域代码,LY.00.58,包装材质,59,输液袋+易折式组合盖,
4,自定义值域代码,LY.00.58,包装材质,61,单袋,
4,自定义值域代码,LY.00.58,包装材质,63,双袋双联,
4,自定义值域代码,LY.00.58,包装材质,64,含吸入器,
4,自定义值域代码,LY.00.58,包装材质,65,裹金衣,
4,自定义值域代码,LY.00.58,包装材质,66,带针头,
4,自定义值域代码,LY.00.58,包装材质,67,加药器,
4,自定义值域代码,LY.00.58,包装材质,68,高密度聚乙烯瓶,
4,自定义值域代码,LY.00.58,包装材质,69,塑料滴眼剂瓶,
4,自定义值域代码,LY.00.58,包装材质,70,抗生素玻璃瓶,
4,自定义值域代码,LY.00.58,包装材质,71,直立式低密度聚乙烯输液袋,
4,自定义值域代码,LY.00.58,包装材质,72,低硼硅玻璃管制注射瓶,
4,自定义值域代码,LY.00.58,包装材质,73,低硼硅玻璃安瓿瓶,
4,自定义值域代码,LY.00.58,包装材质,74,铝塑,
4,自定义值域代码,LY.00.58,包装材质,75,钠钙玻璃模制注射剂瓶,
4,自定义值域代码,LY.00.58,包装材质,76,口服固体药用高密度聚乙烯瓶,
4,自定义值域代码,LY.00.58,包装材质,77,多层共挤膜输液袋,
4,自定义值域代码,LY.00.58,包装材质,78,复合膜,
4,自定义值域代码,LY.00.58,包装材质,79,低硼硅玻璃管制注射剂瓶,
4,自定义值域代码,LY.00.58,包装材质,80,中性硼硅玻璃管制注射剂瓶,
4,自定义值域代码,LY.00.58,包装材质,81,管制玻璃瓶,
4,自定义值域代码,LY.00.58,包装材质,82,中硼硅玻璃安瓿,
4,自定义值域代码,LY.00.58,包装材质,83,低硼硅玻璃管制瓶,
4,自定义值域代码,LY.00.58,包装材质,84,双联双袋,
4,自定义值域代码,LY.00.58,包装材质,85,无色安瓿,
4,自定义值域代码,LY.00.58,包装材质,86,玻璃安瓿,
4,自定义值域代码,LY.00.58,包装材质,87,管制西林瓶,
4,自定义值域代码,LY.00.58,包装材质,88,聚丙烯输液瓶,
4,自定义值域代码,LY.00.58,包装材质,89,玻璃安瓿+预充式(预灌封)注射器,
4,自定义值域代码,LY.00.58,包装材质,90,管制抗生素瓶,
4,自定义值域代码,LY.00.58,包装材质,91,棕色管制注射剂玻璃瓶,
4,自定义值域代码,LY.00.58,包装材质,92,铝管,
4,自定义值域代码,LY.00.58,包装材质,93,非PVC+单管双阀,
4,自定义值域代码,LY.00.58,包装材质,94,非PVC+单管双阀+双层无菌,
4,自定义值域代码,LY.00.58,包装材质,95,三层共挤输液用袋+单阀,
4,自定义值域代码,LY.00.58,包装材质,96,硼硅玻璃管制注射剂瓶,
4,自定义值域代码,LY.00.58,包装材质,97,玻璃管制注射剂瓶,
4,自定义值域代码,LY.00.58,包装材质,98,三层共挤输液用袋+双管双阀,
4,自定义值域代码,LY.00.58,包装材质,99,非PVC多层共挤输液用袋双阀,
4,自定义值域代码,LY.00.58,包装材质,A1,聚丙烯输液袋,
4,自定义值域代码,LY.00.58,包装材质,A2,聚丙烯输液袋双阀,
4,自定义值域代码,LY.00.58,包装材质,A3,聚丙烯易折式双阀,
4,自定义值域代码,LY.00.58,包装材质,A4,三层共挤输液用膜（I）制袋双阀,
4,自定义值域代码,LY.00.58,包装材质,A5,贴膜式非PVC多层共挤输液用袋,
4,自定义值域代码,LY.00.58,包装材质,A6,贴膜式非PVC多层共挤输液用袋双阀,
4,自定义值域代码,LY.00.58,包装材质,A7,易折式非PVC多层共挤输液用袋双阀,
4,自定义值域代码,LY.00.58,包装材质,A8,直立式聚丙烯输液袋双阀,
4,自定义值域代码,LY.00.58,包装材质,A9,直立式聚丙烯易折式双阀,
4,自定义值域代码,LY.00.58,包装材质,B1,聚丙烯共混输液袋,
4,自定义值域代码,LY.00.58,包装材质,B2,非PVC多层共挤膜（扳开式，单座双阀）,
4,自定义值域代码,LY.00.58,包装材质,B3,聚丙烯共混输液袋（双阀),
4,自定义值域代码,LY.00.58,包装材质,B4,中性硼硅玻璃安瓿,
4,自定义值域代码,LY.00.58,包装材质,B5,内封式聚丙烯输液袋,
4,自定义值域代码,LY.00.58,包装材质,B6,多层共挤输液袋（双阀）,
4,自定义值域代码,LY.00.58,包装材质,B7,口服液体药用高密度聚乙烯瓶,
4,自定义值域代码,LY.00.58,包装材质,B8,药用塑料瓶,
4,自定义值域代码,LY.00.58,包装材质,B9,低硼硅玻璃管制注射剂瓶（配一次性使用预充注射式溶药器（带针））,
4,自定义值域代码,LY.00.58,包装材质,C1,软袋,
4,自定义值域代码,LY.00.58,包装材质,C2,聚乙烯喷雾瓶,
4,自定义值域代码,LY.00.58,包装材质,C3,五层共挤输液用袋,
4,自定义值域代码,LY.00.58,包装材质,C4,玻璃输液瓶,
4,自定义值域代码,LY.00.58,包装材质,C5,畅充,
4,自定义值域代码,LY.00.58,包装材质,C6,安瓿瓶,
4,自定义值域代码,LY.00.58,包装材质,C7,无色玻璃安瓿,
4,自定义值域代码,LY.00.58,包装材质,C8,玻璃,
4,自定义值域代码,LY.00.58,包装材质,C9,管制注射剂瓶,
4,自定义值域代码,LY.00.58,包装材质,CA,管制抗生素玻璃瓶,
4,自定义值域代码,LY.00.58,包装材质,CB,低硼硅玻璃安瓿装,
4,自定义值域代码,LY.00.58,包装材质,CC,曲颈易折安瓿瓶装,
4,自定义值域代码,LY.00.58,包装材质,CD,白卡纸,
4,自定义值域代码,LY.00.58,包装材质,CE,易折安瓿,
4,自定义值域代码,LY.00.59,包装规格,01,ml,
4,自定义值域代码,LY.00.59,包装规格,02,g,
4,自定义值域代码,LY.00.59,包装规格,03,iu,
4,自定义值域代码,LY.00.59,包装规格,04,μg,
4,自定义值域代码,LY.00.59,包装规格,05,cm,
4,自定义值域代码,LY.00.59,包装规格,06,mg,
4,自定义值域代码,LY.00.59,包装规格,07,ke,
4,自定义值域代码,LY.00.59,包装规格,08,bu,
4,自定义值域代码,LY.00.59,包装规格,09,ku,
4,自定义值域代码,LY.00.59,包装规格,10,万iu,
4,自定义值域代码,LY.00.59,包装规格,11,kcal/ml,
4,自定义值域代码,LY.00.59,包装规格,12,kcal,
4,自定义值域代码,LY.00.59,包装规格,13,%,
4,自定义值域代码,LY.00.59,包装规格,14,gi,
4,自定义值域代码,LY.00.59,包装规格,15,cm2,
4,自定义值域代码,LY.00.59,包装规格,16,ng,
4,自定义值域代码,LY.00.59,包装规格,17,mm,
4,自定义值域代码,LY.00.59,包装规格,18,万cfu,
4,自定义值域代码,LY.00.59,包装规格,19,tu,
4,自定义值域代码,LY.00.59,包装规格,20,pe,
4,自定义值域代码,LY.00.59,包装规格,21,亿个菌,
4,自定义值域代码,LY.00.59,包装规格,22,lsu,
4,自定义值域代码,LY.00.59,包装规格,23,pna单位,
4,自定义值域代码,LY.00.59,包装规格,24,au,
4,自定义值域代码,LY.00.59,包装规格,25,*10(12)vp,
4,自定义值域代码,LY.00.59,包装规格,26,ul,
4,自定义值域代码,LY.00.59,包装规格,27,axaiu,
4,自定义值域代码,LY.00.59,包装规格,44,miu,
4,自定义值域代码,LY.00.59,包装规格,45,mbq,
4,自定义值域代码,LY.00.59,包装规格,46,kbq,
4,自定义值域代码,LY.00.59,包装规格,47,gbq,
4,自定义值域代码,LY.00.59,包装规格,a9,kg,
4,自定义值域代码,LY.00.59,包装规格,b4,u,
4,自定义值域代码,LY.00.59,包装规格,b8,*10(10)vp,
4,自定义值域代码,LY.00.59,包装规格,c2,μl,
4,自定义值域代码,LY.00.60,医保人员类别,130105,区四套班子,
4,自定义值域代码,LY.00.60,医保人员类别,151001,居民一档,
4,自定义值域代码,LY.00.60,医保人员类别,151002,居民二档,
4,自定义值域代码,LY.00.60,医保人员类别,151003,居民三档,
4,自定义值域代码,LY.00.60,医保人员类别,151004,居民四档,
4,自定义值域代码,LY.00.60,医保人员类别,151005,居民五档,
4,自定义值域代码,LY.00.60,医保人员类别,151006,居民六档,
4,自定义值域代码,LY.00.60,医保人员类别,149951,学生一档,
4,自定义值域代码,LY.00.60,医保人员类别,149952,学生二档,
4,自定义值域代码,LY.00.60,医保人员类别,149953,学生三档,
4,自定义值域代码,LY.00.60,医保人员类别,156100,低收入监测范围居民,
4,自定义值域代码,LY.00.60,医保人员类别,116090,在职双十,
4,自定义值域代码,LY.00.60,医保人员类别,126090,退休双十,
4,自定义值域代码,LY.00.60,医保人员类别,3401,供给制人员,
4,自定义值域代码,LY.00.60,医保人员类别,140401,部属级大学生,
4,自定义值域代码,LY.00.60,医保人员类别,140402,省属级大学生,
4,自定义值域代码,LY.00.60,医保人员类别,140403,市属级大学生,
4,自定义值域代码,LY.00.60,医保人员类别,140101,准新生儿,
4,自定义值域代码,LY.00.60,医保人员类别,116050,在职五三军人,
4,自定义值域代码,LY.00.60,医保人员类别,116051,在职五四军人,
4,自定义值域代码,LY.00.60,医保人员类别,995330,在职代管,
4,自定义值域代码,LY.00.60,医保人员类别,995331,退休代管,
4,自定义值域代码,LY.00.60,医保人员类别,150293,成年居民二档（居住证）,
4,自定义值域代码,LY.00.60,医保人员类别,150294,未满18周岁少年儿童（居住证）,
4,自定义值域代码,LY.00.60,医保人员类别,136090,离休人员遗孀,
4,自定义值域代码,LY.00.60,医保人员类别,9999,不区分人群,
4,自定义值域代码,LY.00.60,医保人员类别,1302,二乙伤残军人,
4,自定义值域代码,LY.00.60,医保人员类别,14,居民（未成年）,
4,自定义值域代码,LY.00.60,医保人员类别,1304,离休配偶,
4,自定义值域代码,LY.00.60,医保人员类别,1404,大学生,
4,自定义值域代码,LY.00.60,医保人员类别,1204,提前退休,
4,自定义值域代码,LY.00.60,医保人员类别,13,离休,
4,自定义值域代码,LY.00.60,医保人员类别,15,居民（成年）,
4,自定义值域代码,LY.00.60,医保人员类别,16,居民（老年）,
4,自定义值域代码,LY.00.60,医保人员类别,1401,新生儿,
4,自定义值域代码,LY.00.60,医保人员类别,1402,学龄前儿童,
4,自定义值域代码,LY.00.60,医保人员类别,1403,中小学生,
4,自定义值域代码,LY.00.60,医保人员类别,1405,未成年（未入学）,
4,自定义值域代码,LY.00.60,医保人员类别,1701,城乡居民,
4,自定义值域代码,LY.00.60,医保人员类别,33,一至六级残疾军人,
4,自定义值域代码,LY.00.60,医保人员类别,1105,农民工,
4,自定义值域代码,LY.00.60,医保人员类别,99,其他,
4,自定义值域代码,LY.00.60,医保人员类别,126015,退休残疾军人,
4,自定义值域代码,LY.00.60,医保人员类别,136011,二等乙(市属离休),
4,自定义值域代码,LY.00.60,医保人员类别,34,建国前老工人,
4,自定义值域代码,LY.00.60,医保人员类别,116013,在职副厅以上干部,
4,自定义值域代码,LY.00.60,医保人员类别,116015,二等乙级在职职工,
4,自定义值域代码,LY.00.60,医保人员类别,126013,退休副厅以上干部,
4,自定义值域代码,LY.00.60,医保人员类别,136003,缴专项基金的建国前工人,
4,自定义值域代码,LY.00.60,医保人员类别,116003,失业人员,
4,自定义值域代码,LY.00.60,医保人员类别,136019,市属离休人员,
4,自定义值域代码,LY.00.60,医保人员类别,18,农牧民中,
4,自定义值域代码,LY.00.60,医保人员类别,1112,伤残军人退休,
4,自定义值域代码,LY.00.60,医保人员类别,1111,伤残军人在职,
4,自定义值域代码,LY.00.60,医保人员类别,151,居民,
4,自定义值域代码,LY.00.60,医保人员类别,11,在职,
4,自定义值域代码,LY.00.60,医保人员类别,12,退休,
4,自定义值域代码,LY.00.61,药理分类,XA,消化道和代谢方面的药物,
4,自定义值域代码,LY.00.61,药理分类,XA01,口腔科制剂,
4,自定义值域代码,LY.00.61,药理分类,XA01A,口腔科制剂,
4,自定义值域代码,LY.00.61,药理分类,XA01AB,口腔局部治疗用抗感染药和抗菌药,
4,自定义值域代码,LY.00.61,药理分类,XA01AD,其他口腔局部治疗用药,
4,自定义值域代码,LY.00.61,药理分类,XA02,治疗胃酸相关类疾病的药物,
4,自定义值域代码,LY.00.61,药理分类,XA02A,抗酸药,
4,自定义值域代码,LY.00.61,药理分类,XA02AA,镁化合物,
4,自定义值域代码,LY.00.61,药理分类,XA02AB,铝化合物,
4,自定义值域代码,LY.00.61,药理分类,XA02AC,钙化合物,
4,自定义值域代码,LY.00.61,药理分类,XA02AD,铝、钙及镁化合物的复方制剂及复合物,
4,自定义值域代码,LY.00.61,药理分类,XA02AH,含碳酸氢钠的抗酸药,
4,自定义值域代码,LY.00.61,药理分类,XA02AX,其他复合抗酸药,
4,自定义值域代码,LY.00.61,药理分类,XA02B,治疗消化性溃疡病和胃食道反流病的药物,
4,自定义值域代码,LY.00.61,药理分类,XA02BA,H2-受体拮抗剂,
4,自定义值域代码,LY.00.61,药理分类,XA02BB,前列腺素类,
4,自定义值域代码,LY.00.61,药理分类,XA02BC,质子泵抑制剂,
4,自定义值域代码,LY.00.61,药理分类,XA02BD,清除幽门螺杆菌复方制剂,
4,自定义值域代码,LY.00.61,药理分类,XA02BX,其他治疗消化性溃疡病和胃食道反流病的药物,
4,自定义值域代码,LY.00.61,药理分类,XA02X,其他治疗胃酸相关类疾病的药物,
4,自定义值域代码,LY.00.61,药理分类,XA02XA,其他治疗胃酸相关类疾病的药物,
4,自定义值域代码,LY.00.61,药理分类,XA03,治疗功能性胃肠道疾病的药物,
4,自定义值域代码,LY.00.61,药理分类,XA03A,治疗功能性肠道疾病的药物,
4,自定义值域代码,LY.00.61,药理分类,XA03AA,叔胺基酯类合成抗胆碱药,
4,自定义值域代码,LY.00.61,药理分类,XA03AB,季铵类合成抗胆碱药,
4,自定义值域代码,LY.00.61,药理分类,XA03AD,罂粟碱及其衍生物,
4,自定义值域代码,LY.00.61,药理分类,XA03AX,其他治疗功能性肠道疾病的药物,
4,自定义值域代码,LY.00.61,药理分类,XA03B,单方颠茄及其衍生物,
4,自定义值域代码,LY.00.61,药理分类,XA03BA,叔胺颠茄生物碱类,
4,自定义值域代码,LY.00.61,药理分类,XA03BB,季铵类半合成颠茄生物碱,
4,自定义值域代码,LY.00.61,药理分类,XA03C,解痉药与精神抑制药的复方制剂,
4,自定义值域代码,LY.00.61,药理分类,XA03CA,合成抗胆碱药与精神抑制药的复方制剂,
4,自定义值域代码,LY.00.61,药理分类,XA03D,解痉药与止痛药的复方制剂,
4,自定义值域代码,LY.00.61,药理分类,XA03DB,颠茄及其衍生物与止痛药的复方制剂,
4,自定义值域代码,LY.00.61,药理分类,XA03E,含其他药物的复方解痉药和抗胆碱药,
4,自定义值域代码,LY.00.61,药理分类,XA03EA,解痉药与精神抑制药和止痛药的复方制剂,
4,自定义值域代码,LY.00.61,药理分类,XA03F,胃肠动力药,
4,自定义值域代码,LY.00.61,药理分类,XA03FA,胃肠动力药,
4,自定义值域代码,LY.00.61,药理分类,XA04,止吐药和止恶心药,
4,自定义值域代码,LY.00.61,药理分类,XA04A,止吐药和止恶心药,
4,自定义值域代码,LY.00.61,药理分类,XA04AA,5-羟色胺（5HT3）拮抗剂,
4,自定义值域代码,LY.00.61,药理分类,XA04AD,其他止吐药,
4,自定义值域代码,LY.00.61,药理分类,XA05,胆和肝治疗药,
4,自定义值域代码,LY.00.61,药理分类,XA05A,胆治疗药,
4,自定义值域代码,LY.00.61,药理分类,XA05AA,胆酸制剂,
4,自定义值域代码,LY.00.61,药理分类,XA05AB,胆道治疗药,
4,自定义值域代码,LY.00.61,药理分类,XA05AX,其他胆治疗药,
4,自定义值域代码,LY.00.61,药理分类,XA05B,肝脏治疗药，抗脂肪肝药,
4,自定义值域代码,LY.00.61,药理分类,XA05BA,肝脏治疗药,
4,自定义值域代码,LY.00.61,药理分类,XA06,轻泻药,
4,自定义值域代码,LY.00.61,药理分类,XA06A,轻泻药,
4,自定义值域代码,LY.00.61,药理分类,XA06AA,"软化剂,润滑药",
4,自定义值域代码,LY.00.61,药理分类,XA06AB,接触性轻泻药,
4,自定义值域代码,LY.00.61,药理分类,XA06AC,容积性泻药,
4,自定义值域代码,LY.00.61,药理分类,XA06AD,渗透性泻药,
4,自定义值域代码,LY.00.61,药理分类,XA06AG,灌肠药,
4,自定义值域代码,LY.00.61,药理分类,XA06AX,其他轻泻药,
4,自定义值域代码,LY.00.61,药理分类,XA07,止泻药、肠道抗炎/抗感染药,
4,自定义值域代码,LY.00.61,药理分类,XA07A,肠道抗感染药,
4,自定义值域代码,LY.00.61,药理分类,XA07AA,抗生素类,
4,自定义值域代码,LY.00.61,药理分类,XA07AB,磺胺类药,
4,自定义值域代码,LY.00.61,药理分类,XA07AC,咪唑衍生物,
4,自定义值域代码,LY.00.61,药理分类,XA07AX,其他肠道抗感染药,
4,自定义值域代码,LY.00.61,药理分类,XA07B,肠道吸附剂,
4,自定义值域代码,LY.00.61,药理分类,XA07BA,炭制剂,
4,自定义值域代码,LY.00.61,药理分类,XA07BC,其他肠道吸附剂,
4,自定义值域代码,LY.00.61,药理分类,XA07C,含碳水化合物的电解质,
4,自定义值域代码,LY.00.61,药理分类,XA07CA,口服补液盐制剂,
4,自定义值域代码,LY.00.61,药理分类,XA07D,胃肠动力减低药,
4,自定义值域代码,LY.00.61,药理分类,XA07DA,胃肠动力减低药,
4,自定义值域代码,LY.00.61,药理分类,XA07E,肠道抗炎药,
4,自定义值域代码,LY.00.61,药理分类,XA07EC,氨基水杨酸及其类似药物,
4,自定义值域代码,LY.00.61,药理分类,XA07F,止泻微生物,
4,自定义值域代码,LY.00.61,药理分类,XA07FA,止泻微生物,
4,自定义值域代码,LY.00.61,药理分类,XA07X,其他止泻药,
4,自定义值域代码,LY.00.61,药理分类,XA07XA,其他止泻药,
4,自定义值域代码,LY.00.61,药理分类,XA08,抗肥胖药，不包括饮食制品,
4,自定义值域代码,LY.00.61,药理分类,XA08A,抗肥胖药，不包括饮食制品,
4,自定义值域代码,LY.00.61,药理分类,XA08AA,中枢性抗肥胖药,
4,自定义值域代码,LY.00.61,药理分类,XA08AB,外周性抗肥胖药,
4,自定义值域代码,LY.00.61,药理分类,XA09,消化药，包括酶类,
4,自定义值域代码,LY.00.61,药理分类,XA09A,消化药，包括酶类,
4,自定义值域代码,LY.00.61,药理分类,XA09AA,酶制剂,
4,自定义值域代码,LY.00.61,药理分类,XA09AB,酸制剂,
4,自定义值域代码,LY.00.61,药理分类,XA09AC,酶与酸制剂的复方制剂,
4,自定义值域代码,LY.00.61,药理分类,XA09AX,其他消化药,
4,自定义值域代码,LY.00.61,药理分类,XA10,糖尿病用药,
4,自定义值域代码,LY.00.61,药理分类,XA10A,胰岛素及其类似药物,
4,自定义值域代码,LY.00.61,药理分类,XA10AB,胰岛素及其类似物，短效,
4,自定义值域代码,LY.00.61,药理分类,XA10AC,胰岛素及其类似物，中效,
4,自定义值域代码,LY.00.61,药理分类,XA10AD,胰岛素及其类似物，预混,
4,自定义值域代码,LY.00.61,药理分类,XA10AE,胰岛素及其类似物，长效,
4,自定义值域代码,LY.00.61,药理分类,XA10AF,胰岛素及其类似物，超长效,
4,自定义值域代码,LY.00.61,药理分类,XA10B,降血糖药物，不含胰岛素,
4,自定义值域代码,LY.00.61,药理分类,XA10BA,双胍类,
4,自定义值域代码,LY.00.61,药理分类,XA10BB,磺酰脲类衍生物,
4,自定义值域代码,LY.00.61,药理分类,XA10BD,口服复方降糖药,
4,自定义值域代码,LY.00.61,药理分类,XA10BF,α-葡萄糖苷酶抑制剂,
4,自定义值域代码,LY.00.61,药理分类,XA10BG,噻唑啉二酮类,
4,自定义值域代码,LY.00.61,药理分类,XA10BH,二肽基肽酶-4(DDP-4)抑制剂,
4,自定义值域代码,LY.00.61,药理分类,XA10BI,钠-葡萄糖协同转运蛋白2抑制剂,
4,自定义值域代码,LY.00.61,药理分类,XA10BJ,二肽基肽酶-4(DDP-4)抑制剂&双胍类复方制剂,
4,自定义值域代码,LY.00.61,药理分类,XA10BX,其他降血糖药，不含胰岛素类,
4,自定义值域代码,LY.00.61,药理分类,XA10X,其他的糖尿病用药,
4,自定义值域代码,LY.00.61,药理分类,XA10XA,醛糖还原酶抑制剂,
4,自定义值域代码,LY.00.61,药理分类,XA11,维生素类,
4,自定义值域代码,LY.00.61,药理分类,XA11A,多种维生素的复方制剂,
4,自定义值域代码,LY.00.61,药理分类,XA11AA,含矿物质的多种维生素,
4,自定义值域代码,LY.00.61,药理分类,XA11AB,多种维生素的其他复方制剂,
4,自定义值域代码,LY.00.61,药理分类,XA11C,"维生素A和维生素D,包括二者的复方制剂",
4,自定义值域代码,LY.00.61,药理分类,XA11CA,维生素A的单方制剂,
4,自定义值域代码,LY.00.61,药理分类,XA11CB,维生素A和维生素D的复方制剂,
4,自定义值域代码,LY.00.61,药理分类,XA11CC,维生素D及其类似药,
4,自定义值域代码,LY.00.61,药理分类,XA11D,维生素B1，维生素B6和维生素B12普通复方,
4,自定义值域代码,LY.00.61,药理分类,XA11DA,维生素B1的单方制剂,
4,自定义值域代码,LY.00.61,药理分类,XA11DB,含维生素B6和/或维生素B12的维生素B1的复方制剂,
4,自定义值域代码,LY.00.61,药理分类,XA11E,复合维生素B，包括复方制剂,
4,自定义值域代码,LY.00.61,药理分类,XA11EA,单纯的复合维生素B制剂,
4,自定义值域代码,LY.00.61,药理分类,XA11EB,复合维生素B和维生素C的复方制剂,
4,自定义值域代码,LY.00.61,药理分类,XA11G,"抗坏血酸(维生素C),包括复方制剂",
4,自定义值域代码,LY.00.61,药理分类,XA11GA,维生素C的单方制剂,
4,自定义值域代码,LY.00.61,药理分类,XA11GB,抗坏血酸（维生素C）的复方制剂,
4,自定义值域代码,LY.00.61,药理分类,XA11H,其他维生素的单方制剂,
4,自定义值域代码,LY.00.61,药理分类,XA11HA,其他维生素的单方制剂,
4,自定义值域代码,LY.00.61,药理分类,XA11J,其他维生素的复方制剂,
4,自定义值域代码,LY.00.61,药理分类,XA11JA,维生素复方制剂,
4,自定义值域代码,LY.00.61,药理分类,XA11JB,维生素与矿物质的复方制剂,
4,自定义值域代码,LY.00.61,药理分类,XA11JC,维生素类和其他药的复方制剂,
4,自定义值域代码,LY.00.61,药理分类,XA12,矿物质补充剂,
4,自定义值域代码,LY.00.61,药理分类,XA12A,钙制剂,
4,自定义值域代码,LY.00.61,药理分类,XA12AA,钙制剂,
4,自定义值域代码,LY.00.61,药理分类,XA12AX,含其他药物的钙复方制剂,
4,自定义值域代码,LY.00.61,药理分类,XA12B,钾制剂,
4,自定义值域代码,LY.00.61,药理分类,XA12BA,钾制剂,
4,自定义值域代码,LY.00.61,药理分类,XA12C,其他矿物质补充剂,
4,自定义值域代码,LY.00.61,药理分类,XA12CB,锌制剂,
4,自定义值域代码,LY.00.61,药理分类,XA12CC,镁制剂,
4,自定义值域代码,LY.00.61,药理分类,XA12CE,硒制剂,
4,自定义值域代码,LY.00.61,药理分类,XA12CX,其他矿物质制剂,
4,自定义值域代码,LY.00.61,药理分类,XA14,全身用蛋白同化药,
4,自定义值域代码,LY.00.61,药理分类,XA14A,蛋白同化激素类,
4,自定义值域代码,LY.00.61,药理分类,XA14AA,雄甾烷衍生物,
4,自定义值域代码,LY.00.61,药理分类,XA14AB,雌烯类衍生物,
4,自定义值域代码,LY.00.61,药理分类,XA16,其他消化道及代谢用药,
4,自定义值域代码,LY.00.61,药理分类,XA16A,其他消化道及代谢用药,
4,自定义值域代码,LY.00.61,药理分类,XA16AA,氨基酸及其衍生物,
4,自定义值域代码,LY.00.61,药理分类,XA16AB,酶类,
4,自定义值域代码,LY.00.61,药理分类,XA16AX,其他消化道和代谢用药,
4,自定义值域代码,LY.00.61,药理分类,XB,血液和造血器官药,
4,自定义值域代码,LY.00.61,药理分类,XB01,抗血栓形成药,
4,自定义值域代码,LY.00.61,药理分类,XB01A,抗血栓形成药,
4,自定义值域代码,LY.00.61,药理分类,XB01AA,维生素K拮抗剂,
4,自定义值域代码,LY.00.61,药理分类,XB01AB,肝素类,
4,自定义值域代码,LY.00.61,药理分类,XB01AC,血小板凝聚抑制剂，肝素除外,
4,自定义值域代码,LY.00.61,药理分类,XB01AD,酶类,
4,自定义值域代码,LY.00.61,药理分类,XB01AE,直接凝血酶抑制剂,
4,自定义值域代码,LY.00.61,药理分类,XB01AX,其他抗血栓形成药,
4,自定义值域代码,LY.00.61,药理分类,XB02,抗出血药,
4,自定义值域代码,LY.00.61,药理分类,XB02A,抗纤维蛋白溶解药,
4,自定义值域代码,LY.00.61,药理分类,XB02AA,氨基酸类,
4,自定义值域代码,LY.00.61,药理分类,XB02AB,蛋白酶抑制剂,
4,自定义值域代码,LY.00.61,药理分类,XB02B,维生素K和其他止血药,
4,自定义值域代码,LY.00.61,药理分类,XB02BA,维生素K,
4,自定义值域代码,LY.00.61,药理分类,XB02BC,局部止血药,
4,自定义值域代码,LY.00.61,药理分类,XB02BD,血液凝固因子,
4,自定义值域代码,LY.00.61,药理分类,XB02BX,其他全身用止血药,
4,自定义值域代码,LY.00.61,药理分类,XB03,抗贫血药,
4,自定义值域代码,LY.00.61,药理分类,XB03A,铁制剂,
4,自定义值域代码,LY.00.61,药理分类,XB03AA,二价铁口服制剂,
4,自定义值域代码,LY.00.61,药理分类,XB03AB,三价铁口服制剂,
4,自定义值域代码,LY.00.61,药理分类,XB03AC,非口服三价铁制剂,
4,自定义值域代码,LY.00.61,药理分类,XB03AE,含其他药的铁复方制剂,
4,自定义值域代码,LY.00.61,药理分类,XB03B,维生素B12和叶酸,
4,自定义值域代码,LY.00.61,药理分类,XB03BA,维生素B12（氰钴铵及其衍生物）,
4,自定义值域代码,LY.00.61,药理分类,XB03BB,叶酸及其衍生物,
4,自定义值域代码,LY.00.61,药理分类,XB03X,其他抗贫血药,
4,自定义值域代码,LY.00.61,药理分类,XB03XA,其他抗贫血药,
4,自定义值域代码,LY.00.61,药理分类,XB05,血液代用品和灌注液,
4,自定义值域代码,LY.00.61,药理分类,XB05A,血液和相关制品,
4,自定义值域代码,LY.00.61,药理分类,XB05AA,血液代用品和血浆蛋白成分,
4,自定义值域代码,LY.00.61,药理分类,XB05AX,其他血液制品,
4,自定义值域代码,LY.00.61,药理分类,XB05B,静脉注射液,
4,自定义值域代码,LY.00.61,药理分类,XB05BA,胃肠外营养液,
4,自定义值域代码,LY.00.61,药理分类,XB05BB,影响电解质平衡的溶液,
4,自定义值域代码,LY.00.61,药理分类,XB05BC,产生渗透性利尿的溶液,
4,自定义值域代码,LY.00.61,药理分类,XB05C,灌洗液,
4,自定义值域代码,LY.00.61,药理分类,XB05CB,盐溶液,
4,自定义值域代码,LY.00.61,药理分类,XB05CX,其他灌洗液,
4,自定义值域代码,LY.00.61,药理分类,XB05D,腹膜透析液,
4,自定义值域代码,LY.00.61,药理分类,XB05DA,等渗溶液,
4,自定义值域代码,LY.00.61,药理分类,XB05DB,高渗溶液,
4,自定义值域代码,LY.00.61,药理分类,XB05X,静脉注射液添加剂,
4,自定义值域代码,LY.00.61,药理分类,XB05XA,电解质溶液,
4,自定义值域代码,LY.00.61,药理分类,XB05XB,氨基酸类,
4,自定义值域代码,LY.00.61,药理分类,XB05Z,血液透析和血液滤过液,
4,自定义值域代码,LY.00.61,药理分类,XB05ZB,血液滤过液,
4,自定义值域代码,LY.00.61,药理分类,XB06,其他血液系统用药,
4,自定义值域代码,LY.00.61,药理分类,XB06A,其他血液系统用药,
4,自定义值域代码,LY.00.61,药理分类,XB06AA,酶类,
4,自定义值域代码,LY.00.61,药理分类,XB06AB,其他血制品,
4,自定义值域代码,LY.00.61,药理分类,XC,心血管系统,
4,自定义值域代码,LY.00.61,药理分类,XC01,心脏治疗药,
4,自定义值域代码,LY.00.61,药理分类,XC01A,强心苷,
4,自定义值域代码,LY.00.61,药理分类,XC01AA,强心苷类,
4,自定义值域代码,LY.00.61,药理分类,XC01AC,毒毛旋花苷类,
4,自定义值域代码,LY.00.61,药理分类,XC01B,Ⅰ类和III类的抗心律失常药,
4,自定义值域代码,LY.00.61,药理分类,XC01BA,Ⅰa类抗心律失常药,
4,自定义值域代码,LY.00.61,药理分类,XC01BB,Ⅰb类抗心律失常药,
4,自定义值域代码,LY.00.61,药理分类,XC01BC,Ⅰc类抗心律失常药,
4,自定义值域代码,LY.00.61,药理分类,XC01BD,III类抗心律失常药,
4,自定义值域代码,LY.00.61,药理分类,XC01BG,其他Ⅰ类抗心律失常药,
4,自定义值域代码,LY.00.61,药理分类,XC01C,强心苷类除外的心脏兴奋药,
4,自定义值域代码,LY.00.61,药理分类,XC01CA,肾上腺素能和多巴胺能类药,
4,自定义值域代码,LY.00.61,药理分类,XC01CE,磷酸二酯酶抑制剂,
4,自定义值域代码,LY.00.61,药理分类,XC01CX,其他心脏兴奋药,
4,自定义值域代码,LY.00.61,药理分类,XC01D,用于心脏疾患的血管扩张药,
4,自定义值域代码,LY.00.61,药理分类,XC01DA,有机硝酸酯类,
4,自定义值域代码,LY.00.61,药理分类,XC01DX,用于心脏疾患的其他血管扩张药,
4,自定义值域代码,LY.00.61,药理分类,XC01E,其他心脏疾病用药,
4,自定义值域代码,LY.00.61,药理分类,XC01EA,前列腺素类,
4,自定义值域代码,LY.00.61,药理分类,XC01EB,其他心脏疾病用药,
4,自定义值域代码,LY.00.61,药理分类,XC01EX,其他心脏病用复方制剂,
4,自定义值域代码,LY.00.61,药理分类,XC02,抗高血压药,
4,自定义值域代码,LY.00.61,药理分类,XC02A,中枢作用的抗肾上腺素能药,
4,自定义值域代码,LY.00.61,药理分类,XC02AA,萝芙木生物碱类,
4,自定义值域代码,LY.00.61,药理分类,XC02AB,甲基多巴类,
4,自定义值域代码,LY.00.61,药理分类,XC02AC,咪唑啉受体激动剂类,
4,自定义值域代码,LY.00.61,药理分类,XC02C,外周作用的抗肾上腺素能药,
4,自定义值域代码,LY.00.61,药理分类,XC02CA,α-肾上腺素受体拮抗剂,
4,自定义值域代码,LY.00.61,药理分类,XC02CC,胍衍生物,
4,自定义值域代码,LY.00.61,药理分类,XC02D,作用于小动脉平滑肌的药物,
4,自定义值域代码,LY.00.61,药理分类,XC02DA,噻嗪衍生物,
4,自定义值域代码,LY.00.61,药理分类,XC02DB,肼酞嗪衍生物,
4,自定义值域代码,LY.00.61,药理分类,XC02DC,嘧啶衍生物,
4,自定义值域代码,LY.00.61,药理分类,XC02DD,硝基铁氰衍生物,
4,自定义值域代码,LY.00.61,药理分类,XC02K,其他抗高血压药,
4,自定义值域代码,LY.00.61,药理分类,XC02KX,其他抗高血压药,
4,自定义值域代码,LY.00.61,药理分类,XC02L,抗高血压药与利尿药的复方制剂,
4,自定义值域代码,LY.00.61,药理分类,XC02LA,萝芙木生物碱与利尿药的复方制剂,
4,自定义值域代码,LY.00.61,药理分类,XC02LC,咪唑啉受体激动剂类与利尿剂的复方制剂,
4,自定义值域代码,LY.00.61,药理分类,XC02LG,肼酞嗪衍生物与利尿剂的复方制剂,
4,自定义值域代码,LY.00.61,药理分类,XC02LX,其他抗高血压药与利尿剂的复方制剂,
4,自定义值域代码,LY.00.61,药理分类,XC03,利尿剂,
4,自定义值域代码,LY.00.61,药理分类,XC03A,噻嗪类低效利尿药,
4,自定义值域代码,LY.00.61,药理分类,XC03AA,单方噻嗪类,
4,自定义值域代码,LY.00.61,药理分类,XC03AX,含其他药的噻嗪类复方制剂,
4,自定义值域代码,LY.00.61,药理分类,XC03B,噻嗪类除外的低效利尿药,
4,自定义值域代码,LY.00.61,药理分类,XC03BA,磺胺类药的单方制剂,
4,自定义值域代码,LY.00.61,药理分类,XC03C,高效利尿药,
4,自定义值域代码,LY.00.61,药理分类,XC03CA,磺胺类药的单方制剂,
4,自定义值域代码,LY.00.61,药理分类,XC03CC,苯氧基乙酸衍生物,
4,自定义值域代码,LY.00.61,药理分类,XC03D,保钾利尿药,
4,自定义值域代码,LY.00.61,药理分类,XC03DA,醛固酮拮抗剂,
4,自定义值域代码,LY.00.61,药理分类,XC03DB,其他保钾利尿药,
4,自定义值域代码,LY.00.61,药理分类,XC03E,利尿药与保钾利尿药的复方制剂,
4,自定义值域代码,LY.00.61,药理分类,XC03EA,低效利尿药与保钾利尿药的复方制剂,
4,自定义值域代码,LY.00.61,药理分类,XC03X,其他利尿剂,
4,自定义值域代码,LY.00.61,药理分类,XC03XA,加压素拮抗剂,
4,自定义值域代码,LY.00.61,药理分类,XC04,周围血管扩张药,
4,自定义值域代码,LY.00.61,药理分类,XC04A,周围血管扩张药,
4,自定义值域代码,LY.00.61,药理分类,XC04AA,2-氨基-1-苯乙醇衍生物,
4,自定义值域代码,LY.00.61,药理分类,XC04AB,咪唑啉衍生物,
4,自定义值域代码,LY.00.61,药理分类,XC04AC,烟酸及其衍生物,
4,自定义值域代码,LY.00.61,药理分类,XC04AD,嘌呤衍生物,
4,自定义值域代码,LY.00.61,药理分类,XC04AE,麦角生物碱类,
4,自定义值域代码,LY.00.61,药理分类,XC04AF,酶类,
4,自定义值域代码,LY.00.61,药理分类,XC04AX,其他周围血管扩张药,
4,自定义值域代码,LY.00.61,药理分类,XC05,血管保护剂,
4,自定义值域代码,LY.00.61,药理分类,XC05A,外用裂缝,
4,自定义值域代码,LY.00.61,药理分类,XC05AA,皮质激素类,
4,自定义值域代码,LY.00.61,药理分类,XC05AD,局部麻醉药,
4,自定义值域代码,LY.00.61,药理分类,XC05AX,对痔疮和肛裂局部使用其他药物治疗,
4,自定义值域代码,LY.00.61,药理分类,XC05B,抗静脉曲张药,
4,自定义值域代码,LY.00.61,药理分类,XC05BA,局部用肝素及类肝素类药,
4,自定义值域代码,LY.00.61,药理分类,XC05BX,其他血管硬化药,
4,自定义值域代码,LY.00.61,药理分类,XC05C,毛细血管稳定剂,
4,自定义值域代码,LY.00.61,药理分类,XC05CA,生物黄酮类,
4,自定义值域代码,LY.00.61,药理分类,XC07,β-受体阻滞剂,
4,自定义值域代码,LY.00.61,药理分类,XC07A,β-受体阻滞剂,
4,自定义值域代码,LY.00.61,药理分类,XC07AA,非选择性β-受体阻滞剂,
4,自定义值域代码,LY.00.61,药理分类,XC07AB,选择性β-受体阻滞剂,
4,自定义值域代码,LY.00.61,药理分类,XC07AG,α和β-受体阻滞剂,
4,自定义值域代码,LY.00.61,药理分类,XC07B,β-受体阻滞剂和噻嗪类,
4,自定义值域代码,LY.00.61,药理分类,XC07BB,选择性β-受体阻滞剂和噻嗪类的复方制剂,
4,自定义值域代码,LY.00.61,药理分类,XC08,钙通道阻滞剂,
4,自定义值域代码,LY.00.61,药理分类,XC08C,主要作用于血管的选择性钙通道阻滞剂,
4,自定义值域代码,LY.00.61,药理分类,XC08CA,二氢吡啶衍生物类,
4,自定义值域代码,LY.00.61,药理分类,XC08CX,其他主要作用于血管的选择性钙通道阻滞剂,
4,自定义值域代码,LY.00.61,药理分类,XC08D,直接作用于心脏的选择性钙通道阻滞剂,
4,自定义值域代码,LY.00.61,药理分类,XC08DA,苯烷基胺衍生物,
4,自定义值域代码,LY.00.61,药理分类,XC08DB,苯噻硫卓衍生物,
4,自定义值域代码,LY.00.61,药理分类,XC08E,非选择性钙通道阻滞剂,
4,自定义值域代码,LY.00.61,药理分类,XC08EA,苯烷基胺衍生物,
4,自定义值域代码,LY.00.61,药理分类,XC08EX,其他非选择性钙通道阻滞剂,
4,自定义值域代码,LY.00.61,药理分类,XC09,作用于肾素-血管紧张素系统的药物,
4,自定义值域代码,LY.00.61,药理分类,XC09A,血管紧张素转换酶抑制剂的单方药,
4,自定义值域代码,LY.00.61,药理分类,XC09AA,血管紧张素转换酶抑制剂的单方药,
4,自定义值域代码,LY.00.61,药理分类,XC09B,血管紧张素转换酶抑制剂的复方制剂,
4,自定义值域代码,LY.00.61,药理分类,XC09BA,血管紧张素转换酶抑制剂与利尿药的复方制剂,
4,自定义值域代码,LY.00.61,药理分类,XC09BB,血管紧张素转化酶抑制剂与钙通道阻滞剂的复方制剂,
4,自定义值域代码,LY.00.61,药理分类,XC09BX,其他血管紧张素转换酶抑制剂的复方制剂,
4,自定义值域代码,LY.00.61,药理分类,XC09C,血管紧张素Ⅱ拮抗剂的单方药,
4,自定义值域代码,LY.00.61,药理分类,XC09CA,血管紧张素Ⅱ拮抗剂的单方药,
4,自定义值域代码,LY.00.61,药理分类,XC09D,血管紧张素Ⅱ拮抗剂的复方制剂,
4,自定义值域代码,LY.00.61,药理分类,XC09DA,血管紧张素Ⅱ拮抗剂与利尿剂的复方制剂,
4,自定义值域代码,LY.00.61,药理分类,XC09DB,血管紧张素Ⅱ拮抗剂与钙离子剂的复方制剂,
4,自定义值域代码,LY.00.61,药理分类,XC09X,其他作用于肾素-血管紧张素系统的药物,
4,自定义值域代码,LY.00.61,药理分类,XC09XA,肾素抑制药,
4,自定义值域代码,LY.00.61,药理分类,XC10,调节血脂药,
4,自定义值域代码,LY.00.61,药理分类,XC10A,单方调节血脂药,
4,自定义值域代码,LY.00.61,药理分类,XC10AA,HMG-CoA还原酶抑制剂,
4,自定义值域代码,LY.00.61,药理分类,XC10AB,贝特类,
4,自定义值域代码,LY.00.61,药理分类,XC10AC,胆酸螯合剂,
4,自定义值域代码,LY.00.61,药理分类,XC10AD,烟酸及其衍生物,
4,自定义值域代码,LY.00.61,药理分类,XC10AX,其他调节血脂药,
4,自定义值域代码,LY.00.61,药理分类,XC10B,复方调节血脂药,
4,自定义值域代码,LY.00.61,药理分类,XC10BA,HMG-CoA还原酶抑制剂和其他调节血脂药的复方,
4,自定义值域代码,LY.00.61,药理分类,XD,皮肤病用药,
4,自定义值域代码,LY.00.61,药理分类,XD01,皮肤用抗真菌药,
4,自定义值域代码,LY.00.61,药理分类,XD01A,局部抗真菌药,
4,自定义值域代码,LY.00.61,药理分类,XD01AA,抗生素类,
4,自定义值域代码,LY.00.61,药理分类,XD01AC,咪唑和三唑衍生物,
4,自定义值域代码,LY.00.61,药理分类,XD01AE,其他局部用抗真菌药,
4,自定义值域代码,LY.00.61,药理分类,XD01B,全身用抗真菌药,
4,自定义值域代码,LY.00.61,药理分类,XD01BA,全身用抗真菌药,
4,自定义值域代码,LY.00.61,药理分类,XD02,润肤剂和保护剂类,
4,自定义值域代码,LY.00.61,药理分类,XD02A,润肤剂和保护剂类,
4,自定义值域代码,LY.00.61,药理分类,XD02AA,硅酮类制剂,
4,自定义值域代码,LY.00.61,药理分类,XD02AB,锌制剂,
4,自定义值域代码,LY.00.61,药理分类,XD02AE,尿素制剂,
4,自定义值域代码,LY.00.61,药理分类,XD02AF,水杨酸制剂,
4,自定义值域代码,LY.00.61,药理分类,XD02AX,其他润肤剂和保护剂,
4,自定义值域代码,LY.00.61,药理分类,XD02B,紫外线辐射防护药,
4,自定义值域代码,LY.00.61,药理分类,XD02BA,局部用紫外线防护药,
4,自定义值域代码,LY.00.61,药理分类,XD03,治疗伤口和溃疡药,
4,自定义值域代码,LY.00.61,药理分类,XD03A,结瘢剂,
4,自定义值域代码,LY.00.61,药理分类,XD03AA,鱼肝油软膏,
4,自定义值域代码,LY.00.61,药理分类,XD03AX,其他结瘢剂,
4,自定义值域代码,LY.00.61,药理分类,XD03B,酶类,
4,自定义值域代码,LY.00.61,药理分类,XD03BA,蛋白水解酶类,
4,自定义值域代码,LY.00.61,药理分类,XD04,含抗组胺药、麻醉剂等的止痒剂,
4,自定义值域代码,LY.00.61,药理分类,XD04A,含抗组胺药、麻醉剂等的止痒剂,
4,自定义值域代码,LY.00.61,药理分类,XD04AA,局部用抗组织胺药,
4,自定义值域代码,LY.00.61,药理分类,XD04AB,局部用麻醉药,
4,自定义值域代码,LY.00.61,药理分类,XD04AX,其他止痒药,
4,自定义值域代码,LY.00.61,药理分类,XD05,治疗银屑病药,
4,自定义值域代码,LY.00.61,药理分类,XD05A,局部用治疗银屑病药,
4,自定义值域代码,LY.00.61,药理分类,XD05AC,蒽衍生物,
4,自定义值域代码,LY.00.61,药理分类,XD05AX,其他局部用治疗银屑病药,
4,自定义值域代码,LY.00.61,药理分类,XD05B,全身用治疗银屑病药,
4,自定义值域代码,LY.00.61,药理分类,XD05BA,全身用补骨脂素类,
4,自定义值域代码,LY.00.61,药理分类,XD05BB,维甲酸类治疗银屑病药,
4,自定义值域代码,LY.00.61,药理分类,XD06,皮肤病用抗生素和化疗药物,
4,自定义值域代码,LY.00.61,药理分类,XD06A,局部用抗生素,
4,自定义值域代码,LY.00.61,药理分类,XD06AA,四环素及其衍生物,
4,自定义值域代码,LY.00.61,药理分类,XD06AX,其他局部用抗生素,
4,自定义值域代码,LY.00.61,药理分类,XD06B,局部用化疗药物,
4,自定义值域代码,LY.00.61,药理分类,XD06BA,磺胺类药,
4,自定义值域代码,LY.00.61,药理分类,XD06BB,抗病毒药,
4,自定义值域代码,LY.00.61,药理分类,XD07,皮科用皮质激素类,
4,自定义值域代码,LY.00.61,药理分类,XD07A,皮质激素类的单方药,
4,自定义值域代码,LY.00.61,药理分类,XD07AA,弱效皮质激素类药（I组）,
4,自定义值域代码,LY.00.61,药理分类,XD07AB,中效皮质激素类（II组）,
4,自定义值域代码,LY.00.61,药理分类,XD07AC,强效皮质激素类（III组）,
4,自定义值域代码,LY.00.61,药理分类,XD07AD,超强效皮质激素类（IV组）,
4,自定义值域代码,LY.00.61,药理分类,XD07B,皮质激素与抗菌剂的复方制剂,
4,自定义值域代码,LY.00.61,药理分类,XD07BB,中效皮质激素与抗菌剂的复方制剂,
4,自定义值域代码,LY.00.61,药理分类,XD07BC,强效皮质激素与抗菌剂的复方制剂,
4,自定义值域代码,LY.00.61,药理分类,XD07BD,超强效皮质激素与抗菌剂的复方制剂,
4,自定义值域代码,LY.00.61,药理分类,XD07C,皮质激素与抗生素的复方制剂,
4,自定义值域代码,LY.00.61,药理分类,XD07CA,弱效皮质激素与抗生素的复方制剂,
4,自定义值域代码,LY.00.61,药理分类,XD07CB,中效皮质激素与抗生素的复方制剂,
4,自定义值域代码,LY.00.61,药理分类,XD07CC,强效皮质激素与抗生素的复方制剂,
4,自定义值域代码,LY.00.61,药理分类,XD07CD,超强效皮质激素与抗生素的复方制剂,
4,自定义值域代码,LY.00.61,药理分类,XD07X,皮质激素与其他药的复方制剂,
4,自定义值域代码,LY.00.61,药理分类,XD07XB,皮质类固醇的复方制剂,
4,自定义值域代码,LY.00.61,药理分类,XD07XC,强效皮质激素与其他药的复方制剂,
4,自定义值域代码,LY.00.61,药理分类,XD07XD,超强效皮质激素与其他药的复方制剂,
4,自定义值域代码,LY.00.61,药理分类,XD08,抗菌剂和消毒剂,
4,自定义值域代码,LY.00.61,药理分类,XD08A,抗菌剂和消毒剂,
4,自定义值域代码,LY.00.61,药理分类,XD08AA,吖啶衍生物,
4,自定义值域代码,LY.00.61,药理分类,XD08AC,双胍类和脒类,
4,自定义值域代码,LY.00.61,药理分类,XD08AD,硼酸制剂,
4,自定义值域代码,LY.00.61,药理分类,XD08AE,苯酚及其衍生物,
4,自定义值域代码,LY.00.61,药理分类,XD08AG,碘制剂,
4,自定义值域代码,LY.00.61,药理分类,XD08AH,喹啉衍生物,
4,自定义值域代码,LY.00.61,药理分类,XD08AJ,季铵类化合物,
4,自定义值域代码,LY.00.61,药理分类,XD08AK,汞制剂,
4,自定义值域代码,LY.00.61,药理分类,XD08AL,银化合物,
4,自定义值域代码,LY.00.61,药理分类,XD08AX,其他抗菌剂和消毒剂,
4,自定义值域代码,LY.00.61,药理分类,XD09,含药敷料,
4,自定义值域代码,LY.00.61,药理分类,XD09A,含药敷料,
4,自定义值域代码,LY.00.61,药理分类,XD09AA,含抗感染药的含药敷料,
4,自定义值域代码,LY.00.61,药理分类,XD10,抗痤疮制剂,
4,自定义值域代码,LY.00.61,药理分类,XD10A,局部用抗痤疮药,
4,自定义值域代码,LY.00.61,药理分类,XD10AB,含硫制剂,
4,自定义值域代码,LY.00.61,药理分类,XD10AD,局部用抗痤疮的维甲酸类药,
4,自定义值域代码,LY.00.61,药理分类,XD10AE,过氧化物类,
4,自定义值域代码,LY.00.61,药理分类,XD10AF,治疗痤疮的抗生素,
4,自定义值域代码,LY.00.61,药理分类,XD10AX,其他局部用抗痤疮制剂,
4,自定义值域代码,LY.00.61,药理分类,XD10B,全身用抗痤疮药,
4,自定义值域代码,LY.00.61,药理分类,XD10BA,维甲酸类治疗痤疮药,
4,自定义值域代码,LY.00.61,药理分类,XD10BX,其他全身用抗痤疮制剂,
4,自定义值域代码,LY.00.61,药理分类,XD11,其他皮科制剂,
4,自定义值域代码,LY.00.61,药理分类,XD11A,其他皮科制剂,
4,自定义值域代码,LY.00.61,药理分类,XD11AA,止汗药,
4,自定义值域代码,LY.00.61,药理分类,XD11AE,卟啉类光动力药物,
4,自定义值域代码,LY.00.61,药理分类,XD11AF,疣和抗角化制剂,
4,自定义值域代码,LY.00.61,药理分类,XD11AH,过敏性皮炎的药，不含激素,
4,自定义值域代码,LY.00.61,药理分类,XD11AX,其他皮科用药,
4,自定义值域代码,LY.00.61,药理分类,XG,泌尿生殖系统药和性激素,
4,自定义值域代码,LY.00.61,药理分类,XG01,妇科抗感染药和抗菌剂,
4,自定义值域代码,LY.00.61,药理分类,XG01A,抗感染药和抗菌剂，与皮质激素类的复方制剂除外,
4,自定义值域代码,LY.00.61,药理分类,XG01AA,抗生素类,
4,自定义值域代码,LY.00.61,药理分类,XG01AC,喹啉衍生物,
4,自定义值域代码,LY.00.61,药理分类,XG01AF,咪唑衍生物,
4,自定义值域代码,LY.00.61,药理分类,XG01AG,三唑类衍生物,
4,自定义值域代码,LY.00.61,药理分类,XG01AX,其他抗感染药和抗菌剂,
4,自定义值域代码,LY.00.61,药理分类,XG02,其他妇科药,
4,自定义值域代码,LY.00.61,药理分类,XG02A,催产药,
4,自定义值域代码,LY.00.61,药理分类,XG02AB,麦角生物碱类,
4,自定义值域代码,LY.00.61,药理分类,XG02AD,前列腺素类,
4,自定义值域代码,LY.00.61,药理分类,XG02AX,其他催产药,
4,自定义值域代码,LY.00.61,药理分类,XG02B,局部用避孕药,
4,自定义值域代码,LY.00.61,药理分类,XG02BA,子宫内避孕器,
4,自定义值域代码,LY.00.61,药理分类,XG02BB,阴道内避孕药,
4,自定义值域代码,LY.00.61,药理分类,XG02C,其他妇科药,
4,自定义值域代码,LY.00.61,药理分类,XG02CA,拟交感神经类分娩抑制剂,
4,自定义值域代码,LY.00.61,药理分类,XG02CB,催乳素抑制剂,
4,自定义值域代码,LY.00.61,药理分类,XG02CC,阴道给药的抗炎药,
4,自定义值域代码,LY.00.61,药理分类,XG02CX,其他妇科药,
4,自定义值域代码,LY.00.61,药理分类,XG03,生殖系统的性激素和调节剂,
4,自定义值域代码,LY.00.61,药理分类,XG03A,全身用激素类避孕药,
4,自定义值域代码,LY.00.61,药理分类,XG03AA,孕激素和雌激素固定组方的复方制剂,
4,自定义值域代码,LY.00.61,药理分类,XG03AB,孕激素和雌激素序贯用制剂,
4,自定义值域代码,LY.00.61,药理分类,XG03AC,孕激素类,
4,自定义值域代码,LY.00.61,药理分类,XG03B,雄激素类,
4,自定义值域代码,LY.00.61,药理分类,XG03BA,3-氧化雄烯（4）衍生物,
4,自定义值域代码,LY.00.61,药理分类,XG03C,雌激素类,
4,自定义值域代码,LY.00.61,药理分类,XG03CA,天然和半合成雌激素类的单方制剂,
4,自定义值域代码,LY.00.61,药理分类,XG03CB,合成雌激素的单方制剂,
4,自定义值域代码,LY.00.61,药理分类,XG03CC,雌激素与其他药的复方制剂,
4,自定义值域代码,LY.00.61,药理分类,XG03CX,其他雌激素类,
4,自定义值域代码,LY.00.61,药理分类,XG03D,孕激素类,
4,自定义值域代码,LY.00.61,药理分类,XG03DA,孕甾烯（4）衍生物,
4,自定义值域代码,LY.00.61,药理分类,XG03DB,孕甾二烯衍生物,
4,自定义值域代码,LY.00.61,药理分类,XG03DC,雌烯类衍生物,
4,自定义值域代码,LY.00.61,药理分类,XG03E,雄激素和雌性激素的复方制剂,
4,自定义值域代码,LY.00.61,药理分类,XG03EB,雄激素、孕激素和雌激素的复方制剂,
4,自定义值域代码,LY.00.61,药理分类,XG03EK,雄激素和雌性激素与其他药物的复方制剂,
4,自定义值域代码,LY.00.61,药理分类,XG03F,孕激素和雌激素的复方制剂,
4,自定义值域代码,LY.00.61,药理分类,XG03FA,孕激素和雌激素固定组方的复方制剂,
4,自定义值域代码,LY.00.61,药理分类,XG03FB,孕激素和雌激素序贯用制剂,
4,自定义值域代码,LY.00.61,药理分类,XG03G,促性腺激素和其他促排卵药,
4,自定义值域代码,LY.00.61,药理分类,XG03GA,促性腺激素类,
4,自定义值域代码,LY.00.61,药理分类,XG03GB,合成的促排卵药,
4,自定义值域代码,LY.00.61,药理分类,XG03H,抗雄激素类药,
4,自定义值域代码,LY.00.61,药理分类,XG03HA,雄激素拮抗剂,
4,自定义值域代码,LY.00.61,药理分类,XG03HB,抗雄激素药和雌激素的复方制剂,
4,自定义值域代码,LY.00.61,药理分类,XG03X,其他性激素和生殖系统调节药,
4,自定义值域代码,LY.00.61,药理分类,XG03XA,抗促性腺激素类药及类似药,
4,自定义值域代码,LY.00.61,药理分类,XG03XB,抗孕激素类药,
4,自定义值域代码,LY.00.61,药理分类,XG03XC,选择性雌激素受体调节剂,
4,自定义值域代码,LY.00.61,药理分类,XG04,泌尿系统药,
4,自定义值域代码,LY.00.61,药理分类,XG04B,其他泌尿系统药物，包括解痉药,
4,自定义值域代码,LY.00.61,药理分类,XG04BA,酸化剂类,
4,自定义值域代码,LY.00.61,药理分类,XG04BD,泌尿道解痉药,
4,自定义值域代码,LY.00.61,药理分类,XG04BE,治疗勃起功能障碍药,
4,自定义值域代码,LY.00.61,药理分类,XG04BX,其他泌尿系统用药,
4,自定义值域代码,LY.00.61,药理分类,XG04C,良性前列腺肥大用药,
4,自定义值域代码,LY.00.61,药理分类,XG04CA,α-肾上腺素受体拮抗剂,
4,自定义值域代码,LY.00.61,药理分类,XG04CB,睾酮-5-α还原酶抑制剂,
4,自定义值域代码,LY.00.61,药理分类,XG04CX,其他良性前列腺肥大用药,
4,自定义值域代码,LY.00.61,药理分类,XH,系统性激素制剂，不含性激素和胰岛素,
4,自定义值域代码,LY.00.61,药理分类,XH01,垂体和下丘脑激素及类似物,
4,自定义值域代码,LY.00.61,药理分类,XH01A,垂体前叶激素和类似物,
4,自定义值域代码,LY.00.61,药理分类,XH01AA,促肾上腺皮质素,
4,自定义值域代码,LY.00.61,药理分类,XH01AC,生长激素及生长激素激动药,
4,自定义值域代码,LY.00.61,药理分类,XH01B,垂体后叶激素类,
4,自定义值域代码,LY.00.61,药理分类,XH01BA,加压素及其类似药,
4,自定义值域代码,LY.00.61,药理分类,XH01BB,催产素及其类似药,
4,自定义值域代码,LY.00.61,药理分类,XH01BX,其他垂体后叶激素类,
4,自定义值域代码,LY.00.61,药理分类,XH01C,下丘脑激素,
4,自定义值域代码,LY.00.61,药理分类,XH01CB,黄曲霉生长荷尔蒙,
4,自定义值域代码,LY.00.61,药理分类,XH01CC,抗促性腺激素释放激素,
4,自定义值域代码,LY.00.61,药理分类,XH02,全身用皮质激素类,
4,自定义值域代码,LY.00.61,药理分类,XH02A,全身用皮质激素的单方制剂,
4,自定义值域代码,LY.00.61,药理分类,XH02AB,糖皮质激素类,
4,自定义值域代码,LY.00.61,药理分类,XH02B,全身用皮质激素的复方制剂,
4,自定义值域代码,LY.00.61,药理分类,XH02BX,全身用皮质激素的复方制剂,
4,自定义值域代码,LY.00.61,药理分类,XH03,甲状腺治疗用药,
4,自定义值域代码,LY.00.61,药理分类,XH03A,甲状腺制剂,
4,自定义值域代码,LY.00.61,药理分类,XH03AA,甲状腺激素类,
4,自定义值域代码,LY.00.61,药理分类,XH03B,抗甲状腺制剂,
4,自定义值域代码,LY.00.61,药理分类,XH03BA,硫脲嘧啶类,
4,自定义值域代码,LY.00.61,药理分类,XH03BB,含硫的咪唑衍生物,
4,自定义值域代码,LY.00.61,药理分类,XH03C,碘治疗药,
4,自定义值域代码,LY.00.61,药理分类,XH03CA,碘治疗药,
4,自定义值域代码,LY.00.61,药理分类,XH04,胰腺激素类,
4,自定义值域代码,LY.00.61,药理分类,XH04A,糖原分解激素类,
4,自定义值域代码,LY.00.61,药理分类,XH04AA,糖原分解激素类,
4,自定义值域代码,LY.00.61,药理分类,XH05,钙稳态药,
4,自定义值域代码,LY.00.61,药理分类,XH05A,甲状旁腺素和类似物,
4,自定义值域代码,LY.00.61,药理分类,XH05AA,甲状旁腺素和类似物,
4,自定义值域代码,LY.00.61,药理分类,XH05B,抗甲状旁腺剂,
4,自定义值域代码,LY.00.61,药理分类,XH05BA,降钙素制剂,
4,自定义值域代码,LY.00.61,药理分类,XJ,全身用抗感染药,
4,自定义值域代码,LY.00.61,药理分类,XJ01,全身用抗菌药,
4,自定义值域代码,LY.00.61,药理分类,XJ01A,四环素类,
4,自定义值域代码,LY.00.61,药理分类,XJ01AA,四环素类,
4,自定义值域代码,LY.00.61,药理分类,XJ01B,氯霉素类,
4,自定义值域代码,LY.00.61,药理分类,XJ01BA,氯霉素类,
4,自定义值域代码,LY.00.61,药理分类,XJ01C,β-内酰胺类抗菌药，青霉素类,
4,自定义值域代码,LY.00.61,药理分类,XJ01CA,广谱青霉素类,
4,自定义值域代码,LY.00.61,药理分类,XJ01CE,对β-内酰胺酶敏感的青霉素,
4,自定义值域代码,LY.00.61,药理分类,XJ01CF,对β-内酰胺酶耐受的青霉素,
4,自定义值域代码,LY.00.61,药理分类,XJ01CG,β-内酰胺酶抑制剂,
4,自定义值域代码,LY.00.61,药理分类,XJ01CR,青霉素类复方制剂，含β-内酰胺酶抑制剂,
4,自定义值域代码,LY.00.61,药理分类,XJ01D,其他β-内酰胺类抗菌药,
4,自定义值域代码,LY.00.61,药理分类,XJ01DB,第一代头孢菌素,
4,自定义值域代码,LY.00.61,药理分类,XJ01DC,第二代头孢菌素,
4,自定义值域代码,LY.00.61,药理分类,XJ01DD,第三代头孢菌素,
4,自定义值域代码,LY.00.61,药理分类,XJ01DE,第四代头孢菌素,
4,自定义值域代码,LY.00.61,药理分类,XJ01DF,单酰胺类,
4,自定义值域代码,LY.00.61,药理分类,XJ01DH,碳青霉烯类,
4,自定义值域代码,LY.00.61,药理分类,XJ01DI,其他头孢菌素类,
4,自定义值域代码,LY.00.61,药理分类,XJ01E,磺胺类及甲氧苄啶,
4,自定义值域代码,LY.00.61,药理分类,XJ01EA,甲氧苄啶及其衍生物,
4,自定义值域代码,LY.00.61,药理分类,XJ01EB,短效磺胺类药,
4,自定义值域代码,LY.00.61,药理分类,XJ01EC,中效磺胺类,
4,自定义值域代码,LY.00.61,药理分类,XJ01ED,长效磺胺类药,
4,自定义值域代码,LY.00.61,药理分类,XJ01EE,包括磺胺衍生物的磺胺类与甲氧苄啶的复方制剂,
4,自定义值域代码,LY.00.61,药理分类,XJ01F,大环内酯类，林可胺类和链阳菌素类,
4,自定义值域代码,LY.00.61,药理分类,XJ01FA,大环内酯类,
4,自定义值域代码,LY.00.61,药理分类,XJ01FF,林可胺类,
4,自定义值域代码,LY.00.61,药理分类,XJ01G,氨基糖苷类抗菌药,
4,自定义值域代码,LY.00.61,药理分类,XJ01GA,链霉素类,
4,自定义值域代码,LY.00.61,药理分类,XJ01GB,其他氨基糖苷类,
4,自定义值域代码,LY.00.61,药理分类,XJ01M,喹诺酮类抗菌药,
4,自定义值域代码,LY.00.61,药理分类,XJ01MA,氟喹诺酮类,
4,自定义值域代码,LY.00.61,药理分类,XJ01MB,其他喹诺酮类药,
4,自定义值域代码,LY.00.61,药理分类,XJ01R,抗菌药的复方制剂,
4,自定义值域代码,LY.00.61,药理分类,XJ01RA,抗菌药的复方制剂,
4,自定义值域代码,LY.00.61,药理分类,XJ01X,其他抗菌药,
4,自定义值域代码,LY.00.61,药理分类,XJ01XA,糖肽类抗菌药,
4,自定义值域代码,LY.00.61,药理分类,XJ01XB,多粘菌素类,
4,自定义值域代码,LY.00.61,药理分类,XJ01XC,甾类抗菌药,
4,自定义值域代码,LY.00.61,药理分类,XJ01XD,咪唑衍生物,
4,自定义值域代码,LY.00.61,药理分类,XJ01XE,硝基呋喃衍生物,
4,自定义值域代码,LY.00.61,药理分类,XJ01XF,恶唑烷酮类抗生素,
4,自定义值域代码,LY.00.61,药理分类,XJ01XX,其他抗菌药,
4,自定义值域代码,LY.00.61,药理分类,XJ02,全身用抗真菌药,
4,自定义值域代码,LY.00.61,药理分类,XJ02A,全身用抗真菌药,
4,自定义值域代码,LY.00.61,药理分类,XJ02AA,抗生素类,
4,自定义值域代码,LY.00.61,药理分类,XJ02AB,咪唑衍生物,
4,自定义值域代码,LY.00.61,药理分类,XJ02AC,三唑类衍生物,
4,自定义值域代码,LY.00.61,药理分类,XJ02AX,其他全身用抗真菌药,
4,自定义值域代码,LY.00.61,药理分类,XJ04,抗分枝杆菌药,
4,自定义值域代码,LY.00.61,药理分类,XJ04A,治疗结核病药,
4,自定义值域代码,LY.00.61,药理分类,XJ04AA,氨基水杨酸及其衍生物,
4,自定义值域代码,LY.00.61,药理分类,XJ04AB,抗生素类,
4,自定义值域代码,LY.00.61,药理分类,XJ04AC,酰肼类,
4,自定义值域代码,LY.00.61,药理分类,XJ04AD,硫脲衍生物,
4,自定义值域代码,LY.00.61,药理分类,XJ04AK,其他治疗结核病药,
4,自定义值域代码,LY.00.61,药理分类,XJ04AM,治疗结核病的复方制剂,
4,自定义值域代码,LY.00.61,药理分类,XJ04B,治疗麻风病药,
4,自定义值域代码,LY.00.61,药理分类,XJ04BA,治疗麻风病药,
4,自定义值域代码,LY.00.61,药理分类,XJ05,全身用抗病毒药,
4,自定义值域代码,LY.00.61,药理分类,XJ05A,直接作用的抗病毒药,
4,自定义值域代码,LY.00.61,药理分类,XJ05AB,核苷和核苷酸类，逆转录酶抑制剂除外,
4,自定义值域代码,LY.00.61,药理分类,XJ05AC,环胺类,
4,自定义值域代码,LY.00.61,药理分类,XJ05AD,膦酸衍生物,
4,自定义值域代码,LY.00.61,药理分类,XJ05AE,蛋白酶抑制剂,
4,自定义值域代码,LY.00.61,药理分类,XJ05AF,核苷及核苷酸逆转录酶抑制剂,
4,自定义值域代码,LY.00.61,药理分类,XJ05AG,非核苷逆转录酶抑制剂,
4,自定义值域代码,LY.00.61,药理分类,XJ05AH,神经氨酶抑制剂,
4,自定义值域代码,LY.00.61,药理分类,XJ05AR,艾滋病毒感染的抗病毒药物，复方,
4,自定义值域代码,LY.00.61,药理分类,XJ05AX,其他抗病毒药,
4,自定义值域代码,LY.00.61,药理分类,XJ06,免疫血清及免疫球蛋白,
4,自定义值域代码,LY.00.61,药理分类,XJ06A,免疫血清,
4,自定义值域代码,LY.00.61,药理分类,XJ06AA,免疫血清,
4,自定义值域代码,LY.00.61,药理分类,XJ06B,免疫球蛋白类,
4,自定义值域代码,LY.00.61,药理分类,XJ06BA,普通人免疫球蛋白,
4,自定义值域代码,LY.00.61,药理分类,XJ06BB,特异性免疫球蛋白,
4,自定义值域代码,LY.00.61,药理分类,XJ07,疫苗类,
4,自定义值域代码,LY.00.61,药理分类,XJ07A,细菌类疫苗,
4,自定义值域代码,LY.00.61,药理分类,XJ07AC,炭疽疫苗,
4,自定义值域代码,LY.00.61,药理分类,XJ07AD,布氏疫苗,
4,自定义值域代码,LY.00.61,药理分类,XJ07AE,霍乱疫苗,
4,自定义值域代码,LY.00.61,药理分类,XJ07AF,白喉疫苗,
4,自定义值域代码,LY.00.61,药理分类,XJ07AG,b型流感嗜血杆菌疫苗,
4,自定义值域代码,LY.00.61,药理分类,XJ07AH,b型流感嗜血杆菌和C群脑膜炎球菌结合疫苗,
4,自定义值域代码,LY.00.61,药理分类,XJ07AJ,C群脑膜炎球菌纯多糖抗原结合疫苗,
4,自定义值域代码,LY.00.61,药理分类,XJ07AK,鼠疫疫苗,
4,自定义值域代码,LY.00.61,药理分类,XJ07AL,肺炎球菌疫苗,
4,自定义值域代码,LY.00.61,药理分类,XJ07AM,破伤风疫苗,
4,自定义值域代码,LY.00.61,药理分类,XJ07AN,结核杆菌疫苗,
4,自定义值域代码,LY.00.61,药理分类,XJ07AO,A群、C群脑膜炎球菌和b型流感嗜血杆菌疫苗,
4,自定义值域代码,LY.00.61,药理分类,XJ07AP,伤寒疫苗,
4,自定义值域代码,LY.00.61,药理分类,XJ07AQ,b型流感嗜血杆菌疫苗,
4,自定义值域代码,LY.00.61,药理分类,XJ07AR,人乳头瘤病毒疫苗,
4,自定义值域代码,LY.00.61,药理分类,XJ07AX,其他细菌类疫苗,
4,自定义值域代码,LY.00.61,药理分类,XJ07B,病毒类疫苗,
4,自定义值域代码,LY.00.61,药理分类,XJ07BA,脑炎疫苗,
4,自定义值域代码,LY.00.61,药理分类,XJ07BB,流感疫苗,
4,自定义值域代码,LY.00.61,药理分类,XJ07BC,肝炎疫苗,
4,自定义值域代码,LY.00.61,药理分类,XJ07BD,麻疹疫苗,
4,自定义值域代码,LY.00.61,药理分类,XJ07BE,腮腺炎疫苗,
4,自定义值域代码,LY.00.61,药理分类,XJ07BF,脊髓灰质炎疫苗,
4,自定义值域代码,LY.00.61,药理分类,XJ07BG,狂犬疫苗,
4,自定义值域代码,LY.00.61,药理分类,XJ07BH,轮状腹泻病毒疫苗,
4,自定义值域代码,LY.00.61,药理分类,XJ07BJ,风疹疫苗,
4,自定义值域代码,LY.00.61,药理分类,XJ07BK,水痘疱疹疫苗,
4,自定义值域代码,LY.00.61,药理分类,XJ07BL,黄热病疫苗,
4,自定义值域代码,LY.00.61,药理分类,XJ07C,细菌类和病毒类的联合疫苗,
4,自定义值域代码,LY.00.61,药理分类,XJ07CA,细菌类和病毒类的联合疫苗,
4,自定义值域代码,LY.00.61,药理分类,XJ07X,其他疫苗,
4,自定义值域代码,LY.00.61,药理分类,XJ07XX,其他疫苗,
4,自定义值域代码,LY.00.61,药理分类,XL,抗肿瘤药及免疫调节剂,
4,自定义值域代码,LY.00.61,药理分类,XL01,抗肿瘤药,
4,自定义值域代码,LY.00.61,药理分类,XL01A,烷化剂类,
4,自定义值域代码,LY.00.61,药理分类,XL01AA,氮芥类似物,
4,自定义值域代码,LY.00.61,药理分类,XL01AB,烷基磺酸盐,
4,自定义值域代码,LY.00.61,药理分类,XL01AD,亚硝基脲类,
4,自定义值域代码,LY.00.61,药理分类,XL01AX,其他烷化剂,
4,自定义值域代码,LY.00.61,药理分类,XL01B,抗代谢药,
4,自定义值域代码,LY.00.61,药理分类,XL01BA,叶酸类似物,
4,自定义值域代码,LY.00.61,药理分类,XL01BB,嘌呤类似物,
4,自定义值域代码,LY.00.61,药理分类,XL01BC,嘧啶类似物,
4,自定义值域代码,LY.00.61,药理分类,XL01C,植物生物碱及其他天然药物,
4,自定义值域代码,LY.00.61,药理分类,XL01CA,长春花生物碱类及其类似药,
4,自定义值域代码,LY.00.61,药理分类,XL01CB,鬼臼毒素衍生物,
4,自定义值域代码,LY.00.61,药理分类,XL01CD,紫杉烷类,
4,自定义值域代码,LY.00.61,药理分类,XL01CX,其它植物生物碱及天然药物,
4,自定义值域代码,LY.00.61,药理分类,XL01D,细胞毒类抗生素及相关药物,
4,自定义值域代码,LY.00.61,药理分类,XL01DA,放线菌素类,
4,自定义值域代码,LY.00.61,药理分类,XL01DB,蒽环类及相关药物,
4,自定义值域代码,LY.00.61,药理分类,XL01DC,其他细胞毒类抗生素,
4,自定义值域代码,LY.00.61,药理分类,XL01X,其他抗肿瘤药,
4,自定义值域代码,LY.00.61,药理分类,XL01XA,铂化合物,
4,自定义值域代码,LY.00.61,药理分类,XL01XB,甲基肼类,
4,自定义值域代码,LY.00.61,药理分类,XL01XC,单克隆抗体,
4,自定义值域代码,LY.00.61,药理分类,XL01XD,光动力/放射疗法激活剂,
4,自定义值域代码,LY.00.61,药理分类,XL01XE,蛋白激酶抑制剂,
4,自定义值域代码,LY.00.61,药理分类,XL01XF,血管内皮生长因子受体（VEGFR）酪氨酸激酶抑制剂（TKI）,
4,自定义值域代码,LY.00.61,药理分类,XL01XX,其他抗肿瘤药,
4,自定义值域代码,LY.00.61,药理分类,XL01XY,抗肿瘤药的复方制剂,
4,自定义值域代码,LY.00.61,药理分类,XL02,内分泌治疗用药,
4,自定义值域代码,LY.00.61,药理分类,XL02A,激素类及相关药物,
4,自定义值域代码,LY.00.61,药理分类,XL02AE,促性腺激素释放激素类似物,
4,自定义值域代码,LY.00.61,药理分类,XL02B,激素拮抗剂及相关药物,
4,自定义值域代码,LY.00.61,药理分类,XL02BA,抗雌激素,
4,自定义值域代码,LY.00.61,药理分类,XL02BB,抗雄激素,
4,自定义值域代码,LY.00.61,药理分类,XL02BG,酶抑制剂,
4,自定义值域代码,LY.00.61,药理分类,XL03,免疫兴奋剂,
4,自定义值域代码,LY.00.61,药理分类,XL03A,免疫兴奋剂,
4,自定义值域代码,LY.00.61,药理分类,XL03AA,集落刺激因子,
4,自定义值域代码,LY.00.61,药理分类,XL03AB,干扰素类,
4,自定义值域代码,LY.00.61,药理分类,XL03AC,白介素类,
4,自定义值域代码,LY.00.61,药理分类,XL03AX,其他免疫增强剂,
4,自定义值域代码,LY.00.61,药理分类,XL04,免疫抑制剂,
4,自定义值域代码,LY.00.61,药理分类,XL04A,免疫抑制剂,
4,自定义值域代码,LY.00.61,药理分类,XL04AA,选择性免疫抑制剂,
4,自定义值域代码,LY.00.61,药理分类,XL04AB,肿瘤坏死因子α(TNF-α)抑制剂,
4,自定义值域代码,LY.00.61,药理分类,XL04AC,白介素抑制剂,
4,自定义值域代码,LY.00.61,药理分类,XL04AD,钙神经素抑制剂,
4,自定义值域代码,LY.00.61,药理分类,XL04AE,布鲁顿酪氨酸激酶（BTK）抑制剂,
4,自定义值域代码,LY.00.61,药理分类,XL04AX,其他免疫抑制剂,
4,自定义值域代码,LY.00.61,药理分类,XM,肌肉-骨骼系统药物,
4,自定义值域代码,LY.00.61,药理分类,XM01,抗炎和抗风湿药,
4,自定义值域代码,LY.00.61,药理分类,XM01A,非甾体类抗炎和抗风湿药,
4,自定义值域代码,LY.00.61,药理分类,XM01AA,丁基吡唑烷类,
4,自定义值域代码,LY.00.61,药理分类,XM01AB,醋酸衍生物及相关药物,
4,自定义值域代码,LY.00.61,药理分类,XM01AC,昔康类,
4,自定义值域代码,LY.00.61,药理分类,XM01AE,丙酸衍生物,
4,自定义值域代码,LY.00.61,药理分类,XM01AG,灭酸类,
4,自定义值域代码,LY.00.61,药理分类,XM01AH,昔布类,
4,自定义值域代码,LY.00.61,药理分类,XM01AX,其他非甾体类抗炎和抗风湿药,
4,自定义值域代码,LY.00.61,药理分类,XM01B,抗炎和抗风湿药的复方制剂,
4,自定义值域代码,LY.00.61,药理分类,XM01BA,抗炎/抗风湿药与皮质激素的复方制剂,
4,自定义值域代码,LY.00.61,药理分类,XM01C,特异性抗风湿药,
4,自定义值域代码,LY.00.61,药理分类,XM01CB,金制剂,
4,自定义值域代码,LY.00.61,药理分类,XM01CC,青霉胺及类似药物,
4,自定义值域代码,LY.00.61,药理分类,XM01CX,其他特异性抗风湿药,
4,自定义值域代码,LY.00.61,药理分类,XM02,关节和肌肉痛局部用药,
4,自定义值域代码,LY.00.61,药理分类,XM02A,关节和肌肉痛局部用药,
4,自定义值域代码,LY.00.61,药理分类,XM02AA,局部用非甾体类抗炎药,
4,自定义值域代码,LY.00.61,药理分类,XM02AB,辣椒素及类似药物,
4,自定义值域代码,LY.00.61,药理分类,XM02AC,含水杨酸衍生物的制剂,
4,自定义值域代码,LY.00.61,药理分类,XM02AX,其他关节和肌肉痛局部用药,
4,自定义值域代码,LY.00.61,药理分类,XM03,肌肉松弛药,
4,自定义值域代码,LY.00.61,药理分类,XM03A,外周作用肌肉松弛药,
4,自定义值域代码,LY.00.61,药理分类,XM03AA,箭毒生物碱类,
4,自定义值域代码,LY.00.61,药理分类,XM03AB,胆碱衍生物类,
4,自定义值域代码,LY.00.61,药理分类,XM03AC,其他季铵化合物,
4,自定义值域代码,LY.00.61,药理分类,XM03B,中枢作用肌肉松弛药,
4,自定义值域代码,LY.00.61,药理分类,XM03BA,氨基甲酸酯类,
4,自定义值域代码,LY.00.61,药理分类,XM03BB,恶唑，噻唑，三嗪衍生物,
4,自定义值域代码,LY.00.61,药理分类,XM03BX,其他中枢作用药,
4,自定义值域代码,LY.00.61,药理分类,XM03C,直接作用的肌肉松弛药,
4,自定义值域代码,LY.00.61,药理分类,XM03CA,丹曲林及其衍生物,
4,自定义值域代码,LY.00.61,药理分类,XM04,抗痛风药,
4,自定义值域代码,LY.00.61,药理分类,XM04A,抗痛风药,
4,自定义值域代码,LY.00.61,药理分类,XM04AA,抑制尿酸生成药,
4,自定义值域代码,LY.00.61,药理分类,XM04AB,促进尿酸排泄药,
4,自定义值域代码,LY.00.61,药理分类,XM04AC,对尿酸代谢无影响的药物,
4,自定义值域代码,LY.00.61,药理分类,XM05,治疗骨病的药物,
4,自定义值域代码,LY.00.61,药理分类,XM05B,影响骨结构和矿化的药物,
4,自定义值域代码,LY.00.61,药理分类,XM05BA,双膦酸盐类,
4,自定义值域代码,LY.00.61,药理分类,XM05BB,复方双膦酸盐,
4,自定义值域代码,LY.00.61,药理分类,XM05BX,其他影响骨结构和矿化的药物,
4,自定义值域代码,LY.00.61,药理分类,XM09,其他肌肉-骨骼系统疾病用药,
4,自定义值域代码,LY.00.61,药理分类,XM09A,其他肌肉-骨骼系统疾病用药,
4,自定义值域代码,LY.00.61,药理分类,XM09AX,其他肌肉-骨骼系统疾病用药,
4,自定义值域代码,LY.00.61,药理分类,XN,神经系统药物,
4,自定义值域代码,LY.00.61,药理分类,XN01,麻醉剂,
4,自定义值域代码,LY.00.61,药理分类,XN01A,全身麻醉剂,
4,自定义值域代码,LY.00.61,药理分类,XN01AB,卤代烃类,
4,自定义值域代码,LY.00.61,药理分类,XN01AF,巴比妥类的单方制剂,
4,自定义值域代码,LY.00.61,药理分类,XN01AH,阿片类麻醉药,
4,自定义值域代码,LY.00.61,药理分类,XN01AX,其他全身麻醉药,
4,自定义值域代码,LY.00.61,药理分类,XN01B,局部麻醉剂,
4,自定义值域代码,LY.00.61,药理分类,XN01BA,氨基苯甲酸酯类,
4,自定义值域代码,LY.00.61,药理分类,XN01BB,酰胺类,
4,自定义值域代码,LY.00.61,药理分类,XN01BX,其他局部麻醉药,
4,自定义值域代码,LY.00.61,药理分类,XN02,镇痛药,
4,自定义值域代码,LY.00.61,药理分类,XN02A,阿片类,
4,自定义值域代码,LY.00.61,药理分类,XN02AA,天然阿片碱,
4,自定义值域代码,LY.00.61,药理分类,XN02AB,苯基哌啶衍生物,
4,自定义值域代码,LY.00.61,药理分类,XN02AD,苯并吗啡烷衍生物,
4,自定义值域代码,LY.00.61,药理分类,XN02AE,东罂粟碱衍生物,
4,自定义值域代码,LY.00.61,药理分类,XN02AF,吗啡烷衍生物,
4,自定义值域代码,LY.00.61,药理分类,XN02AX,其他阿片类药,
4,自定义值域代码,LY.00.61,药理分类,XN02B,其他解热镇痛药,
4,自定义值域代码,LY.00.61,药理分类,XN02BA,水杨酸及其衍生物,
4,自定义值域代码,LY.00.61,药理分类,XN02BB,吡唑啉酮类,
4,自定义值域代码,LY.00.61,药理分类,XN02BE,酰基苯胺类,
4,自定义值域代码,LY.00.61,药理分类,XN02BG,其他解热镇痛药,
4,自定义值域代码,LY.00.61,药理分类,XN02C,抗偏头痛药,
4,自定义值域代码,LY.00.61,药理分类,XN02CA,麦角生物碱类,
4,自定义值域代码,LY.00.61,药理分类,XN02CC,选择性5-羟色胺(5HT1)受体激动剂,
4,自定义值域代码,LY.00.61,药理分类,XN02CX,其他抗偏头痛药,
4,自定义值域代码,LY.00.61,药理分类,XN03,抗癫痫药,
4,自定义值域代码,LY.00.61,药理分类,XN03A,抗癫痫药,
4,自定义值域代码,LY.00.61,药理分类,XN03AA,巴比妥类及衍生物,
4,自定义值域代码,LY.00.61,药理分类,XN03AB,乙内酰脲类衍生物,
4,自定义值域代码,LY.00.61,药理分类,XN03AD,琥珀酰亚胺衍生物,
4,自定义值域代码,LY.00.61,药理分类,XN03AE,苯二氮卓衍生物,
4,自定义值域代码,LY.00.61,药理分类,XN03AF,氨甲酰衍生物,
4,自定义值域代码,LY.00.61,药理分类,XN03AG,脂肪酸衍生物,
4,自定义值域代码,LY.00.61,药理分类,XN03AX,其他抗癫痫药,
4,自定义值域代码,LY.00.61,药理分类,XN04,抗帕金森氏病药,
4,自定义值域代码,LY.00.61,药理分类,XN04A,抗胆碱能药,
4,自定义值域代码,LY.00.61,药理分类,XN04AA,叔胺类,
4,自定义值域代码,LY.00.61,药理分类,XN04AC,莨菪碱或其衍生物的醚类,
4,自定义值域代码,LY.00.61,药理分类,XN04B,多巴胺能药,
4,自定义值域代码,LY.00.61,药理分类,XN04BA,多巴和其衍生物,
4,自定义值域代码,LY.00.61,药理分类,XN04BB,金刚烷衍生物,
4,自定义值域代码,LY.00.61,药理分类,XN04BC,多巴胺激动剂,
4,自定义值域代码,LY.00.61,药理分类,XN04BD,单胺氧化酶B抑制剂,
4,自定义值域代码,LY.00.61,药理分类,XN04BX,其他多巴胺能药,
4,自定义值域代码,LY.00.61,药理分类,XN05,精神安定药,
4,自定义值域代码,LY.00.61,药理分类,XN05A,抗精神病药,
4,自定义值域代码,LY.00.61,药理分类,XN05AA,吩噻嗪与脂肪族侧链,
4,自定义值域代码,LY.00.61,药理分类,XN05AB,吩噻嗪与哌嗪结构,
4,自定义值域代码,LY.00.61,药理分类,XN05AC,含哌啶结构的吩噻嗪类,
4,自定义值域代码,LY.00.61,药理分类,XN05AD,丁酰苯衍生物,
4,自定义值域代码,LY.00.61,药理分类,XN05AE,吲哚衍生物,
4,自定义值域代码,LY.00.61,药理分类,XN05AF,噻吨衍生物,
4,自定义值域代码,LY.00.61,药理分类,XN05AG,二苯丁基哌啶衍生物,
4,自定义值域代码,LY.00.61,药理分类,XN05AH,二氮卓类、去甲羟二氮卓类和硫氮杂卓类,
4,自定义值域代码,LY.00.61,药理分类,XN05AL,苯甲酰胺类,
4,自定义值域代码,LY.00.61,药理分类,XN05AN,锂,
4,自定义值域代码,LY.00.61,药理分类,XN05AX,其他抗精神病药,
4,自定义值域代码,LY.00.61,药理分类,XN05B,抗焦虑药,
4,自定义值域代码,LY.00.61,药理分类,XN05BA,苯二氮卓衍生物,
4,自定义值域代码,LY.00.61,药理分类,XN05BB,二苯甲烷衍生物,
4,自定义值域代码,LY.00.61,药理分类,XN05BC,氨甲酸酯类,
4,自定义值域代码,LY.00.61,药理分类,XN05BE,氮杂螺癸烷二酮衍生物,
4,自定义值域代码,LY.00.61,药理分类,XN05C,催眠药和镇静药,
4,自定义值域代码,LY.00.61,药理分类,XN05CA,巴比妥类的单方制剂,
4,自定义值域代码,LY.00.61,药理分类,XN05CB,巴比妥类的复方制剂,
4,自定义值域代码,LY.00.61,药理分类,XN05CD,苯二氮卓衍生物,
4,自定义值域代码,LY.00.61,药理分类,XN05CF,苯二氮卓类相关药物,
4,自定义值域代码,LY.00.61,药理分类,XN05CM,其他催眠镇静剂,
4,自定义值域代码,LY.00.61,药理分类,XN06,精神兴奋药,
4,自定义值域代码,LY.00.61,药理分类,XN06A,抗抑郁药,
4,自定义值域代码,LY.00.61,药理分类,XN06AA,非选择性单胺重摄取抑制剂,
4,自定义值域代码,LY.00.61,药理分类,XN06AB,选择性5-羟色胺再摄取抑制剂,
4,自定义值域代码,LY.00.61,药理分类,XN06AF,非选择性单胺氧化酶抑制剂,
4,自定义值域代码,LY.00.61,药理分类,XN06AG,单胺氧化酶A抑制剂,
4,自定义值域代码,LY.00.61,药理分类,XN06AX,其他抗抑郁药,
4,自定义值域代码,LY.00.61,药理分类,XN06B,用于儿童注意缺陷障碍伴多动症和促智的精神兴奋药,
4,自定义值域代码,LY.00.61,药理分类,XN06BA,中枢性拟交感神经药,
4,自定义值域代码,LY.00.61,药理分类,XN06BC,黄嘌呤衍生物,
4,自定义值域代码,LY.00.61,药理分类,XN06BX,其他精神兴奋药及促智药,
4,自定义值域代码,LY.00.61,药理分类,XN06C,精神安定药和精神兴奋药的复方制剂,
4,自定义值域代码,LY.00.61,药理分类,XN06CA,抗抑郁药和精神安定药的复方制剂,
4,自定义值域代码,LY.00.61,药理分类,XN06CB,精神刺激药与精神安定药的复方制剂,
4,自定义值域代码,LY.00.61,药理分类,XN06D,抗痴呆药,
4,自定义值域代码,LY.00.61,药理分类,XN06DA,抗胆碱酯酶药,
4,自定义值域代码,LY.00.61,药理分类,XN06DX,其他抗痴呆药,
4,自定义值域代码,LY.00.61,药理分类,XN07,其他神经系统药物,
4,自定义值域代码,LY.00.61,药理分类,XN07A,拟副交感神经药,
4,自定义值域代码,LY.00.61,药理分类,XN07AA,抗胆碱酯酶药,
4,自定义值域代码,LY.00.61,药理分类,XN07AB,胆碱酯,
4,自定义值域代码,LY.00.61,药理分类,XN07B,用于成瘾疾病的药物,
4,自定义值域代码,LY.00.61,药理分类,XN07BA,用于尼古丁依赖的药物,
4,自定义值域代码,LY.00.61,药理分类,XN07BB,用于酒精依赖的药物,
4,自定义值域代码,LY.00.61,药理分类,XN07BC,用于阿片依赖的药物,
4,自定义值域代码,LY.00.61,药理分类,XN07C,抗眩晕药,
4,自定义值域代码,LY.00.61,药理分类,XN07CA,抗眩晕药,
4,自定义值域代码,LY.00.61,药理分类,XN07X,其他神经系统药物,
4,自定义值域代码,LY.00.61,药理分类,XN07XA,神经节苷脂及其衍生物,
4,自定义值域代码,LY.00.61,药理分类,XN07XX,其他神经系统药物,
4,自定义值域代码,LY.00.61,药理分类,XN08,C型尼曼匹克病,
4,自定义值域代码,LY.00.61,药理分类,XN08A,C型尼曼匹克病,
4,自定义值域代码,LY.00.61,药理分类,XN08AA,葡萄糖神经酰胺合成酶抑制剂,
4,自定义值域代码,LY.00.61,药理分类,XP,抗寄生虫药，杀虫药和驱虫药,
4,自定义值域代码,LY.00.61,药理分类,XP01,抗原虫药,
4,自定义值域代码,LY.00.61,药理分类,XP01A,治疗阿米巴病和其他原虫病药,
4,自定义值域代码,LY.00.61,药理分类,XP01AA,羟基喹啉衍生物,
4,自定义值域代码,LY.00.61,药理分类,XP01AB,硝基咪唑衍生物,
4,自定义值域代码,LY.00.61,药理分类,XP01AX,其他治疗阿米巴病和其他原虫病药,
4,自定义值域代码,LY.00.61,药理分类,XP01B,抗疟药,
4,自定义值域代码,LY.00.61,药理分类,XP01BA,氨基喹啉类,
4,自定义值域代码,LY.00.61,药理分类,XP01BC,甲羟喹啉类,
4,自定义值域代码,LY.00.61,药理分类,XP01BD,二氨基嘧啶类,
4,自定义值域代码,LY.00.61,药理分类,XP01BE,青蒿素和衍生物,
4,自定义值域代码,LY.00.61,药理分类,XP01BX,其他抗疟药物,
4,自定义值域代码,LY.00.61,药理分类,XP01C,抗利什曼病和锥虫病药物,
4,自定义值域代码,LY.00.61,药理分类,XP01CB,锑化合物,
4,自定义值域代码,LY.00.61,药理分类,XP01CX,其他抗利什曼病和锥虫病药物,
4,自定义值域代码,LY.00.61,药理分类,XP02,抗蠕虫药,
4,自定义值域代码,LY.00.61,药理分类,XP02B,抗吸虫药,
4,自定义值域代码,LY.00.61,药理分类,XP02BA,喹啉衍生物及其相关药,
4,自定义值域代码,LY.00.61,药理分类,XP02BX,其他抗吸虫药,
4,自定义值域代码,LY.00.61,药理分类,XP02C,抗线虫药,
4,自定义值域代码,LY.00.61,药理分类,XP02CA,苯并咪唑衍生物,
4,自定义值域代码,LY.00.61,药理分类,XP02CB,哌嗪及其衍生物,
4,自定义值域代码,LY.00.61,药理分类,XP02CC,四氢嘧啶衍生物,
4,自定义值域代码,LY.00.61,药理分类,XP02CE,咪唑并噻唑衍生物,
4,自定义值域代码,LY.00.61,药理分类,XP02CF,除虫菌素类,
4,自定义值域代码,LY.00.61,药理分类,XP02D,抗绦虫药,
4,自定义值域代码,LY.00.61,药理分类,XP02DA,水杨酸衍生物,
4,自定义值域代码,LY.00.61,药理分类,XP03,包括杀疥螨药、杀虫剂及驱虫剂的杀体外寄生虫药,
4,自定义值域代码,LY.00.61,药理分类,XP03A,包括杀疥螨药的杀体外寄生虫药,
4,自定义值域代码,LY.00.61,药理分类,XP03AA,含硫磺产品,
4,自定义值域代码,LY.00.61,药理分类,XP03AB,含氯制剂,
4,自定义值域代码,LY.00.61,药理分类,XP03AX,包括杀疥螨药的其他杀体外寄生虫药,
4,自定义值域代码,LY.00.61,药理分类,XR,呼吸系统,
4,自定义值域代码,LY.00.61,药理分类,XR01,鼻部制剂,
4,自定义值域代码,LY.00.61,药理分类,XR01A,减轻充血药及其他鼻局部用药,
4,自定义值域代码,LY.00.61,药理分类,XR01AA,单方拟交感神经药,
4,自定义值域代码,LY.00.61,药理分类,XR01AB,不包括皮质激素的拟交感神经药复方制剂,
4,自定义值域代码,LY.00.61,药理分类,XR01AC,不包括皮质激素的抗过敏药物,
4,自定义值域代码,LY.00.61,药理分类,XR01AD,皮质激素类,
4,自定义值域代码,LY.00.61,药理分类,XR01AX,其他鼻用制剂,
4,自定义值域代码,LY.00.61,药理分类,XR02,咽喉制剂,
4,自定义值域代码,LY.00.61,药理分类,XR02A,咽喉制剂,
4,自定义值域代码,LY.00.61,药理分类,XR02AA,抗菌药,
4,自定义值域代码,LY.00.61,药理分类,XR02AX,其他咽喉制剂,
4,自定义值域代码,LY.00.61,药理分类,XR03,用于阻塞性气道疾病的药物,
4,自定义值域代码,LY.00.61,药理分类,XR03A,吸入的肾上腺素能类药,
4,自定义值域代码,LY.00.61,药理分类,XR03AB,非选择性β-肾上腺素受体激动剂,
4,自定义值域代码,LY.00.61,药理分类,XR03AC,选择性β- 2 -肾上腺素受体激动剂,
4,自定义值域代码,LY.00.61,药理分类,XR03AH,肾上腺素能药的复方制剂,
4,自定义值域代码,LY.00.61,药理分类,XR03AK,肾上腺素能药与治疗阻塞性气道疾病的其他药物的复方,
4,自定义值域代码,LY.00.61,药理分类,XR03B,治疗阻塞性气道疾病的其他吸入药物,
4,自定义值域代码,LY.00.61,药理分类,XR03BA,糖皮质激素类,
4,自定义值域代码,LY.00.61,药理分类,XR03BB,抗胆碱药,
4,自定义值域代码,LY.00.61,药理分类,XR03BC,不包括皮质激素的抗过敏药物,
4,自定义值域代码,LY.00.61,药理分类,XR03BX,治疗阻塞性气道疾病的其他吸入药物,
4,自定义值域代码,LY.00.61,药理分类,XR03C,全身用肾上腺素类药,
4,自定义值域代码,LY.00.61,药理分类,XR03CA,α-和β-肾上腺素受体激动剂,
4,自定义值域代码,LY.00.61,药理分类,XR03CB,非选择性β-肾上腺素受体激动剂,
4,自定义值域代码,LY.00.61,药理分类,XR03CC,选择性β- 2 -肾上腺素受体激动剂,
4,自定义值域代码,LY.00.61,药理分类,XR03CK,肾上腺素能药与治疗阻塞性气道疾病的其他药物的复方,
4,自定义值域代码,LY.00.61,药理分类,XR03D,治疗阻塞性气道疾病的其他全身用药物,
4,自定义值域代码,LY.00.61,药理分类,XR03DA,黄嘌呤类,
4,自定义值域代码,LY.00.61,药理分类,XR03DC,白三烯受体拮抗剂,
4,自定义值域代码,LY.00.61,药理分类,XR03DX,治疗阻塞性气道疾病的其他全身用药物,
4,自定义值域代码,LY.00.61,药理分类,XR05,咳嗽和感冒制剂,
4,自定义值域代码,LY.00.61,药理分类,XR05C,不含复方镇咳药的祛痰药,
4,自定义值域代码,LY.00.61,药理分类,XR05CA,祛痰药,
4,自定义值域代码,LY.00.61,药理分类,XR05CB,粘液溶解药,
4,自定义值域代码,LY.00.61,药理分类,XR05D,不含复方祛痰药的镇咳药,
4,自定义值域代码,LY.00.61,药理分类,XR05DA,阿片生物碱及其衍生物,
4,自定义值域代码,LY.00.61,药理分类,XR05DB,其他镇咳药,
4,自定义值域代码,LY.00.61,药理分类,XR05F,镇咳药与祛痰药的复方,
4,自定义值域代码,LY.00.61,药理分类,XR05FA,阿片衍生物与祛痰药的复方,
4,自定义值域代码,LY.00.61,药理分类,XR05FB,其他止咳药与祛痰药的复方制剂,
4,自定义值域代码,LY.00.61,药理分类,XR05X,其他复方感冒制剂,
4,自定义值域代码,LY.00.61,药理分类,XR05XX,其他复方感冒制剂,
4,自定义值域代码,LY.00.61,药理分类,XR06,全身用抗组胺药,
4,自定义值域代码,LY.00.61,药理分类,XR06A,全身用抗组胺药,
4,自定义值域代码,LY.00.61,药理分类,XR06AA,氨基烷醚类,
4,自定义值域代码,LY.00.61,药理分类,XR06AB,取代的烷基胺类,
4,自定义值域代码,LY.00.61,药理分类,XR06AC,取代的乙烯二胺类,
4,自定义值域代码,LY.00.61,药理分类,XR06AD,吩噻嗪衍生物,
4,自定义值域代码,LY.00.61,药理分类,XR06AE,哌嗪衍生物,
4,自定义值域代码,LY.00.61,药理分类,XR06AK,抗组胺药的复方制剂,
4,自定义值域代码,LY.00.61,药理分类,XR06AX,全身用的其他抗组胺药,
4,自定义值域代码,LY.00.61,药理分类,XR07,其他呼吸系统药物,
4,自定义值域代码,LY.00.61,药理分类,XR07A,其他呼吸系统药物,
4,自定义值域代码,LY.00.61,药理分类,XR07AA,肺表面活性物质,
4,自定义值域代码,LY.00.61,药理分类,XR07AB,呼吸兴奋剂,
4,自定义值域代码,LY.00.61,药理分类,XR07AX,其他呼吸系统药物,
4,自定义值域代码,LY.00.61,药理分类,XS,感觉器官药物,
4,自定义值域代码,LY.00.61,药理分类,XS01,眼科用药,
4,自定义值域代码,LY.00.61,药理分类,XS01A,抗感染药,
4,自定义值域代码,LY.00.61,药理分类,XS01AA,抗生素类,
4,自定义值域代码,LY.00.61,药理分类,XS01AB,磺胺类药,
4,自定义值域代码,LY.00.61,药理分类,XS01AD,抗病毒药,
4,自定义值域代码,LY.00.61,药理分类,XS01AX,其他抗感染药,
4,自定义值域代码,LY.00.61,药理分类,XS01B,抗炎药,
4,自定义值域代码,LY.00.61,药理分类,XS01BA,皮质激素类的单方药,
4,自定义值域代码,LY.00.61,药理分类,XS01BB,皮质激素与散瞳药的复方制剂,
4,自定义值域代码,LY.00.61,药理分类,XS01BC,非甾体抗炎药,
4,自定义值域代码,LY.00.61,药理分类,XS01C,抗炎药与抗感染药的复方,
4,自定义值域代码,LY.00.61,药理分类,XS01CA,皮质激素类与抗感染药复方,
4,自定义值域代码,LY.00.61,药理分类,XS01CB,皮质激素类/抗感染药/散瞳药的复方制剂,
4,自定义值域代码,LY.00.61,药理分类,XS01E,抗青光眼制剂和缩瞳剂,
4,自定义值域代码,LY.00.61,药理分类,XS01EA,治疗青光眼用拟交感神经药,
4,自定义值域代码,LY.00.61,药理分类,XS01EB,拟副交感神经药,
4,自定义值域代码,LY.00.61,药理分类,XS01EC,碳酸酐酶抑制剂,
4,自定义值域代码,LY.00.61,药理分类,XS01ED,测试阻断剂1),
4,自定义值域代码,LY.00.61,药理分类,XS01EE,前列腺素类似物1),
4,自定义值域代码,LY.00.61,药理分类,XS01EX,其他治疗青光眼药物,
4,自定义值域代码,LY.00.61,药理分类,XS01F,散瞳药及睫状肌麻痹药,
4,自定义值域代码,LY.00.61,药理分类,XS01FA,抗胆碱药,
4,自定义值域代码,LY.00.61,药理分类,XS01G,减充血药及抗过敏药,
4,自定义值域代码,LY.00.61,药理分类,XS01GA,用作减充血药的拟交感神经药,
4,自定义值域代码,LY.00.61,药理分类,XS01GX,其他抗过敏药,
4,自定义值域代码,LY.00.61,药理分类,XS01H,局部麻醉药,
4,自定义值域代码,LY.00.61,药理分类,XS01HA,局部麻醉药,
4,自定义值域代码,LY.00.61,药理分类,XS01J,诊断用药,
4,自定义值域代码,LY.00.61,药理分类,XS01JA,着色剂,
4,自定义值域代码,LY.00.61,药理分类,XS01JX,其他眼科诊断用药,
4,自定义值域代码,LY.00.61,药理分类,XS01K,手术辅助用药,
4,自定义值域代码,LY.00.61,药理分类,XS01KA,粘弹性物质,
4,自定义值域代码,LY.00.61,药理分类,XS01L,眼血管病用药,
4,自定义值域代码,LY.00.61,药理分类,XS01LA,抗新生血管生成药,
4,自定义值域代码,LY.00.61,药理分类,XS01X,其他眼科用药,
4,自定义值域代码,LY.00.61,药理分类,XS01XA,其他眼科用药,
4,自定义值域代码,LY.00.61,药理分类,XS02,耳科用药,
4,自定义值域代码,LY.00.61,药理分类,XS02A,抗感染药,
4,自定义值域代码,LY.00.61,药理分类,XS02AA,抗感染药,
4,自定义值域代码,LY.00.61,药理分类,XS02C,皮质激素类与抗感染药复方,
4,自定义值域代码,LY.00.61,药理分类,XS02CA,皮质激素类与抗感染药复方,
4,自定义值域代码,LY.00.61,药理分类,XS03,眼科和耳科制剂,
4,自定义值域代码,LY.00.61,药理分类,XS03A,抗感染药,
4,自定义值域代码,LY.00.61,药理分类,XS03AA,抗感染药,
4,自定义值域代码,LY.00.61,药理分类,XS03C,皮质激素类与抗感染药复方,
4,自定义值域代码,LY.00.61,药理分类,XS03CA,皮质激素类与抗感染药复方,
4,自定义值域代码,LY.00.61,药理分类,XV,杂类,
4,自定义值域代码,LY.00.61,药理分类,XV01,变应原,
4,自定义值域代码,LY.00.61,药理分类,XV01A,变应原,
4,自定义值域代码,LY.00.61,药理分类,XV01AA,变应原提取物,
4,自定义值域代码,LY.00.61,药理分类,XV03,所有其他治疗药物,
4,自定义值域代码,LY.00.61,药理分类,XV03A,所有其他治疗药物,
4,自定义值域代码,LY.00.61,药理分类,XV03AB,解毒药,
4,自定义值域代码,LY.00.61,药理分类,XV03AC,铁螯合剂,
4,自定义值域代码,LY.00.61,药理分类,XV03AE,高血钾和高磷血症治疗药,
4,自定义值域代码,LY.00.61,药理分类,XV03AF,抗肿瘤治疗用解毒药,
4,自定义值域代码,LY.00.61,药理分类,XV03AM,栓塞药,
4,自定义值域代码,LY.00.61,药理分类,XV03AN,医用气体,
4,自定义值域代码,LY.00.61,药理分类,XV03AX,其他治疗用药,
4,自定义值域代码,LY.00.61,药理分类,XV04,诊断用药,
4,自定义值域代码,LY.00.61,药理分类,XV04C,其他诊断试剂,
4,自定义值域代码,LY.00.61,药理分类,XV04CE,肝功能检测试剂,
4,自定义值域代码,LY.00.61,药理分类,XV04CF,结核病诊断试剂,
4,自定义值域代码,LY.00.61,药理分类,XV04CG,胃分泌检测试剂,
4,自定义值域代码,LY.00.61,药理分类,XV04CH,肾功能检测试剂,
4,自定义值域代码,LY.00.61,药理分类,XV04CJ,甲状腺功能检测试剂,
4,自定义值域代码,LY.00.61,药理分类,XV04CK,胰功能试验试剂,
4,自定义值域代码,LY.00.61,药理分类,XV04CL,过敏性疾病检测试剂,
4,自定义值域代码,LY.00.61,药理分类,XV04CM,生育功能障碍检测试剂,
4,自定义值域代码,LY.00.61,药理分类,XV04CX,其他诊断试剂,
4,自定义值域代码,LY.00.61,药理分类,XV06,一般营养品,
4,自定义值域代码,LY.00.61,药理分类,XV06D,其他营养品,
4,自定义值域代码,LY.00.61,药理分类,XV06DB,脂肪/碳水化合物/蛋白质/矿物质/维生素复方,
4,自定义值域代码,LY.00.61,药理分类,XV06DC,碳水化合物,
4,自定义值域代码,LY.00.61,药理分类,XV06DD,氨基酸，包括与多肽类物质的复方制剂,
4,自定义值域代码,LY.00.61,药理分类,XV06DE,氨基酸、碳水化合物、矿物质、维生素的复方制剂,
4,自定义值域代码,LY.00.61,药理分类,XV06DX,其他营养支持药,
4,自定义值域代码,LY.00.61,药理分类,XV07,所有其他非治疗用制品,
4,自定义值域代码,LY.00.61,药理分类,XV07A,所有其他非治疗用制品,
4,自定义值域代码,LY.00.61,药理分类,XV07AB,包括灌洗液的溶剂和稀释剂,
4,自定义值域代码,LY.00.61,药理分类,XV07AV,技术操作用消毒剂,
4,自定义值域代码,LY.00.61,药理分类,XV07AX,洗涤剂等,
4,自定义值域代码,LY.00.61,药理分类,XV07AY,其他非治疗用辅助制品,
4,自定义值域代码,LY.00.61,药理分类,XV08,造影剂,
4,自定义值域代码,LY.00.61,药理分类,XV08A,碘化X射线造影剂,
4,自定义值域代码,LY.00.61,药理分类,XV08AA,水溶性、向肾性、高渗X射线造影剂,
4,自定义值域代码,LY.00.61,药理分类,XV08AB,水溶性、向肾性、低渗X射线造影剂,
4,自定义值域代码,LY.00.61,药理分类,XV08AC,水溶性、亲肝的X射线造影剂,
4,自定义值域代码,LY.00.61,药理分类,XV08AD,非水溶性X射线造影剂,
4,自定义值域代码,LY.00.61,药理分类,XV08B,非碘化X射线造影剂,
4,自定义值域代码,LY.00.61,药理分类,XV08BA,含硫酸钡的X射线造影剂,
4,自定义值域代码,LY.00.61,药理分类,XV08C,磁共振成像造影剂,
4,自定义值域代码,LY.00.61,药理分类,XV08CA,顺磁性造影剂,
4,自定义值域代码,LY.00.61,药理分类,XV08CB,超顺磁性造影剂,
4,自定义值域代码,LY.00.61,药理分类,XV08D,超声造影剂,
4,自定义值域代码,LY.00.61,药理分类,XV08DA,超声造影剂,
4,自定义值域代码,LY.00.61,药理分类,XV09,诊断用放射性药物,
4,自定义值域代码,LY.00.61,药理分类,XV09A,中枢神经系统,
4,自定义值域代码,LY.00.61,药理分类,XV09AA,锝(99mTc) 化合物,
4,自定义值域代码,LY.00.61,药理分类,XV09AX,其他中枢神经系统诊断用放射性药物,
4,自定义值域代码,LY.00.61,药理分类,XV09B,骨骼系统,
4,自定义值域代码,LY.00.61,药理分类,XV09BA,锝(99mTc) 化合物,
4,自定义值域代码,LY.00.61,药理分类,XV09C,肾脏系统,
4,自定义值域代码,LY.00.61,药理分类,XV09CA,锝(99mTc) 化合物,
4,自定义值域代码,LY.00.61,药理分类,XV09CX,其他肾系统诊断用放射性药物,
4,自定义值域代码,LY.00.61,药理分类,XV09D,肝和网状内皮系统,
4,自定义值域代码,LY.00.61,药理分类,XV09DA,锝(99mTc) 化合物,
4,自定义值域代码,LY.00.61,药理分类,XV09DB,"锝(99mTc) 化合物,颗粒和胶体",
4,自定义值域代码,LY.00.61,药理分类,XV09E,呼吸系统,
4,自定义值域代码,LY.00.61,药理分类,XV09EA,"锝(99mTc) 化合物,鼻吸剂",
4,自定义值域代码,LY.00.61,药理分类,XV09F,甲状腺,
4,自定义值域代码,LY.00.61,药理分类,XV09FX,其他甲状腺诊断用放射性药物,
4,自定义值域代码,LY.00.61,药理分类,XV09G,心血管系统,
4,自定义值域代码,LY.00.61,药理分类,XV09GA,锝(99mTc) 化合物,
4,自定义值域代码,LY.00.61,药理分类,XV09GX,其他心血管系统诊断放射性药物,
4,自定义值域代码,LY.00.61,药理分类,XV09H,炎症和感染检查,
4,自定义值域代码,LY.00.61,药理分类,XV09HX,用于炎症和感染检查的其他诊断用放射性药物,
4,自定义值域代码,LY.00.61,药理分类,XV09I,肿瘤检查,
4,自定义值域代码,LY.00.61,药理分类,XV09IA,锝(99mTc) 化合物,
4,自定义值域代码,LY.00.61,药理分类,XV09IX,其他的肿瘤检测诊断放射性药物,
4,自定义值域代码,LY.00.61,药理分类,XV09X,其他诊断用放射性试剂,
4,自定义值域代码,LY.00.61,药理分类,XV09XX,其他诊断用放射性药物,
4,自定义值域代码,LY.00.61,药理分类,XV10,治疗用放射性药物,
4,自定义值域代码,LY.00.61,药理分类,XV10A,抗炎药,
4,自定义值域代码,LY.00.61,药理分类,XV10AX,其他抗炎治疗用放射性药物,
4,自定义值域代码,LY.00.61,药理分类,XV10B,减轻疼痛药（骨探察剂）,
4,自定义值域代码,LY.00.61,药理分类,XV10BX,各种减轻疼痛放射性药物,
4,自定义值域代码,LY.00.61,药理分类,XV10X,其他治疗用放射性药物,
4,自定义值域代码,LY.00.61,药理分类,XV10XA,碘［131I］化合物,
4,自定义值域代码,LY.00.61,药理分类,XV10XX,各种治疗用放射性药物,
4,自定义值域代码,LY.00.61,药理分类,XZ,其他,
4,自定义值域代码,LY.00.61,药理分类,XZ01,其他,
4,自定义值域代码,LY.00.61,药理分类,XZ01A,其他,
4,自定义值域代码,LY.00.61,药理分类,XZ01AA,其他,
4,自定义值域代码,LY.00.61,药理分类,ZA,内科用药,
4,自定义值域代码,LY.00.61,药理分类,ZA01,解表剂,
4,自定义值域代码,LY.00.61,药理分类,ZA01A,辛温解表剂,
4,自定义值域代码,LY.00.61,药理分类,ZA01AA,辛温解表剂,
4,自定义值域代码,LY.00.61,药理分类,ZA01B,辛凉解表剂,
4,自定义值域代码,LY.00.61,药理分类,ZA01BA,辛凉解表剂,
4,自定义值域代码,LY.00.61,药理分类,ZA01C,表里双解剂,
4,自定义值域代码,LY.00.61,药理分类,ZA01CA,表里双解剂,
4,自定义值域代码,LY.00.61,药理分类,ZA01D,扶正解表剂,
4,自定义值域代码,LY.00.61,药理分类,ZA01DA,扶正解表剂,
4,自定义值域代码,LY.00.61,药理分类,ZA02,祛暑剂,
4,自定义值域代码,LY.00.61,药理分类,ZA02A,解表祛暑剂,
4,自定义值域代码,LY.00.61,药理分类,ZA02AA,解表祛暑剂,
4,自定义值域代码,LY.00.61,药理分类,ZA02B,清热祛暑剂,
4,自定义值域代码,LY.00.61,药理分类,ZA02BA,清热祛暑剂,
4,自定义值域代码,LY.00.61,药理分类,ZA02C,健胃祛暑剂,
4,自定义值域代码,LY.00.61,药理分类,ZA02CA,健胃祛暑剂,
4,自定义值域代码,LY.00.61,药理分类,ZA03,泻下剂,
4,自定义值域代码,LY.00.61,药理分类,ZA03A,泻下剂,
4,自定义值域代码,LY.00.61,药理分类,ZA03AA,泻下剂,
4,自定义值域代码,LY.00.61,药理分类,ZA04,清热剂,
4,自定义值域代码,LY.00.61,药理分类,ZA04A,清热泻火剂,
4,自定义值域代码,LY.00.61,药理分类,ZA04AA,清热泻火剂,
4,自定义值域代码,LY.00.61,药理分类,ZA04B,清热解毒剂,
4,自定义值域代码,LY.00.61,药理分类,ZA04BA,清热解毒剂,
4,自定义值域代码,LY.00.61,药理分类,ZA04C,清脏腑热剂,
4,自定义值域代码,LY.00.61,药理分类,ZA04CA,清热理肺剂,
4,自定义值域代码,LY.00.61,药理分类,ZA04CB,清肝解毒剂,
4,自定义值域代码,LY.00.61,药理分类,ZA04CC,清肝胆湿热剂,
4,自定义值域代码,LY.00.61,药理分类,ZA04CD,清利肠胃湿热剂,
4,自定义值域代码,LY.00.61,药理分类,ZA04D,清热镇惊剂,
4,自定义值域代码,LY.00.61,药理分类,ZA04DA,清热镇惊剂,
4,自定义值域代码,LY.00.61,药理分类,ZA05,温里剂,
4,自定义值域代码,LY.00.61,药理分类,ZA05A,温中散寒剂,
4,自定义值域代码,LY.00.61,药理分类,ZA05AA,温中散寒剂,
4,自定义值域代码,LY.00.61,药理分类,ZA05AB,温中除湿剂,
4,自定义值域代码,LY.00.61,药理分类,ZA05B,回阳救逆剂,
4,自定义值域代码,LY.00.61,药理分类,ZA05BA,回阳救逆剂,
4,自定义值域代码,LY.00.61,药理分类,ZA06,化痰、止咳、平喘剂,
4,自定义值域代码,LY.00.61,药理分类,ZA06A,温化寒痰剂,
4,自定义值域代码,LY.00.61,药理分类,ZA06AA,温化寒痰剂,
4,自定义值域代码,LY.00.61,药理分类,ZA06B,理肺止咳剂,
4,自定义值域代码,LY.00.61,药理分类,ZA06BA,理肺止咳剂,
4,自定义值域代码,LY.00.61,药理分类,ZA06C,清热化痰剂,
4,自定义值域代码,LY.00.61,药理分类,ZA06CA,清热化痰剂,
4,自定义值域代码,LY.00.61,药理分类,ZA06D,润肺化痰剂,
4,自定义值域代码,LY.00.61,药理分类,ZA06DA,润肺化痰剂,
4,自定义值域代码,LY.00.61,药理分类,ZA06E,平喘剂,
4,自定义值域代码,LY.00.61,药理分类,ZA06EA,平喘剂,
4,自定义值域代码,LY.00.61,药理分类,ZA06F,涤痰逐饮剂,
4,自定义值域代码,LY.00.61,药理分类,ZA06FA,涤痰逐饮剂,
4,自定义值域代码,LY.00.61,药理分类,ZA07,开窍剂,
4,自定义值域代码,LY.00.61,药理分类,ZA07A,清热开窍剂,
4,自定义值域代码,LY.00.61,药理分类,ZA07AA,清热开窍剂,
4,自定义值域代码,LY.00.61,药理分类,ZA07B,芳香、化痰开窍剂,
4,自定义值域代码,LY.00.61,药理分类,ZA07BA,芳香、化痰开窍剂,
4,自定义值域代码,LY.00.61,药理分类,ZA08,固涩剂,
4,自定义值域代码,LY.00.61,药理分类,ZA08A,固精止遗剂,
4,自定义值域代码,LY.00.61,药理分类,ZA08AA,固精止遗剂,
4,自定义值域代码,LY.00.61,药理分类,ZA08B,固涩止泻剂,
4,自定义值域代码,LY.00.61,药理分类,ZA08BA,固涩止泻剂,
4,自定义值域代码,LY.00.61,药理分类,ZA08C,补肾缩尿剂,
4,自定义值域代码,LY.00.61,药理分类,ZA08CA,补肾缩尿剂,
4,自定义值域代码,LY.00.61,药理分类,ZA09,扶正剂,
4,自定义值域代码,LY.00.61,药理分类,ZA09A,补气剂,
4,自定义值域代码,LY.00.61,药理分类,ZA09AA,健脾益气剂,
4,自定义值域代码,LY.00.61,药理分类,ZA09AB,健脾和胃剂,
4,自定义值域代码,LY.00.61,药理分类,ZA09B,养血剂,
4,自定义值域代码,LY.00.61,药理分类,ZA09BA,养血剂,
4,自定义值域代码,LY.00.61,药理分类,ZA09C,滋阴剂,
4,自定义值域代码,LY.00.61,药理分类,ZA09CA,滋补肾阴剂,
4,自定义值域代码,LY.00.61,药理分类,ZA09CB,滋补心肺剂,
4,自定义值域代码,LY.00.61,药理分类,ZA09CC,滋补肝肾剂,
4,自定义值域代码,LY.00.61,药理分类,ZA09CD,养阴清热、和胃剂,
4,自定义值域代码,LY.00.61,药理分类,ZA09D,温阳剂,
4,自定义值域代码,LY.00.61,药理分类,ZA09DA,温阳剂,
4,自定义值域代码,LY.00.61,药理分类,ZA09E,阴阳双补剂,
4,自定义值域代码,LY.00.61,药理分类,ZA09EA,阴阳双补剂,
4,自定义值域代码,LY.00.61,药理分类,ZA09F,气血双补剂,
4,自定义值域代码,LY.00.61,药理分类,ZA09FA,气血双补剂,
4,自定义值域代码,LY.00.61,药理分类,ZA09G,益气养阴剂,
4,自定义值域代码,LY.00.61,药理分类,ZA09GA,益气养阴剂,
4,自定义值域代码,LY.00.61,药理分类,ZA09H,益气复脉剂,
4,自定义值域代码,LY.00.61,药理分类,ZA09HA,益气复脉剂,
4,自定义值域代码,LY.00.61,药理分类,ZA09I,益气温阳,
4,自定义值域代码,LY.00.61,药理分类,ZA09IA,益气温阳,
4,自定义值域代码,LY.00.61,药理分类,ZA10,安神剂,
4,自定义值域代码,LY.00.61,药理分类,ZA10A,养心安神剂,
4,自定义值域代码,LY.00.61,药理分类,ZA10AA,养心安神剂,
4,自定义值域代码,LY.00.61,药理分类,ZA10B,益气养血安神剂,
4,自定义值域代码,LY.00.61,药理分类,ZA10BA,益气养血安神剂,
4,自定义值域代码,LY.00.61,药理分类,ZA10C,清肝安神剂,
4,自定义值域代码,LY.00.61,药理分类,ZA10CA,清肝安神剂,
4,自定义值域代码,LY.00.61,药理分类,ZA10D,补肾安神剂,
4,自定义值域代码,LY.00.61,药理分类,ZA10DA,补肾安神剂,
4,自定义值域代码,LY.00.61,药理分类,ZA10E,重镇安神剂,
4,自定义值域代码,LY.00.61,药理分类,ZA10EA,重镇安神剂,
4,自定义值域代码,LY.00.61,药理分类,ZA10F,清心安神剂,
4,自定义值域代码,LY.00.61,药理分类,ZA10FA,清心安神剂,
4,自定义值域代码,LY.00.61,药理分类,ZA11,止血剂,
4,自定义值域代码,LY.00.61,药理分类,ZA11A,止血剂,
4,自定义值域代码,LY.00.61,药理分类,ZA11AA,止血剂,
4,自定义值域代码,LY.00.61,药理分类,ZA12,祛瘀剂,
4,自定义值域代码,LY.00.61,药理分类,ZA12A,益气活血剂,
4,自定义值域代码,LY.00.61,药理分类,ZA12AA,益气活血剂,
4,自定义值域代码,LY.00.61,药理分类,ZA12B,行气活血剂,
4,自定义值域代码,LY.00.61,药理分类,ZA12BA,行气活血剂,
4,自定义值域代码,LY.00.61,药理分类,ZA12C,养血活血剂,
4,自定义值域代码,LY.00.61,药理分类,ZA12CA,养血活血剂,
4,自定义值域代码,LY.00.61,药理分类,ZA12D,温阳活血剂,
4,自定义值域代码,LY.00.61,药理分类,ZA12DA,温阳活血剂,
4,自定义值域代码,LY.00.61,药理分类,ZA12E,滋阴活血剂,
4,自定义值域代码,LY.00.61,药理分类,ZA12EA,滋阴活血剂,
4,自定义值域代码,LY.00.61,药理分类,ZA12F,补肾活血剂,
4,自定义值域代码,LY.00.61,药理分类,ZA12FA,补肾活血剂,
4,自定义值域代码,LY.00.61,药理分类,ZA12G,化瘀宽胸剂,
4,自定义值域代码,LY.00.61,药理分类,ZA12GA,化瘀宽胸剂,
4,自定义值域代码,LY.00.61,药理分类,ZA12H,化瘀通脉剂,
4,自定义值域代码,LY.00.61,药理分类,ZA12HA,化瘀通脉剂,
4,自定义值域代码,LY.00.61,药理分类,ZA12I,活血消癥剂,
4,自定义值域代码,LY.00.61,药理分类,ZA12IA,活血消癥剂,
4,自定义值域代码,LY.00.61,药理分类,ZA12J,祛瘀化痰剂,
4,自定义值域代码,LY.00.61,药理分类,ZA12JA,祛瘀化痰剂,
4,自定义值域代码,LY.00.61,药理分类,ZA13,理气剂,
4,自定义值域代码,LY.00.61,药理分类,ZA13A,疏肝解郁剂,
4,自定义值域代码,LY.00.61,药理分类,ZA13AA,疏肝解郁剂,
4,自定义值域代码,LY.00.61,药理分类,ZA13B,疏肝和胃剂,
4,自定义值域代码,LY.00.61,药理分类,ZA13BA,疏肝和胃剂,
4,自定义值域代码,LY.00.61,药理分类,ZA13C,和胃止痛剂,
4,自定义值域代码,LY.00.61,药理分类,ZA13CA,和胃止痛剂,
4,自定义值域代码,LY.00.61,药理分类,ZA13D,行气理血,
4,自定义值域代码,LY.00.61,药理分类,ZA13DA,行气理血,
4,自定义值域代码,LY.00.61,药理分类,ZA14,消导剂,
4,自定义值域代码,LY.00.61,药理分类,ZA14A,消导剂,
4,自定义值域代码,LY.00.61,药理分类,ZA14AA,消导剂,
4,自定义值域代码,LY.00.61,药理分类,ZA15,治风剂,
4,自定义值域代码,LY.00.61,药理分类,ZA15A,疏散外风剂,
4,自定义值域代码,LY.00.61,药理分类,ZA15AA,疏散外风剂,
4,自定义值域代码,LY.00.61,药理分类,ZA15B,平肝熄风剂,
4,自定义值域代码,LY.00.61,药理分类,ZA15BA,平肝熄风剂,
4,自定义值域代码,LY.00.61,药理分类,ZA15C,平肝潜阳剂,
4,自定义值域代码,LY.00.61,药理分类,ZA15CA,平肝潜阳剂,
4,自定义值域代码,LY.00.61,药理分类,ZA15D,化痰熄风剂,
4,自定义值域代码,LY.00.61,药理分类,ZA15DA,化痰熄风剂,
4,自定义值域代码,LY.00.61,药理分类,ZA15E,化瘀祛风剂,
4,自定义值域代码,LY.00.61,药理分类,ZA15EA,化瘀祛风剂,
4,自定义值域代码,LY.00.61,药理分类,ZA15F,养血祛风剂,
4,自定义值域代码,LY.00.61,药理分类,ZA15FA,养血祛风剂,
4,自定义值域代码,LY.00.61,药理分类,ZA15G,祛风通络剂,
4,自定义值域代码,LY.00.61,药理分类,ZA15GA,祛风通络剂,
4,自定义值域代码,LY.00.61,药理分类,ZA16,祛湿剂,
4,自定义值域代码,LY.00.61,药理分类,ZA16A,散寒除湿剂,
4,自定义值域代码,LY.00.61,药理分类,ZA16AA,散寒除湿剂,
4,自定义值域代码,LY.00.61,药理分类,ZA16B,清热除湿剂,
4,自定义值域代码,LY.00.61,药理分类,ZA16BA,清热除湿剂,
4,自定义值域代码,LY.00.61,药理分类,ZA16C,祛风除湿剂,
4,自定义值域代码,LY.00.61,药理分类,ZA16CA,祛风除湿剂,
4,自定义值域代码,LY.00.61,药理分类,ZA16D,化瘀祛湿剂,
4,自定义值域代码,LY.00.61,药理分类,ZA16DA,化瘀祛湿剂,
4,自定义值域代码,LY.00.61,药理分类,ZA16E,消肿利水剂,
4,自定义值域代码,LY.00.61,药理分类,ZA16EA,消肿利水剂,
4,自定义值域代码,LY.00.61,药理分类,ZA16F,清热通淋剂,
4,自定义值域代码,LY.00.61,药理分类,ZA16FA,清热通淋剂,
4,自定义值域代码,LY.00.61,药理分类,ZA16G,化瘀通淋剂,
4,自定义值域代码,LY.00.61,药理分类,ZA16GA,化瘀通淋剂,
4,自定义值域代码,LY.00.61,药理分类,ZA16H,扶正祛湿剂,
4,自定义值域代码,LY.00.61,药理分类,ZA16HA,扶正祛湿剂,
4,自定义值域代码,LY.00.61,药理分类,ZA17,化浊降脂剂,
4,自定义值域代码,LY.00.61,药理分类,ZA17A,化浊降脂剂,
4,自定义值域代码,LY.00.61,药理分类,ZA17AA,化浊降脂剂,
4,自定义值域代码,LY.00.61,药理分类,ZA18,杀虫剂,
4,自定义值域代码,LY.00.61,药理分类,ZA18A,杀虫剂,
4,自定义值域代码,LY.00.61,药理分类,ZA18AA,杀虫剂,
4,自定义值域代码,LY.00.61,药理分类,ZA80C,滋阴剂,
4,自定义值域代码,LY.00.61,药理分类,ZA98C,滋阴剂,
4,自定义值域代码,LY.00.61,药理分类,ZB,外科用药,
4,自定义值域代码,LY.00.61,药理分类,ZB01,清热剂,
4,自定义值域代码,LY.00.61,药理分类,ZB01A,清利肝胆剂,
4,自定义值域代码,LY.00.61,药理分类,ZB01AA,清利肝胆剂,
4,自定义值域代码,LY.00.61,药理分类,ZB01B,清热解毒剂,
4,自定义值域代码,LY.00.61,药理分类,ZB01BA,清热解毒剂,
4,自定义值域代码,LY.00.61,药理分类,ZB01C,清热利湿剂,
4,自定义值域代码,LY.00.61,药理分类,ZB01CA,清热利湿剂,
4,自定义值域代码,LY.00.61,药理分类,ZB01D,通淋消石剂,
4,自定义值域代码,LY.00.61,药理分类,ZB01DA,通淋消石剂,
4,自定义值域代码,LY.00.61,药理分类,ZB02,温经理气活血散结剂,
4,自定义值域代码,LY.00.61,药理分类,ZB02A,温经理气活血散结剂,
4,自定义值域代码,LY.00.61,药理分类,ZB02AA,温经理气活血散结剂,
4,自定义值域代码,LY.00.61,药理分类,ZC,肿瘤用药,
4,自定义值域代码,LY.00.61,药理分类,ZC01,抗肿瘤药,
4,自定义值域代码,LY.00.61,药理分类,ZC01A,抗肿瘤药,
4,自定义值域代码,LY.00.61,药理分类,ZC01AA,抗肿瘤药,
4,自定义值域代码,LY.00.61,药理分类,ZC02,肿瘤辅助用药,
4,自定义值域代码,LY.00.61,药理分类,ZC02A,肿瘤辅助用药,
4,自定义值域代码,LY.00.61,药理分类,ZC02AA,肿瘤辅助用药,
4,自定义值域代码,LY.00.61,药理分类,ZD,妇科用药,
4,自定义值域代码,LY.00.61,药理分类,ZD01,理血剂,
4,自定义值域代码,LY.00.61,药理分类,ZD01A,理气养血剂,
4,自定义值域代码,LY.00.61,药理分类,ZD01AA,理气养血剂,
4,自定义值域代码,LY.00.61,药理分类,ZD01B,活血化瘀剂,
4,自定义值域代码,LY.00.61,药理分类,ZD01BA,活血化瘀剂,
4,自定义值域代码,LY.00.61,药理分类,ZD01C,止血剂,
4,自定义值域代码,LY.00.61,药理分类,ZD01CA,止血剂,
4,自定义值域代码,LY.00.61,药理分类,ZD02,清热剂,
4,自定义值域代码,LY.00.61,药理分类,ZD02A,内服药,
4,自定义值域代码,LY.00.61,药理分类,ZD02AA,内服药,
4,自定义值域代码,LY.00.61,药理分类,ZD02B,外用药,
4,自定义值域代码,LY.00.61,药理分类,ZD02BA,外用药,
4,自定义值域代码,LY.00.61,药理分类,ZD03,扶正剂,
4,自定义值域代码,LY.00.61,药理分类,ZD03A,扶正剂,
4,自定义值域代码,LY.00.61,药理分类,ZD03AA,扶正剂,
4,自定义值域代码,LY.00.61,药理分类,ZD04,消肿散结剂,
4,自定义值域代码,LY.00.61,药理分类,ZD04A,消肿散结剂,
4,自定义值域代码,LY.00.61,药理分类,ZD04AA,消肿散结剂,
4,自定义值域代码,LY.00.61,药理分类,ZE,眼科用药,
4,自定义值域代码,LY.00.61,药理分类,ZE01,清热剂,
4,自定义值域代码,LY.00.61,药理分类,ZE01A,清热剂,
4,自定义值域代码,LY.00.61,药理分类,ZE01AA,清热剂,
4,自定义值域代码,LY.00.61,药理分类,ZE02,扶正剂,
4,自定义值域代码,LY.00.61,药理分类,ZE02A,扶正剂,
4,自定义值域代码,LY.00.61,药理分类,ZE02AA,扶正剂,
4,自定义值域代码,LY.00.61,药理分类,ZE03,祛瘀剂,
4,自定义值域代码,LY.00.61,药理分类,ZE03A,祛瘀剂,
4,自定义值域代码,LY.00.61,药理分类,ZE03AA,祛瘀剂,
4,自定义值域代码,LY.00.61,药理分类,ZF,耳鼻喉科用药,
4,自定义值域代码,LY.00.61,药理分类,ZF01,耳病,
4,自定义值域代码,LY.00.61,药理分类,ZF01A,耳病,
4,自定义值域代码,LY.00.61,药理分类,ZF01AA,耳病,
4,自定义值域代码,LY.00.61,药理分类,ZF02,鼻病,
4,自定义值域代码,LY.00.61,药理分类,ZF02A,鼻病,
4,自定义值域代码,LY.00.61,药理分类,ZF02AA,鼻病,
4,自定义值域代码,LY.00.61,药理分类,ZF03,咽喉病,
4,自定义值域代码,LY.00.61,药理分类,ZF03A,咽喉病,
4,自定义值域代码,LY.00.61,药理分类,ZF03AA,咽喉病,
4,自定义值域代码,LY.00.61,药理分类,ZF04,牙病,
4,自定义值域代码,LY.00.61,药理分类,ZF04A,牙病,
4,自定义值域代码,LY.00.61,药理分类,ZF04AA,牙病,
4,自定义值域代码,LY.00.61,药理分类,ZF05,口腔病,
4,自定义值域代码,LY.00.61,药理分类,ZF05A,口腔病,
4,自定义值域代码,LY.00.61,药理分类,ZF05AA,口腔病,
4,自定义值域代码,LY.00.61,药理分类,ZG,骨伤科用药,
4,自定义值域代码,LY.00.61,药理分类,ZG01,活血化瘀剂,
4,自定义值域代码,LY.00.61,药理分类,ZG01A,内服药,
4,自定义值域代码,LY.00.61,药理分类,ZG01AA,内服药,
4,自定义值域代码,LY.00.61,药理分类,ZG01B,外用药,
4,自定义值域代码,LY.00.61,药理分类,ZG01BA,外用药,
4,自定义值域代码,LY.00.61,药理分类,ZG02,活血通络剂,
4,自定义值域代码,LY.00.61,药理分类,ZG02A,内服药,
4,自定义值域代码,LY.00.61,药理分类,ZG02AA,内服药,
4,自定义值域代码,LY.00.61,药理分类,ZG02B,外用药,
4,自定义值域代码,LY.00.61,药理分类,ZG02BA,外用药,
4,自定义值域代码,LY.00.61,药理分类,ZG03,补肾壮骨剂,
4,自定义值域代码,LY.00.61,药理分类,ZG03A,补肾壮骨剂,
4,自定义值域代码,LY.00.61,药理分类,ZG03AA,补肾壮骨剂,
4,自定义值域代码,LY.00.61,药理分类,ZH,皮肤科用药,
4,自定义值域代码,LY.00.61,药理分类,ZH01,皮肤科用药,
4,自定义值域代码,LY.00.61,药理分类,ZH01A,皮肤科用药,
4,自定义值域代码,LY.00.61,药理分类,ZH01AA,皮肤科用药,
4,自定义值域代码,LY.00.61,药理分类,ZI,民族药,
4,自定义值域代码,LY.00.61,药理分类,ZI01,民族药,
4,自定义值域代码,LY.00.61,药理分类,ZI01A,民族药,
4,自定义值域代码,LY.00.61,药理分类,ZI01AA,民族药,
4,自定义值域代码,LY.00.61,药理分类,ZV,其他,
4,自定义值域代码,LY.00.61,药理分类,ZV01,其他,
4,自定义值域代码,LY.00.61,药理分类,ZV01A,其他,
4,自定义值域代码,LY.00.61,药理分类,ZV01AA,其他,
4,自定义值域代码,LY.00.62,基金支付类型,99999759,城镇职工长期护理保险基金,
4,自定义值域代码,LY.00.62,基金支付类型,99999781,卫健基金,
4,自定义值域代码,LY.00.62,基金支付类型,99999782,重大疾病基金,
4,自定义值域代码,LY.00.62,基金支付类型,99999783,医疗援助基金,
4,自定义值域代码,LY.00.62,基金支付类型,99999790,其他账户支付,
4,自定义值域代码,LY.00.62,基金支付类型,910101,农民工大病医疗保险基金,
4,自定义值域代码,LY.00.62,基金支付类型,910102,农民工大病医疗互助基金,
4,自定义值域代码,LY.00.62,基金支付类型,310900,免缴补充基金,
4,自定义值域代码,LY.00.62,基金支付类型,99999784,建国前老工人补助基金,
4,自定义值域代码,LY.00.62,基金支付类型,99999787,财政补充基金,
4,自定义值域代码,LY.00.62,基金支付类型,99999788,精防医疗补助,
4,自定义值域代码,LY.00.62,基金支付类型,99999785,家庭医生签约公共卫生服务专项基金,
4,自定义值域代码,LY.00.62,基金支付类型,320300,企业事业单位补充医疗保险基金,
4,自定义值域代码,LY.00.62,基金支付类型,999201,一般诊疗费统筹基金,
4,自定义值域代码,LY.00.62,基金支付类型,999202,核酸检测统筹基金,
4,自定义值域代码,LY.00.62,基金支付类型,99999772,返外地退休人员支出基金,
4,自定义值域代码,LY.00.62,基金支付类型,310203,个人本年账户基金,
4,自定义值域代码,LY.00.62,基金支付类型,310302,先行支付大额基金,
4,自定义值域代码,LY.00.62,基金支付类型,350102,荣军账户,
4,自定义值域代码,LY.00.62,基金支付类型,370201,高科技人才补充基金-公益补充,
4,自定义值域代码,LY.00.62,基金支付类型,390301,儿童统筹基金,
4,自定义值域代码,LY.00.62,基金支付类型,610107,医疗救助再救助基金,
4,自定义值域代码,LY.00.62,基金支付类型,640101,涟康保政策范围外基金,
4,自定义值域代码,LY.00.62,基金支付类型,999103,地厅人员财政补助基金,
4,自定义值域代码,LY.00.62,基金支付类型,999700,职工大病基金,
4,自定义值域代码,LY.00.62,基金支付类型,999701,特殊职工大病基金,
4,自定义值域代码,LY.00.62,基金支付类型,999718,先行支付统筹基金,
4,自定义值域代码,LY.00.62,基金支付类型,999900,特殊基金,
4,自定义值域代码,LY.00.62,基金支付类型,99999602,医院承担基金,
4,自定义值域代码,LY.00.62,基金支付类型,99999703,财政补助基金,
4,自定义值域代码,LY.00.62,基金支付类型,99999741,领导干部额外补充基金,
4,自定义值域代码,LY.00.62,基金支付类型,99999756,离休账户,
4,自定义值域代码,LY.00.62,基金支付类型,310600,基本医疗二次报销基金,
4,自定义值域代码,LY.00.62,基金支付类型,320400,公务员二次报销基金,
4,自定义值域代码,LY.00.62,基金支付类型,340103,中央离休基金,
4,自定义值域代码,LY.00.62,基金支付类型,99999704,优抚补助,
4,自定义值域代码,LY.00.62,基金支付类型,399100,医疗照顾人员补充基金,
4,自定义值域代码,LY.00.62,基金支付类型,620102,补充医疗保险基金,
4,自定义值域代码,LY.00.62,基金支付类型,999705,优抚基金,
4,自定义值域代码,LY.00.62,基金支付类型,999720,工会大额互助基金,
4,自定义值域代码,LY.00.62,基金支付类型,310301,职工大病补助基金（预付金）,
4,自定义值域代码,LY.00.62,基金支付类型,390201,城乡居民大病医疗保险基金（预付金）,
4,自定义值域代码,LY.00.62,基金支付类型,310601,社区门诊统筹基金,
4,自定义值域代码,LY.00.62,基金支付类型,310700,家属统筹医疗基金,
4,自定义值域代码,LY.00.62,基金支付类型,310802,家属统筹地方补充医疗保险基金,
4,自定义值域代码,LY.00.62,基金支付类型,310300,职工大病补助基金,
4,自定义值域代码,LY.00.62,基金支付类型,620100,特惠保补偿金,
4,自定义值域代码,LY.00.62,基金支付类型,390101,城乡居民基本医疗保险基金（预付金）,
4,自定义值域代码,LY.00.62,基金支付类型,310102,职工门诊统筹基金,
4,自定义值域代码,LY.00.62,基金支付类型,640100,政府兜底基金,
4,自定义值域代码,LY.00.62,基金支付类型,390300,城乡居民大病补充保险基金,
4,自定义值域代码,LY.00.62,基金支付类型,310500,代缴基金（破产改制）,
4,自定义值域代码,LY.00.62,基金支付类型,999109,农村低收入人口医疗补充保险,
4,自定义值域代码,LY.00.62,基金支付类型,99999737,职工大病补助基金,
4,自定义值域代码,LY.00.62,基金支付类型,390500,居民家庭账户金,
4,自定义值域代码,LY.00.62,基金支付类型,99999707,新冠肺炎核酸检测财政补助,
4,自定义值域代码,LY.00.62,基金支付类型,330200,职工意外伤害基金,
4,自定义值域代码,LY.00.62,基金支付类型,999996,医院垫付基金,
4,自定义值域代码,LY.00.62,基金支付类型,610200,优抚对象医疗补助基金,
4,自定义值域代码,LY.00.62,基金支付类型,370200,公益补充保险基金,
4,自定义值域代码,LY.00.62,基金支付类型,310101,城镇职工基本医疗保险统筹基金（预付金）,
4,自定义值域代码,LY.00.62,基金支付类型,630100,医院减免金,
4,自定义值域代码,LY.00.62,基金支付类型,390102,居民门诊统筹基金,
4,自定义值域代码,LY.00.62,基金支付类型,310400,军转干部医疗补助基金,
4,自定义值域代码,LY.00.62,基金支付类型,390400,居民意外伤害基金,
4,自定义值域代码,LY.00.62,基金支付类型,320200,厅级干部补助基金,
4,自定义值域代码,LY.00.62,基金支付类型,410100,工伤保险基金,
4,自定义值域代码,LY.00.62,基金支付类型,340200,离休老工人门慢保障基金,
4,自定义值域代码,LY.00.62,基金支付类型,310100,城镇职工基本医疗保险统筹基金,
4,自定义值域代码,LY.00.62,基金支付类型,310200,城镇职工基本医疗保险个人账户基金,
4,自定义值域代码,LY.00.62,基金支付类型,320100,公务员医疗补助基金,
4,自定义值域代码,LY.00.62,基金支付类型,330100,大额医疗费用补助基金,
4,自定义值域代码,LY.00.62,基金支付类型,340100,离休人员医疗保障基金,
4,自定义值域代码,LY.00.62,基金支付类型,350100,一至六级残疾军人医疗补助基金,
4,自定义值域代码,LY.00.62,基金支付类型,370100,企业补充医疗保险基金,
4,自定义值域代码,LY.00.62,基金支付类型,390100,城乡居民基本医疗保险基金,
4,自定义值域代码,LY.00.62,基金支付类型,390200,城乡居民大病医疗保险基金,
4,自定义值域代码,LY.00.62,基金支付类型,510100,生育基金,
4,自定义值域代码,LY.00.62,基金支付类型,610100,医疗救助基金,
4,自定义值域代码,LY.00.62,基金支付类型,999997,其他基金,
4,自定义值域代码,LY.00.62,基金支付类型,650100,医惠保基金,
4,自定义值域代码,LY.00.63,险种类型,3701,企业事业单位补充医疗保险,
4,自定义值域代码,LY.00.63,险种类型,39915,医疗照顾人员补充保险,
4,自定义值域代码,LY.00.63,险种类型,31001,城镇职工门诊基本医疗保险,
4,自定义值域代码,LY.00.63,险种类型,39001,城乡居民门诊基本医疗保险,
4,自定义值域代码,LY.00.63,险种类型,399,意外伤害医疗保险,
4,自定义值域代码,LY.00.63,险种类型,370,企业补充保险,
4,自定义值域代码,LY.00.63,险种类型,410,长期护理保险,
4,自定义值域代码,LY.00.63,险种类型,310,职工基本医疗保险,
4,自定义值域代码,LY.00.63,险种类型,320,公务员医疗补助,
4,自定义值域代码,LY.00.63,险种类型,330,大额医疗费用补助,
4,自定义值域代码,LY.00.63,险种类型,340,离休人员医疗保障,
4,自定义值域代码,LY.00.63,险种类型,350,一至六级残疾军人医疗补助,
4,自定义值域代码,LY.00.63,险种类型,390,城乡居民基本医疗保险,
4,自定义值域代码,LY.00.63,险种类型,510,生育保险,
4,自定义值域代码,LY.00.63,险种类型,610,贫困救助,全民健康平台
4,自定义值域代码,LY.00.63,险种类型,710,商业医疗保险,全民健康平台
4,自定义值域代码,LY.00.63,险种类型,810,全公费,全民健康平台
4,自定义值域代码,LY.00.63,险种类型,820,全自费,全民健康平台
4,自定义值域代码,LY.00.63,险种类型,99,其他,全民健康平台
4,自定义值域代码,LY.00.63,险种类型,39002,城乡居民大病医疗保险,三医联动
4,自定义值域代码,LY.00.64,最小包装单位,01,盒,
4,自定义值域代码,LY.00.64,最小包装单位,02,瓶,
4,自定义值域代码,LY.00.64,最小包装单位,03,支,
4,自定义值域代码,LY.00.64,最小包装单位,04,板,
4,自定义值域代码,LY.00.64,最小包装单位,05,袋,
4,自定义值域代码,LY.00.64,最小包装单位,06,包,
4,自定义值域代码,LY.00.64,最小包装单位,07,桶,
4,自定义值域代码,LY.00.64,最小包装单位,08,碗,
4,自定义值域代码,LY.00.64,最小包装单位,09,壶,
4,自定义值域代码,LY.00.64,最小包装单位,10,枚,
4,自定义值域代码,LY.00.64,最小包装单位,11,听,
4,自定义值域代码,LY.00.64,最小包装单位,12,管,
4,自定义值域代码,LY.00.64,最小包装单位,13,盆,
4,自定义值域代码,LY.00.64,最小包装单位,14,套,
4,自定义值域代码,LY.00.64,最小包装单位,15,罐,
4,自定义值域代码,LY.00.64,最小包装单位,16,块,
4,自定义值域代码,LY.00.64,最小包装单位,17,条,
4,自定义值域代码,LY.00.64,最小包装单位,18,张,
4,自定义值域代码,LY.00.64,最小包装单位,19,箱,
4,自定义值域代码,LY.00.65,最小计量单位,29,片,
4,自定义值域代码,LY.00.65,最小计量单位,30,粒,
4,自定义值域代码,LY.00.65,最小计量单位,31,支,
4,自定义值域代码,LY.00.65,最小计量单位,32,瓶,
4,自定义值域代码,LY.00.65,最小计量单位,33,袋,
4,自定义值域代码,LY.00.65,最小计量单位,34,丸,
4,自定义值域代码,LY.00.65,最小计量单位,35,枚,
4,自定义值域代码,LY.00.65,最小计量单位,36,贴,
4,自定义值域代码,LY.00.65,最小计量单位,37,锭,
4,自定义值域代码,LY.00.65,最小计量单位,38,块,
4,自定义值域代码,LY.00.65,最小计量单位,39,包,
4,自定义值域代码,LY.00.65,最小计量单位,40,个,
4,自定义值域代码,LY.00.65,最小计量单位,41,揿,
4,自定义值域代码,LY.00.65,最小计量单位,42,滴,
4,自定义值域代码,LY.00.65,最小计量单位,43,汤匙,
4,自定义值域代码,LY.00.65,最小计量单位,48,盒,
4,自定义值域代码,LY.00.65,最小计量单位,49,听,
4,自定义值域代码,LY.00.65,最小计量单位,B6,套,
4,自定义值域代码,LY.00.66,服务项目类别,1001,综合医疗服务类,
4,自定义值域代码,LY.00.66,服务项目类别,1002,医技诊疗类,
4,自定义值域代码,LY.00.66,服务项目类别,1003,临床诊疗类,
4,自定义值域代码,LY.00.66,服务项目类别,1004,中医及民族医诊疗类,
4,自定义值域代码,LY.00.67,医院等级,14,一级无等,
4,自定义值域代码,LY.00.67,医院等级,13,二级无等,
4,自定义值域代码,LY.00.67,医院等级,12,三级无等,
4,自定义值域代码,LY.00.67,医院等级,01,三级特等,
4,自定义值域代码,LY.00.67,医院等级,02,三级甲等,
4,自定义值域代码,LY.00.67,医院等级,03,三级乙等,
4,自定义值域代码,LY.00.67,医院等级,04,三级丙等,
4,自定义值域代码,LY.00.67,医院等级,05,二级甲等,
4,自定义值域代码,LY.00.67,医院等级,06,二级乙等,
4,自定义值域代码,LY.00.67,医院等级,07,二级丙等,
4,自定义值域代码,LY.00.67,医院等级,08,一级甲等,
4,自定义值域代码,LY.00.67,医院等级,09,一级乙等,
4,自定义值域代码,LY.00.67,医院等级,10,一级丙等,
4,自定义值域代码,LY.00.67,医院等级,11,无等级,
4,自定义值域代码,LY.00.68,经济类型,100,内资,
4,自定义值域代码,LY.00.68,经济类型,110,国有全资,
4,自定义值域代码,LY.00.68,经济类型,120,集体全资,
4,自定义值域代码,LY.00.68,经济类型,130,股份合作,
4,自定义值域代码,LY.00.68,经济类型,140,联营,
4,自定义值域代码,LY.00.68,经济类型,141,国有联营,
4,自定义值域代码,LY.00.68,经济类型,142,集体联营,
4,自定义值域代码,LY.00.68,经济类型,143,国有与集体联营,
4,自定义值域代码,LY.00.68,经济类型,149,其他联营,
4,自定义值域代码,LY.00.68,经济类型,150,有限责任(公司),
4,自定义值域代码,LY.00.68,经济类型,151,国有独资(公司),
4,自定义值域代码,LY.00.68,经济类型,159,其他有限责任(公司),
4,自定义值域代码,LY.00.68,经济类型,160,股份有限(公司),
4,自定义值域代码,LY.00.68,经济类型,170,私有,
4,自定义值域代码,LY.00.68,经济类型,171,私有独资,
4,自定义值域代码,LY.00.68,经济类型,172,私有合伙,
4,自定义值域代码,LY.00.68,经济类型,173,私营有限责任(公司),
4,自定义值域代码,LY.00.68,经济类型,174,私营股份有限(公司),
4,自定义值域代码,LY.00.68,经济类型,175,个体经营,
4,自定义值域代码,LY.00.68,经济类型,179,其他私有,
4,自定义值域代码,LY.00.68,经济类型,190,其他内资,
4,自定义值域代码,LY.00.68,经济类型,200,港、澳、台投资,
4,自定义值域代码,LY.00.68,经济类型,210,内地和港、澳或台合资,
4,自定义值域代码,LY.00.68,经济类型,220,内地和港、澳或台合作,
4,自定义值域代码,LY.00.68,经济类型,230,港、澳或台独资,
4,自定义值域代码,LY.00.68,经济类型,240,澳、或台投资股份有限(公司),
4,自定义值域代码,LY.00.68,经济类型,290,其他港澳台投资,
4,自定义值域代码,LY.00.68,经济类型,300,国外投资,
4,自定义值域代码,LY.00.68,经济类型,310,中外合资,
4,自定义值域代码,LY.00.68,经济类型,320,中外合作,
4,自定义值域代码,LY.00.68,经济类型,330,外资,
4,自定义值域代码,LY.00.68,经济类型,340,国外投资股份有限(公司),
4,自定义值域代码,LY.00.68,经济类型,390,其他国外投资,
4,自定义值域代码,LY.00.68,经济类型,900,其他,
4,自定义值域代码,LY.00.69,单位管理类型,9960,环卫工人缴费,
4,自定义值域代码,LY.00.69,单位管理类型,9903,个体工商户（无雇工）,
4,自定义值域代码,LY.00.69,单位管理类型,15,企业破产改制虚拟单位,
4,自定义值域代码,LY.00.69,单位管理类型,9913,普通单位(双基数),
4,自定义值域代码,LY.00.69,单位管理类型,9902,困难企业(退休不缴费),
4,自定义值域代码,LY.00.69,单位管理类型,9915,军转干虚拟单位,
4,自定义值域代码,LY.00.69,单位管理类型,9906,改制企业,
4,自定义值域代码,LY.00.69,单位管理类型,9917,国资划账单位,
4,自定义值域代码,LY.00.69,单位管理类型,9908,改制企业按年交(含文体改制),
4,自定义值域代码,LY.00.69,单位管理类型,9912,原改制企业按困难企业对待,
4,自定义值域代码,LY.00.69,单位管理类型,9901,困难企业(退休缴费),
4,自定义值域代码,LY.00.69,单位管理类型,9914,再就业援助单位,
4,自定义值域代码,LY.00.69,单位管理类型,9904,对越作战,
4,自定义值域代码,LY.00.69,单位管理类型,9916,国资非划账单位,
4,自定义值域代码,LY.00.69,单位管理类型,9907,区县改制(市级统筹前改制单位),
4,自定义值域代码,LY.00.69,单位管理类型,9909,省市驻县单位,
4,自定义值域代码,LY.00.69,单位管理类型,01,普通单位,
4,自定义值域代码,LY.00.69,单位管理类型,02,灵活就业虚拟单位,
4,自定义值域代码,LY.00.69,单位管理类型,03,灵活就业托管虚拟单位,
4,自定义值域代码,LY.00.69,单位管理类型,04,被征地人员虚拟单位,
4,自定义值域代码,LY.00.69,单位管理类型,05,失业代缴医疗虚拟单位,
4,自定义值域代码,LY.00.69,单位管理类型,06,企业破产下岗职工虚拟单位,
4,自定义值域代码,LY.00.69,单位管理类型,07,离休人员虚拟单位,
4,自定义值域代码,LY.00.69,单位管理类型,08,居民虚拟单位-基层医保区划,
4,自定义值域代码,LY.00.69,单位管理类型,09,普通单位-分支机构,
4,自定义值域代码,LY.00.69,单位管理类型,10,居民虚拟单位-学校,
4,自定义值域代码,LY.00.69,单位管理类型,11,特困企业单位,
4,自定义值域代码,LY.00.69,单位管理类型,12,机关虚拟单位,
4,自定义值域代码,LY.00.69,单位管理类型,13,企业虚拟单位,
4,自定义值域代码,LY.00.69,单位管理类型,14,工伤代缴医疗虚拟单位,
4,自定义值域代码,LY.00.69,单位管理类型,99,其他,
4,自定义值域代码,LY.00.70,医保单位类型,9030,民政低保人员专户,
4,自定义值域代码,LY.00.70,医保单位类型,9031,民政特困人员专户,
4,自定义值域代码,LY.00.70,医保单位类型,9032,民政特殊困难人员专户,
4,自定义值域代码,LY.00.70,医保单位类型,9033,民政优抚对象专户,
4,自定义值域代码,LY.00.70,医保单位类型,9034,离休干部配偶专户,
4,自定义值域代码,LY.00.70,医保单位类型,9035,残联重残人员专户,
4,自定义值域代码,LY.00.70,医保单位类型,9036,家庭虚拟户,
4,自定义值域代码,LY.00.70,医保单位类型,9037,医疗接续户,
4,自定义值域代码,LY.00.70,医保单位类型,9038,院校,
4,自定义值域代码,LY.00.70,医保单位类型,9039,中小学,
4,自定义值域代码,LY.00.70,医保单位类型,9040,福利机构,
4,自定义值域代码,LY.00.70,医保单位类型,9902,被征地人员虚拟单位,
4,自定义值域代码,LY.00.70,医保单位类型,995,离休,
4,自定义值域代码,LY.00.70,医保单位类型,9953,离休单位40%财政60%,
4,自定义值域代码,LY.00.70,医保单位类型,9952,离休单位全额缴款,
4,自定义值域代码,LY.00.70,医保单位类型,994,军转企业,
4,自定义值域代码,LY.00.70,医保单位类型,05,市属困退,
4,自定义值域代码,LY.00.70,医保单位类型,02,困难企业,
4,自定义值域代码,LY.00.70,医保单位类型,9901,灵活就业,
4,自定义值域代码,LY.00.70,医保单位类型,9019,政府补贴人员,
4,自定义值域代码,LY.00.70,医保单位类型,91,民办非企业单位,
4,自定义值域代码,LY.00.70,医保单位类型,9016,省管单位,
4,自定义值域代码,LY.00.70,医保单位类型,8104,农民工单位,
4,自定义值域代码,LY.00.70,医保单位类型,1018,困难企业退休,
4,自定义值域代码,LY.00.70,医保单位类型,1017,普通单位(单位不缴个账),
4,自定义值域代码,LY.00.70,医保单位类型,1016,普通单位(不划个账),
4,自定义值域代码,LY.00.70,医保单位类型,1014,改制企业退休单位,
4,自定义值域代码,LY.00.70,医保单位类型,9018,改制退休企业,
4,自定义值域代码,LY.00.70,医保单位类型,10,企业,
4,自定义值域代码,LY.00.70,医保单位类型,30,机关,
4,自定义值域代码,LY.00.70,医保单位类型,50,事业单位,
4,自定义值域代码,LY.00.70,医保单位类型,55,全额拨款事业单位,
4,自定义值域代码,LY.00.70,医保单位类型,56,差额拨款事业单位,
4,自定义值域代码,LY.00.70,医保单位类型,57,自收自支事业单位,
4,自定义值域代码,LY.00.70,医保单位类型,70,社会团体,
4,自定义值域代码,LY.00.70,医保单位类型,81,个体工商户（有雇工的）,
4,自定义值域代码,LY.00.70,医保单位类型,99,其他,
4,自定义值域代码,LY.00.70,医保单位类型,1002,企业-退休缴费,
4,自定义值域代码,LY.00.70,医保单位类型,1003,工业园区企业,
4,自定义值域代码,LY.00.70,医保单位类型,1004,改制企业,
4,自定义值域代码,LY.00.70,医保单位类型,1005,军转企业,
4,自定义值域代码,LY.00.70,医保单位类型,1006,特殊改制企业,
4,自定义值域代码,LY.00.70,医保单位类型,1007,困难企业,
4,自定义值域代码,LY.00.70,医保单位类型,1008,困难企业(4%),
4,自定义值域代码,LY.00.70,医保单位类型,1009,困难企业(6%),
4,自定义值域代码,LY.00.70,医保单位类型,1010,关闭破产企业,
4,自定义值域代码,LY.00.70,医保单位类型,1011,列入关闭计划企业,
4,自定义值域代码,LY.00.70,医保单位类型,1012,破产改制类单位,
4,自定义值域代码,LY.00.70,医保单位类型,3002,自收自支-退休缴费,
4,自定义值域代码,LY.00.70,医保单位类型,3003,义务教育与乡镇机关,
4,自定义值域代码,LY.00.70,医保单位类型,5002,教育全额事业,
4,自定义值域代码,LY.00.70,医保单位类型,5003,特殊事业单位,
4,自定义值域代码,LY.00.70,医保单位类型,5004,退休人员缴费事业单位,
4,自定义值域代码,LY.00.70,医保单位类型,5008,退休划转个人账户事业单位,
4,自定义值域代码,LY.00.70,医保单位类型,5009,改制事业单位,
4,自定义值域代码,LY.00.70,医保单位类型,8001,离休干部配偶单位,
4,自定义值域代码,LY.00.70,医保单位类型,8002,伤残军人类单位,
4,自定义值域代码,LY.00.70,医保单位类型,8003,1-6级残疾军人,
4,自定义值域代码,LY.00.70,医保单位类型,8004,7-10级残疾军人,
4,自定义值域代码,LY.00.70,医保单位类型,8005,自主择业军转干部,
4,自定义值域代码,LY.00.70,医保单位类型,8006,其他,
4,自定义值域代码,LY.00.70,医保单位类型,8007,4050人员,
4,自定义值域代码,LY.00.70,医保单位类型,8008,领取失业金人员,
4,自定义值域代码,LY.00.70,医保单位类型,8101,城镇个体工商户,
4,自定义值域代码,LY.00.70,医保单位类型,8102,灵活就业类单位,
4,自定义值域代码,LY.00.70,医保单位类型,8103,灵活就业单位,
4,自定义值域代码,LY.00.71,院内人员类别,01,医生,
4,自定义值域代码,LY.00.71,院内人员类别,02,护士,
4,自定义值域代码,LY.00.71,院内人员类别,03,医技人员,
4,自定义值域代码,LY.00.71,院内人员类别,04,行政人员,
4,自定义值域代码,LY.00.71,院内人员类别,05,药师,
4,自定义值域代码,LY.00.71,院内人员类别,99,其他,
4,自定义值域代码,LY.00.72,目录特项标志,9,其他,
4,自定义值域代码,LY.00.72,目录特项标志,0,否,
4,自定义值域代码,LY.00.72,目录特项标志,1,是,
4,自定义值域代码,LY.00.72,目录特项标志,990,帕利哌酮治疗标志,
4,自定义值域代码,LY.00.72,目录特项标志,991,棕榈帕利哌酮治疗标志,
4,自定义值域代码,LY.00.72,目录特项标志,997,中医适宜技术标志（针灸）,
4,自定义值域代码,LY.00.72,目录特项标志,998,马替外分子备案标志,
4,自定义值域代码,LY.00.72,目录特项标志,999,高值药备案标志,
4,自定义值域代码,LY.00.72,目录特项标志,906,符合适应症按双通道管理药品处理标志,
4,自定义值域代码,LY.00.72,目录特项标志,907,符合适应症按普通乙类药品处理标志,
4,自定义值域代码,LY.00.72,目录特项标志,908,不符适应症按丙类处理标志,
4,自定义值域代码,LY.00.72,目录特项标志,992,非吗替麦考酚酯（4种特殊药品）,
4,自定义值域代码,LY.00.72,目录特项标志,993,64层螺旋CT（单源）,
4,自定义值域代码,LY.00.72,目录特项标志,994,64层螺旋CT（双源）,
4,自定义值域代码,LY.00.72,目录特项标志,995,中医药（中药汤剂）,
4,自定义值域代码,LY.00.72,目录特项标志,950,吗替麦考酚酯（4种特殊药品）,
4,自定义值域代码,LY.00.72,目录特项标志,960,吗替麦考酚酯（未备案）,
4,自定义值域代码,LY.00.72,目录特项标志,06,新冠用药,
4,自定义值域代码,LY.00.73,目录类别,101,西药中成药,
4,自定义值域代码,LY.00.73,目录类别,102,中药饮片,
4,自定义值域代码,LY.00.73,目录类别,103,自制剂,
4,自定义值域代码,LY.00.73,目录类别,104,民族药,
4,自定义值域代码,LY.00.73,目录类别,201,医疗服务项目,
4,自定义值域代码,LY.00.73,目录类别,301,医用耗材,
4,自定义值域代码,LY.00.73,目录类别,501,长护服务项目,
4,自定义值域代码,LY.00.73,目录类别,105,其他,
4,自定义值域代码,LY.00.73,目录类别,106,中药颗粒,
4,自定义值域代码,LY.00.75,医保区划级别,0,国家,
4,自定义值域代码,LY.00.75,医保区划级别,1,省(区、市)级,
4,自定义值域代码,LY.00.75,医保区划级别,2,地市级,
4,自定义值域代码,LY.00.75,医保区划级别,3,区县级,
4,自定义值域代码,LY.00.75,医保区划级别,4,乡镇街道,
4,自定义值域代码,LY.00.75,医保区划级别,5,社区/村,
4,自定义值域代码,LY.00.75,医保区划级别,6,村组,
4,自定义值域代码,LY.00.76,代办人关系,1,配偶,
4,自定义值域代码,LY.00.76,代办人关系,2,子女,
4,自定义值域代码,LY.00.76,代办人关系,4,孙子、孙女，或外孙子、外孙女,
4,自定义值域代码,LY.00.76,代办人关系,5,父母,
4,自定义值域代码,LY.00.76,代办人关系,6,祖父母或外祖父母,
4,自定义值域代码,LY.00.76,代办人关系,7,兄、弟、姐、妹,
4,自定义值域代码,LY.00.76,代办人关系,8,其他亲属,
4,自定义值域代码,LY.00.76,代办人关系,9,非亲属,
4,自定义值域代码,LY.00.77,复核标志,0,未审核,
4,自定义值域代码,LY.00.77,复核标志,1,审核通过,
4,自定义值域代码,LY.00.77,复核标志,2,审核不通过,
4,自定义值域代码,LY.00.77,复核标志,3,已撤销,
4,自定义值域代码,LY.00.77,复核标志,4,已回退,
4,自定义值域代码,LY.00.77,复核标志,5,初审通过,
4,自定义值域代码,LY.00.77,复核标志,6,初审不通过,
4,自定义值域代码,LY.00.77,复核标志,7,审批通过,
4,自定义值域代码,LY.00.77,复核标志,8,审批不通过,
4,自定义值域代码,LY.00.77,复核标志,9,其他,
4,自定义值域代码,LY.00.77,复核标志,908,已注销,
4,自定义值域代码,LY.00.77,复核标志,10,复核通过,
4,自定义值域代码,LY.00.77,复核标志,11,复核不通过,
4,自定义值域代码,LY.00.77,复核标志,909,支付回退,
4,自定义值域代码,LY.00.78,异地安置类别,1,非异地安置,
4,自定义值域代码,LY.00.78,异地安置类别,2,省内异地安置,
4,自定义值域代码,LY.00.78,异地安置类别,3,省外异地安置,
4,自定义值域代码,LY.00.78,异地安置类别,4,省内正常转外就医,
4,自定义值域代码,LY.00.78,异地安置类别,5,省外正常转外就医,
4,自定义值域代码,LY.00.78,异地安置类别,6,省内自行转外就医,
4,自定义值域代码,LY.00.78,异地安置类别,7,省外自行转外就医,
4,自定义值域代码,LY.00.79,给药途径,1,口服,经口吞服药物
4,自定义值域代码,LY.00.79,给药途径,2,直肠给药,将药物经肛门塞入或注入直肠
4,自定义值域代码,LY.00.79,给药途径,3,舌下给药,将药物置于舌下/颊部的给药方法
4,自定义值域代码,LY.00.79,给药途径,4,注射给药,将药物经过表皮注入体内
4,自定义值域代码,LY.00.79,给药途径,401,皮下注射,将药物注射于皮下组织
4,自定义值域代码,LY.00.79,给药途径,402,皮内注射,将药物注射于皮内组织
4,自定义值域代码,LY.00.79,给药途径,403,肌肉注射,将药物注射于肌肉组织内
4,自定义值域代码,LY.00.79,给药途径,404,静脉注射或静脉滴注,将药物注入静脉血管内
4,自定义值域代码,LY.00.79,给药途径,405,鞘内注射,通过腰穿将药物直接注入蛛网膜下腔，从而使药物弥散在脑脊液中
4,自定义值域代码,LY.00.79,给药途径,5,吸入给药,将药物呈雾状物而由呼吸道吸入
4,自定义值域代码,LY.00.79,给药途径,6,局部用药,主要发挥局部作用的给药方法
4,自定义值域代码,LY.00.79,给药途径,601,椎管内给药,将药物注入椎管内
4,自定义值域代码,LY.00.79,给药途径,602,关节腔内给药,将药物注入关节腔内
4,自定义值域代码,LY.00.79,给药途径,603,胸膜腔给药,将药物注入胸膜腔内
4,自定义值域代码,LY.00.79,给药途径,604,腹腔给药,将药物注入腹腔内
4,自定义值域代码,LY.00.79,给药途径,605,阴道用药,将药物置于阴道中
4,自定义值域代码,LY.00.79,给药途径,606,滴眼,将药物经眼滴入
4,自定义值域代码,LY.00.79,给药途径,607,滴鼻,将药物经鼻滴入
4,自定义值域代码,LY.00.79,给药途径,608,喷喉,将药物喷于喉部粘膜表面
4,自定义值域代码,LY.00.79,给药途径,609,含化,将药物置于口腔内含化
4,自定义值域代码,LY.00.79,给药途径,610,敷伤口,将药物直接敷于伤口表面
4,自定义值域代码,LY.00.79,给药途径,611,擦皮肤,用药物擦拭皮肤
4,自定义值域代码,LY.00.79,给药途径,6XX,局部用药扩充内容,
4,自定义值域代码,LY.00.79,给药途径,699,其他局部给药途径,其他局部用药途径
4,自定义值域代码,LY.00.79,给药途径,7,经皮用药,药物经由皮肤吸收进入人体
4,自定义值域代码,LY.00.79,给药途径,9,其他给药途径,增补的用药途径内容
4,自定义值域代码,LY.00.80,支付地点类别,6,市内异地,
4,自定义值域代码,LY.00.80,支付地点类别,1,中心,
4,自定义值域代码,LY.00.80,支付地点类别,2,医疗机构,
4,自定义值域代码,LY.00.80,支付地点类别,3,省内异地,
4,自定义值域代码,LY.00.80,支付地点类别,4,跨省异地,
4,自定义值域代码,LY.00.80,支付地点类别,5,互联网医院,
4,自定义值域代码,LY.00.81,支付结果分类,000,共付段,
4,自定义值域代码,LY.00.81,支付结果分类,001,比例上下浮动,
4,自定义值域代码,LY.00.81,支付结果分类,101,全自费,
4,自定义值域代码,LY.00.81,支付结果分类,102,乙类先自付,
4,自定义值域代码,LY.00.81,支付结果分类,103,超限额自付,
4,自定义值域代码,LY.00.82,医疗机构等级,1,一级,
4,自定义值域代码,LY.00.82,医疗机构等级,2,二级,
4,自定义值域代码,LY.00.82,医疗机构等级,3,三级,
4,自定义值域代码,LY.00.82,医疗机构等级,9,未定级,
4,自定义值域代码,LY.00.83,信用等级,1,诚信,
4,自定义值域代码,LY.00.83,信用等级,2,基本诚信,
4,自定义值域代码,LY.00.83,信用等级,3,轻微失信,
4,自定义值域代码,LY.00.83,信用等级,4,严重失信,
4,自定义值域代码,LY.00.84,申报来源,01,定点医药机构,
4,自定义值域代码,LY.00.84,申报来源,02,中心经办系统,
4,自定义值域代码,LY.00.84,申报来源,03,网上经办系统,
4,自定义值域代码,LY.00.84,申报来源,04,APP,
4,自定义值域代码,LY.00.84,申报来源,05,一体机,
4,自定义值域代码,LY.00.84,申报来源,99,其他,
4,自定义值域代码,LY.00.84,申报来源,0301,单位网上经办系统,
4,自定义值域代码,LY.00.84,申报来源,0302,个人网上经办系统,
4,自定义值域代码,LY.00.84,申报来源,414,中期妊娠住院引产（满14周未满16周）,
4,自定义值域代码,LY.00.85,起付线医院等级,4,其他,
4,自定义值域代码,LY.00.85,起付线医院等级,1,一级及以下,
4,自定义值域代码,LY.00.85,起付线医院等级,2,二级,
4,自定义值域代码,LY.00.85,起付线医院等级,3,三级,
4,自定义值域代码,LY.00.85,起付线医院等级,9,未定级,
4,自定义值域代码,LY.00.85,起付线医院等级,500,内设医疗机构,
4,自定义值域代码,LY.00.86,医保诊断类别,5,按病种付费病种,
4,自定义值域代码,LY.00.86,医保诊断类别,4,手术操作,
4,自定义值域代码,LY.00.86,医保诊断类别,1,西医诊断,
4,自定义值域代码,LY.00.86,医保诊断类别,2,中医主病诊断,
4,自定义值域代码,LY.00.86,医保诊断类别,3,中医主证诊断,
4,自定义值域代码,LY.00.87,病种类型代码,10,门慢门特病种,
4,自定义值域代码,LY.00.87,病种类型代码,11,门诊慢性病,
4,自定义值域代码,LY.00.87,病种类型代码,12,门诊特殊疾病,
4,自定义值域代码,LY.00.87,病种类型代码,20,按病种结算病种,
4,自定义值域代码,LY.00.87,病种类型代码,30,日间手术病种,
4,自定义值域代码,LY.00.87,病种类型代码,40,疾病诊断病种,
4,自定义值域代码,LY.00.87,病种类型代码,99,其他病种,
4,自定义值域代码,LY.00.87,病种类型代码,9913,门诊艾滋病病种,
4,自定义值域代码,LY.00.87,病种类型代码,9914,门诊精神病病种,
4,自定义值域代码,LY.00.88,企业性质,1,国有,
4,自定义值域代码,LY.00.88,企业性质,2,合作,
4,自定义值域代码,LY.00.88,企业性质,3,合资,
4,自定义值域代码,LY.00.88,企业性质,4,独资,
4,自定义值域代码,LY.00.88,企业性质,5,集体,
4,自定义值域代码,LY.00.88,企业性质,6,私营,
4,自定义值域代码,LY.00.88,企业性质,7,个体工商户,
4,自定义值域代码,LY.00.88,企业性质,8,报关,
4,自定义值域代码,LY.00.88,企业性质,9,其他,
4,自定义值域代码,LY.00.89,企业类型,1,生产,
4,自定义值域代码,LY.00.89,企业类型,2,配送,
4,自定义值域代码,LY.00.89,企业类型,3,代理,
4,自定义值域代码,LY.00.89,企业类型,4,生产、配送,
4,自定义值域代码,LY.00.89,企业类型,5,生产、代理,
4,自定义值域代码,LY.00.89,企业类型,6,配送、代理,
4,自定义值域代码,LY.00.89,企业类型,999,其他,
4,自定义值域代码,LY.00.90,医疗机构的机构性质,1,营利性,
4,自定义值域代码,LY.00.90,医疗机构的机构性质,2,非营利性,
4,自定义值域代码,LY.00.90,医疗机构的机构性质,3,其他,
4,自定义值域代码,LY.00.90,医疗机构的机构性质,6,私立,
4,自定义值域代码,LY.00.90,医疗机构的机构性质,7,公立,
4,自定义值域代码,LY.00.90,医疗机构的机构性质,8,国有,
4,自定义值域代码,LY.00.91,医疗服务机构类型,1,定点医疗机构,
4,自定义值域代码,LY.00.91,医疗服务机构类型,A,医院,
4,自定义值域代码,LY.00.91,医疗服务机构类型,A1,综合医院,
4,自定义值域代码,LY.00.91,医疗服务机构类型,A100,综合医院,
4,自定义值域代码,LY.00.91,医疗服务机构类型,A2,中医医院,
4,自定义值域代码,LY.00.91,医疗服务机构类型,A210,中医（综合）医院,
4,自定义值域代码,LY.00.91,医疗服务机构类型,A220,中医专科医院,
4,自定义值域代码,LY.00.91,医疗服务机构类型,A221,肛肠医院,
4,自定义值域代码,LY.00.91,医疗服务机构类型,A222,骨伤医院,
4,自定义值域代码,LY.00.91,医疗服务机构类型,A223,针炙医院,
4,自定义值域代码,LY.00.91,医疗服务机构类型,A224,按摩医院,
4,自定义值域代码,LY.00.91,医疗服务机构类型,A229,其他中医专科医院,
4,自定义值域代码,LY.00.91,医疗服务机构类型,A3,中西医结合医院,
4,自定义值域代码,LY.00.91,医疗服务机构类型,A300,中西医结合医院,
4,自定义值域代码,LY.00.91,医疗服务机构类型,A4,民族医院,
4,自定义值域代码,LY.00.91,医疗服务机构类型,A411,蒙医院,
4,自定义值域代码,LY.00.91,医疗服务机构类型,A412,藏医院,
4,自定义值域代码,LY.00.91,医疗服务机构类型,A413,维医院,
4,自定义值域代码,LY.00.91,医疗服务机构类型,A414,傣医院,
4,自定义值域代码,LY.00.91,医疗服务机构类型,A419,其他民族医院,
4,自定义值域代码,LY.00.91,医疗服务机构类型,A5,专科医院,
4,自定义值域代码,LY.00.91,医疗服务机构类型,A511,口腔医院,
4,自定义值域代码,LY.00.91,医疗服务机构类型,A512,眼科医院,
4,自定义值域代码,LY.00.91,医疗服务机构类型,A513,耳鼻喉科医院,
4,自定义值域代码,LY.00.91,医疗服务机构类型,A514,肿瘤医院,
4,自定义值域代码,LY.00.91,医疗服务机构类型,A515,心血管病医院,
4,自定义值域代码,LY.00.91,医疗服务机构类型,A516,胸科医院,
4,自定义值域代码,LY.00.91,医疗服务机构类型,A517,血液病医院,
4,自定义值域代码,LY.00.91,医疗服务机构类型,A518,妇产（科）医院,
4,自定义值域代码,LY.00.91,医疗服务机构类型,A519,儿童医院,
4,自定义值域代码,LY.00.91,医疗服务机构类型,A520,精神病医院,
4,自定义值域代码,LY.00.91,医疗服务机构类型,A521,传染病医院,
4,自定义值域代码,LY.00.91,医疗服务机构类型,A522,皮肤病医院,
4,自定义值域代码,LY.00.91,医疗服务机构类型,A523,结核病医院,
4,自定义值域代码,LY.00.91,医疗服务机构类型,A524,麻风病医院,
4,自定义值域代码,LY.00.91,医疗服务机构类型,A525,职业病医院,
4,自定义值域代码,LY.00.91,医疗服务机构类型,A526,骨科医院,
4,自定义值域代码,LY.00.91,医疗服务机构类型,A527,康复医院,
4,自定义值域代码,LY.00.91,医疗服务机构类型,A528,整形外科医院,
4,自定义值域代码,LY.00.91,医疗服务机构类型,A529,美容医院,
4,自定义值域代码,LY.00.91,医疗服务机构类型,A539,其他专科医院,
4,自定义值域代码,LY.00.91,医疗服务机构类型,A6,疗养院,
4,自定义值域代码,LY.00.91,医疗服务机构类型,A600,疗养院,
4,自定义值域代码,LY.00.91,医疗服务机构类型,A7,护理院（站）,
4,自定义值域代码,LY.00.91,医疗服务机构类型,A710,护理院,
4,自定义值域代码,LY.00.91,医疗服务机构类型,A720,护理站,
4,自定义值域代码,LY.00.91,医疗服务机构类型,B,社区卫生服务中心(站),
4,自定义值域代码,LY.00.91,医疗服务机构类型,B1,社区卫生服务中心,
4,自定义值域代码,LY.00.91,医疗服务机构类型,B100,社区卫生服务中心,
4,自定义值域代码,LY.00.91,医疗服务机构类型,B2,社区卫生服务站,
4,自定义值域代码,LY.00.91,医疗服务机构类型,B200,社区卫生服务站,
4,自定义值域代码,LY.00.91,医疗服务机构类型,C,卫生院,
4,自定义值域代码,LY.00.91,医疗服务机构类型,C2,乡镇卫生院,
4,自定义值域代码,LY.00.91,医疗服务机构类型,C210,中心卫生院,
4,自定义值域代码,LY.00.91,医疗服务机构类型,C220,乡卫生院,
4,自定义值域代码,LY.00.91,医疗服务机构类型,D,门诊部、诊所、医务室、村卫生室,
4,自定义值域代码,LY.00.91,医疗服务机构类型,D1,门诊部,
4,自定义值域代码,LY.00.91,医疗服务机构类型,D110,综合门诊部,
4,自定义值域代码,LY.00.91,医疗服务机构类型,D120,中医门诊部,
4,自定义值域代码,LY.00.91,医疗服务机构类型,D121,中医（综合）门诊部,
4,自定义值域代码,LY.00.91,医疗服务机构类型,D122,中医专科门诊部,
4,自定义值域代码,LY.00.91,医疗服务机构类型,D130,中西医结合门诊部,
4,自定义值域代码,LY.00.91,医疗服务机构类型,D140,民族医门诊部,
4,自定义值域代码,LY.00.91,医疗服务机构类型,D150,专科门诊部,
4,自定义值域代码,LY.00.91,医疗服务机构类型,D151,普通专科门诊部,
4,自定义值域代码,LY.00.91,医疗服务机构类型,D152,口腔门诊部,
4,自定义值域代码,LY.00.91,医疗服务机构类型,D153,眼科门诊部,
4,自定义值域代码,LY.00.91,医疗服务机构类型,D154,医疗美容门诊部,
4,自定义值域代码,LY.00.91,医疗服务机构类型,D155,精神卫生门诊部,
4,自定义值域代码,LY.00.91,医疗服务机构类型,D159,其他专科门诊部,
4,自定义值域代码,LY.00.91,医疗服务机构类型,D2,诊所,
4,自定义值域代码,LY.00.91,医疗服务机构类型,D211,普通诊所,
4,自定义值域代码,LY.00.91,医疗服务机构类型,D212,中医诊所,
4,自定义值域代码,LY.00.91,医疗服务机构类型,D213,中西医结合诊所,
4,自定义值域代码,LY.00.91,医疗服务机构类型,D214,民族医诊所,
4,自定义值域代码,LY.00.91,医疗服务机构类型,D215,口腔诊所,
4,自定义值域代码,LY.00.91,医疗服务机构类型,D216,医疗美容诊所,
4,自定义值域代码,LY.00.91,医疗服务机构类型,D217,精神卫生诊所,
4,自定义值域代码,LY.00.91,医疗服务机构类型,D229,其他诊所,
4,自定义值域代码,LY.00.91,医疗服务机构类型,D3,卫生所（室）,
4,自定义值域代码,LY.00.91,医疗服务机构类型,D300,卫生所（室）,
4,自定义值域代码,LY.00.91,医疗服务机构类型,D4,医务室,
4,自定义值域代码,LY.00.91,医疗服务机构类型,D400,医务室,
4,自定义值域代码,LY.00.91,医疗服务机构类型,D5,中小学卫生保健所,
4,自定义值域代码,LY.00.91,医疗服务机构类型,D500,中小学卫生保健所,
4,自定义值域代码,LY.00.91,医疗服务机构类型,D6,村卫生室,
4,自定义值域代码,LY.00.91,医疗服务机构类型,D600,村卫生室,
4,自定义值域代码,LY.00.91,医疗服务机构类型,E,急救中心（站）,
4,自定义值域代码,LY.00.91,医疗服务机构类型,E1,急救中心,
4,自定义值域代码,LY.00.91,医疗服务机构类型,E100,急救中心,
4,自定义值域代码,LY.00.91,医疗服务机构类型,E2,急救中心站,
4,自定义值域代码,LY.00.91,医疗服务机构类型,E200,急救中心站,
4,自定义值域代码,LY.00.91,医疗服务机构类型,E3,急救站,
4,自定义值域代码,LY.00.91,医疗服务机构类型,E300,急救站,
4,自定义值域代码,LY.00.91,医疗服务机构类型,F,采供血机构,
4,自定义值域代码,LY.00.91,医疗服务机构类型,F1,血站,
4,自定义值域代码,LY.00.91,医疗服务机构类型,F110,血液中心,
4,自定义值域代码,LY.00.91,医疗服务机构类型,F120,中心血站,
4,自定义值域代码,LY.00.91,医疗服务机构类型,F130,基层血站、中心血库,
4,自定义值域代码,LY.00.91,医疗服务机构类型,F2,单采血浆站,
4,自定义值域代码,LY.00.91,医疗服务机构类型,F200,单采血浆站,
4,自定义值域代码,LY.00.91,医疗服务机构类型,G,妇幼保健院（所、站）,
4,自定义值域代码,LY.00.91,医疗服务机构类型,G1,妇幼保健院,
4,自定义值域代码,LY.00.91,医疗服务机构类型,G100,妇幼保健院,
4,自定义值域代码,LY.00.91,医疗服务机构类型,G2,妇幼保健所,
4,自定义值域代码,LY.00.91,医疗服务机构类型,G200,妇幼保健所,
4,自定义值域代码,LY.00.91,医疗服务机构类型,G3,妇幼保健站,
4,自定义值域代码,LY.00.91,医疗服务机构类型,G300,妇幼保健站,
4,自定义值域代码,LY.00.91,医疗服务机构类型,G4,生殖保健中心,
4,自定义值域代码,LY.00.91,医疗服务机构类型,G400,生殖保健中心,
4,自定义值域代码,LY.00.91,医疗服务机构类型,H,专科疾病防治院（所、站）,
4,自定义值域代码,LY.00.91,医疗服务机构类型,H1,专科疾病防治院,
4,自定义值域代码,LY.00.91,医疗服务机构类型,H111,传染病防治院,
4,自定义值域代码,LY.00.91,医疗服务机构类型,H112,结核病防治院,
4,自定义值域代码,LY.00.91,医疗服务机构类型,H113,职业病防治院,
4,自定义值域代码,LY.00.91,医疗服务机构类型,H119,其他专科疾病防治院,
4,自定义值域代码,LY.00.91,医疗服务机构类型,H2,专科疾病防治所（站、中心）,
4,自定义值域代码,LY.00.91,医疗服务机构类型,H211,口腔病防治所（站、中心）,
4,自定义值域代码,LY.00.91,医疗服务机构类型,H212,精神病防治所（站、中心）,
4,自定义值域代码,LY.00.91,医疗服务机构类型,H213,皮肤病防治所（站、中心）,
4,自定义值域代码,LY.00.91,医疗服务机构类型,H214,结核病防治所（站、中心）,
4,自定义值域代码,LY.00.91,医疗服务机构类型,H215,麻风病防治所（站、中心）,
4,自定义值域代码,LY.00.91,医疗服务机构类型,H216,职业病防治所（站、中心）,
4,自定义值域代码,LY.00.91,医疗服务机构类型,H217,寄生虫病防治所（站、中心）,
4,自定义值域代码,LY.00.91,医疗服务机构类型,H218,地方病防治所（站，中心）,
4,自定义值域代码,LY.00.91,医疗服务机构类型,H219,血吸虫病防治所（站、中心）,
4,自定义值域代码,LY.00.91,医疗服务机构类型,H220,药物戒毒所（中心）,
4,自定义值域代码,LY.00.91,医疗服务机构类型,H229,其他专科疾病防治所（站、中心）,
4,自定义值域代码,LY.00.91,医疗服务机构类型,J,疾病预防控制中心（防疫站）,
4,自定义值域代码,LY.00.91,医疗服务机构类型,J1,疾病预防控制中心,
4,自定义值域代码,LY.00.91,医疗服务机构类型,J100,疾病预防控制中心,
4,自定义值域代码,LY.00.91,医疗服务机构类型,J2,卫生防疫站,
4,自定义值域代码,LY.00.91,医疗服务机构类型,J200,卫生防疫站,
4,自定义值域代码,LY.00.91,医疗服务机构类型,J3,卫生防病中心,
4,自定义值域代码,LY.00.91,医疗服务机构类型,J300,卫生防病中心,
4,自定义值域代码,LY.00.91,医疗服务机构类型,J4,预防保健中心,
4,自定义值域代码,LY.00.91,医疗服务机构类型,J400,预防保健中心,
4,自定义值域代码,LY.00.91,医疗服务机构类型,K,卫生监督所（局）,
4,自定义值域代码,LY.00.91,医疗服务机构类型,K1,卫生监督所（局）,
4,自定义值域代码,LY.00.91,医疗服务机构类型,K100,卫生监督所（局）,
4,自定义值域代码,LY.00.91,医疗服务机构类型,L,卫生监督检验（监测、检测）所（站）,
4,自定义值域代码,LY.00.91,医疗服务机构类型,L1,卫生（综合）监督检验（监测，检测）所（站）,
4,自定义值域代码,LY.00.91,医疗服务机构类型,L100,卫生（综合）监督检验（监测，检测）所（站）,
4,自定义值域代码,LY.00.91,医疗服务机构类型,L2,环境卫生监督检验（监测、检测）所（站）,
4,自定义值域代码,LY.00.91,医疗服务机构类型,L200,环境卫生监督检验（监测、检测）所（站）,
4,自定义值域代码,LY.00.91,医疗服务机构类型,L3,放射卫生监督检验（监测、检测）所（站）,
4,自定义值域代码,LY.00.91,医疗服务机构类型,L300,放射卫生监督检验（监测、检测）所（站）,
4,自定义值域代码,LY.00.91,医疗服务机构类型,L4,劳动（职业、工业）卫生监督检验（监测、检测）所（站）,
4,自定义值域代码,LY.00.91,医疗服务机构类型,L400,劳动（职业、工业）卫生监督检验（监测、检测）所（站）,
4,自定义值域代码,LY.00.91,医疗服务机构类型,L5,食品卫生监督检验（监测、检测）所（站）,
4,自定义值域代码,LY.00.91,医疗服务机构类型,L500,食品卫生监督检验（监测、检测）所（站）,
4,自定义值域代码,LY.00.91,医疗服务机构类型,L6,学校卫生监督检验（监测、检测）所（站）,
4,自定义值域代码,LY.00.91,医疗服务机构类型,L600,学校卫生监督检验（监测、检测）所（站）,
4,自定义值域代码,LY.00.91,医疗服务机构类型,L9,其他卫生监督检验（监测，检测）所（站）,
4,自定义值域代码,LY.00.91,医疗服务机构类型,L900,其他卫生监督检验（监测，检测）所（站）,
4,自定义值域代码,LY.00.91,医疗服务机构类型,M,医学科学研究机构,
4,自定义值域代码,LY.00.91,医疗服务机构类型,M1,医学科学（研究）院（所）,
4,自定义值域代码,LY.00.91,医疗服务机构类型,M100,医学科学（研究）院（所）,
4,自定义值域代码,LY.00.91,医疗服务机构类型,M2,预防医学研究院（所）,
4,自定义值域代码,LY.00.91,医疗服务机构类型,M200,预防医学研究院（所）,
4,自定义值域代码,LY.00.91,医疗服务机构类型,M3,中医（药）研究院（所）,
4,自定义值域代码,LY.00.91,医疗服务机构类型,M300,中医（药）研究院（所）,
4,自定义值域代码,LY.00.91,医疗服务机构类型,M4,中西医结合研究所,
4,自定义值域代码,LY.00.91,医疗服务机构类型,M400,中西医结合研究所,
4,自定义值域代码,LY.00.91,医疗服务机构类型,M5,民族医（药）学研究所,
4,自定义值域代码,LY.00.91,医疗服务机构类型,M500,民族医（药）学研究所,
4,自定义值域代码,LY.00.91,医疗服务机构类型,M6,医学专科研究所,
4,自定义值域代码,LY.00.91,医疗服务机构类型,M611,基础医学研究所,
4,自定义值域代码,LY.00.91,医疗服务机构类型,M612,病毒学研究所,
4,自定义值域代码,LY.00.91,医疗服务机构类型,M613,老年医学研究所,
4,自定义值域代码,LY.00.91,医疗服务机构类型,M614,肿瘤（防治）研究所,
4,自定义值域代码,LY.00.91,医疗服务机构类型,M615,心血管病研究所,
4,自定义值域代码,LY.00.91,医疗服务机构类型,M616,血液学研究所,
4,自定义值域代码,LY.00.91,医疗服务机构类型,M617,整形外科研究所,
4,自定义值域代码,LY.00.91,医疗服务机构类型,M618,特种卫生研究所,
4,自定义值域代码,LY.00.91,医疗服务机构类型,M619,放射医学研究所,
4,自定义值域代码,LY.00.91,医疗服务机构类型,M620,医学生物学研究所,
4,自定义值域代码,LY.00.91,医疗服务机构类型,M621,生物医学工程研究所,
4,自定义值域代码,LY.00.91,医疗服务机构类型,M622,实验动物研究所,
4,自定义值域代码,LY.00.91,医疗服务机构类型,M623,结核病防治研究所,
4,自定义值域代码,LY.00.91,医疗服务机构类型,M624,皮肤病与性病防治研究所,
4,自定义值域代码,LY.00.91,医疗服务机构类型,M625,寄生虫病防治研究所,
4,自定义值域代码,LY.00.91,医疗服务机构类型,M626,地方病防治研究所,
4,自定义值域代码,LY.00.91,医疗服务机构类型,M627,血吸虫病防治研究所,
4,自定义值域代码,LY.00.91,医疗服务机构类型,M628,流行病学研究所,
4,自定义值域代码,LY.00.91,医疗服务机构类型,M629,医学微生物学研究所,
4,自定义值域代码,LY.00.91,医疗服务机构类型,M630,环境卫生研究所,
4,自定义值域代码,LY.00.91,医疗服务机构类型,M631,劳动卫生（职业病）研究所,
4,自定义值域代码,LY.00.91,医疗服务机构类型,M632,营养与食品卫生研究所,
4,自定义值域代码,LY.00.91,医疗服务机构类型,M633,儿少卫生研究所,
4,自定义值域代码,LY.00.91,医疗服务机构类型,M634,医学信息研究所,
4,自定义值域代码,LY.00.91,医疗服务机构类型,M649,其他医学专科研究所,
4,自定义值域代码,LY.00.91,医疗服务机构类型,M7,药学研究所,
4,自定义值域代码,LY.00.91,医疗服务机构类型,M700,药学研究所,
4,自定义值域代码,LY.00.91,医疗服务机构类型,N,医学教育机构,
4,自定义值域代码,LY.00.91,医疗服务机构类型,N1,医学普通高中等学校,
4,自定义值域代码,LY.00.91,医疗服务机构类型,N110,医学普通高等学校,
4,自定义值域代码,LY.00.91,医疗服务机构类型,N111,医学院,
4,自定义值域代码,LY.00.91,医疗服务机构类型,N112,中医（药）学院,
4,自定义值域代码,LY.00.91,医疗服务机构类型,N113,民族医（药）学院,
4,自定义值域代码,LY.00.91,医疗服务机构类型,N119,其他医学普通高等学校,
4,自定义值域代码,LY.00.91,医疗服务机构类型,N120,医学普通中等专业学校,
4,自定义值域代码,LY.00.91,医疗服务机构类型,N121,卫生学校,
4,自定义值域代码,LY.00.91,医疗服务机构类型,N122,中医（药）学校,
4,自定义值域代码,LY.00.91,医疗服务机构类型,N123,民族医（药）学校,
4,自定义值域代码,LY.00.91,医疗服务机构类型,N124,护士学校,
4,自定义值域代码,LY.00.91,医疗服务机构类型,N129,其他医学普通中等专业学校,
4,自定义值域代码,LY.00.91,医疗服务机构类型,N2,医学成人学校,
4,自定义值域代码,LY.00.91,医疗服务机构类型,N210,医学成人高等学校,
4,自定义值域代码,LY.00.91,医疗服务机构类型,N211,职工医学院,
4,自定义值域代码,LY.00.91,医疗服务机构类型,N212,卫生管理干部学院,
4,自定义值域代码,LY.00.91,医疗服务机构类型,N219,其他医学成人高等学校,
4,自定义值域代码,LY.00.91,医疗服务机构类型,N220,医学成人中等学校,
4,自定义值域代码,LY.00.91,医疗服务机构类型,N221,卫生职业（工）中等专业学校,
4,自定义值域代码,LY.00.91,医疗服务机构类型,N222,中医（药）职业中等专业学校,
4,自定义值域代码,LY.00.91,医疗服务机构类型,N223,卫生进修学校,
4,自定义值域代码,LY.00.91,医疗服务机构类型,N229,其他医学成人中等学校,
4,自定义值域代码,LY.00.91,医疗服务机构类型,N3,医学在职培训机构,
4,自定义值域代码,LY.00.91,医疗服务机构类型,N300,医学在职培训机构,
4,自定义值域代码,LY.00.91,医疗服务机构类型,O,健康教育所（站、中心）,
4,自定义值域代码,LY.00.91,医疗服务机构类型,O1,健康教育所,
4,自定义值域代码,LY.00.91,医疗服务机构类型,O100,健康教育所,
4,自定义值域代码,LY.00.91,医疗服务机构类型,O2,健康教育站（中心）,
4,自定义值域代码,LY.00.91,医疗服务机构类型,O200,健康教育站（中心）,
4,自定义值域代码,LY.00.91,医疗服务机构类型,P,其他卫生机构,
4,自定义值域代码,LY.00.91,医疗服务机构类型,P1,临床检验中心（所、站）,
4,自定义值域代码,LY.00.91,医疗服务机构类型,P110,临床检验中心,
4,自定义值域代码,LY.00.91,医疗服务机构类型,P120,临床检验所（站）,
4,自定义值域代码,LY.00.91,医疗服务机构类型,P2,卫生新闻出版杜,
4,自定义值域代码,LY.00.91,医疗服务机构类型,P210,卫生图书出版社,
4,自定义值域代码,LY.00.91,医疗服务机构类型,P220,卫生报纸出版社,
4,自定义值域代码,LY.00.91,医疗服务机构类型,P230,卫生杂志社,
4,自定义值域代码,LY.00.91,医疗服务机构类型,P290,其他卫生新闻出版社,
4,自定义值域代码,LY.00.91,医疗服务机构类型,P9,其他卫生事业机构,
4,自定义值域代码,LY.00.91,医疗服务机构类型,P911,精神病收容所,
4,自定义值域代码,LY.00.91,医疗服务机构类型,P912,麻风村,
4,自定义值域代码,LY.00.91,医疗服务机构类型,P913,卫生消毒站,
4,自定义值域代码,LY.00.91,医疗服务机构类型,P914,乡防保组,
4,自定义值域代码,LY.00.91,医疗服务机构类型,P915,农村改水中心,
4,自定义值域代码,LY.00.91,医疗服务机构类型,P916,计划生育技术服务中心（站）,
4,自定义值域代码,LY.00.91,医疗服务机构类型,P917,卫生机关服务中心,
4,自定义值域代码,LY.00.91,医疗服务机构类型,P918,卫生统计信息中心,
4,自定义值域代码,LY.00.91,医疗服务机构类型,P919,医学考试中心,
4,自定义值域代码,LY.00.91,医疗服务机构类型,P920,卫生人才交流中心,
4,自定义值域代码,LY.00.91,医疗服务机构类型,P921,医学科技交流中心,
4,自定义值域代码,LY.00.91,医疗服务机构类型,P939,其他,
4,自定义值域代码,LY.00.91,医疗服务机构类型,Q,卫生社会团体,
4,自定义值域代码,LY.00.91,医疗服务机构类型,Q1,红十字会,
4,自定义值域代码,LY.00.91,医疗服务机构类型,Q100,红十字会,
4,自定义值域代码,LY.00.91,医疗服务机构类型,Q2,医学会,
4,自定义值域代码,LY.00.91,医疗服务机构类型,Q200,医学会,
4,自定义值域代码,LY.00.91,医疗服务机构类型,Q3,卫生协会,
4,自定义值域代码,LY.00.91,医疗服务机构类型,Q300,卫生协会,
4,自定义值域代码,LY.00.91,医疗服务机构类型,Q311,输血协会,
4,自定义值域代码,LY.00.91,医疗服务机构类型,Q312,医师协会,
4,自定义值域代码,LY.00.91,医疗服务机构类型,Q339,其他卫生协会,
4,自定义值域代码,LY.00.91,医疗服务机构类型,Q9,其他卫生社会团体,
4,自定义值域代码,LY.00.91,医疗服务机构类型,Q900,其他卫生社会团体,
4,自定义值域代码,LY.00.92,医师执业类别,1,临床,
4,自定义值域代码,LY.00.92,医师执业类别,2,中医,
4,自定义值域代码,LY.00.92,医师执业类别,3,口腔,
4,自定义值域代码,LY.00.92,医师执业类别,4,公共卫生,
4,自定义值域代码,LY.00.93,药师执业类别,1,药学,
4,自定义值域代码,LY.00.93,药师执业类别,2,中药学,
4,自定义值域代码,LY.00.93,药师执业类别,3,药学与中药学,
4,自定义值域代码,LY.00.93,药师执业类别,4,其他,
4,自定义值域代码,LY.00.95,医师执业范围,11,内科专业,
4,自定义值域代码,LY.00.95,医师执业范围,12,外科专业,
4,自定义值域代码,LY.00.95,医师执业范围,13,妇产科专业,
4,自定义值域代码,LY.00.95,医师执业范围,14,儿科专业,
4,自定义值域代码,LY.00.95,医师执业范围,15,眼耳鼻咽喉专科,
4,自定义值域代码,LY.00.95,医师执业范围,16,皮肤科与性病科专业,
4,自定义值域代码,LY.00.95,医师执业范围,17,精神卫生专业,
4,自定义值域代码,LY.00.95,医师执业范围,18,职业病专业,
4,自定义值域代码,LY.00.95,医师执业范围,19,医学影像学和放射治疗专业,
4,自定义值域代码,LY.00.95,医师执业范围,20,医学检验、病理专业,
4,自定义值域代码,LY.00.95,医师执业范围,21,全科医学专业,
4,自定义值域代码,LY.00.95,医师执业范围,22,急救医学专业,
4,自定义值域代码,LY.00.95,医师执业范围,23,康复医学专业,
4,自定义值域代码,LY.00.95,医师执业范围,24,预防医学专业,
4,自定义值域代码,LY.00.95,医师执业范围,25,特种医学与军事医学专业,
4,自定义值域代码,LY.00.95,医师执业范围,26,计划生育技术服务专业,
4,自定义值域代码,LY.00.95,医师执业范围,28,重症医学科,
4,自定义值域代码,LY.00.95,医师执业范围,31,口腔科专业,
4,自定义值域代码,LY.00.95,医师执业范围,41,公共卫生类别专业,
4,自定义值域代码,LY.00.95,医师执业范围,51,中医专业,
4,自定义值域代码,LY.00.95,医师执业范围,52,中西医结合专业,
4,自定义值域代码,LY.00.95,医师执业范围,53,蒙医专业,
4,自定义值域代码,LY.00.95,医师执业范围,54,藏医专业,
4,自定义值域代码,LY.00.95,医师执业范围,55,维医专业,
4,自定义值域代码,LY.00.95,医师执业范围,56,傣医专业,
4,自定义值域代码,LY.00.95,医师执业范围,57,朝医专业,
4,自定义值域代码,LY.00.95,医师执业范围,58,壮医专业,
4,自定义值域代码,LY.00.95,医师执业范围,59,省级卫生行政部门规定的其他专业,
4,自定义值域代码,LY.00.96,药师执业范围,1,经营零售,
4,自定义值域代码,LY.00.96,药师执业范围,2,经营批发,
4,自定义值域代码,LY.00.96,药师执业范围,3,使用（卫生职称药师）,
4,自定义值域代码,LY.00.96,药师执业范围,4,生产,
4,自定义值域代码,LY.00.97,人员证件类型,23,准新生儿社保卡,
4,自定义值域代码,LY.00.97,人员证件类型,990201,医学出生证明,
4,自定义值域代码,LY.00.97,人员证件类型,990102,扶贫人口编码,
4,自定义值域代码,LY.00.97,人员证件类型,01,居民身份证（户口簿）,
4,自定义值域代码,LY.00.97,人员证件类型,02,中国人民解放军军官证,
4,自定义值域代码,LY.00.97,人员证件类型,03,中国人民武装警察警官证,
4,自定义值域代码,LY.00.97,人员证件类型,04,香港特区护照/港澳居民来往内地通行证,
4,自定义值域代码,LY.00.97,人员证件类型,05,澳门特区护照/港澳居民来往内地通行证,
4,自定义值域代码,LY.00.97,人员证件类型,06,台湾居民来往大陆通行证,
4,自定义值域代码,LY.00.97,人员证件类型,07,外国人永久居留证,
4,自定义值域代码,LY.00.97,人员证件类型,08,外国人护照,
4,自定义值域代码,LY.00.97,人员证件类型,09,残疾人证,
4,自定义值域代码,LY.00.97,人员证件类型,10,军烈属证明,
4,自定义值域代码,LY.00.97,人员证件类型,11,外国人就业证,
4,自定义值域代码,LY.00.97,人员证件类型,12,外国专家证,
4,自定义值域代码,LY.00.97,人员证件类型,13,外国人常驻记者证,
4,自定义值域代码,LY.00.97,人员证件类型,14,台港澳人员就业证,
4,自定义值域代码,LY.00.97,人员证件类型,15,回国（来华）定居专家证,
4,自定义值域代码,LY.00.97,人员证件类型,16,中国护照,
4,自定义值域代码,LY.00.97,人员证件类型,17,港澳台居民居住证,
4,自定义值域代码,LY.00.97,人员证件类型,90,社会保障卡,
4,自定义值域代码,LY.00.97,人员证件类型,99,其他身份证件,
4,自定义值域代码,LY.00.98,支付方式,1,现金,
4,自定义值域代码,LY.00.98,支付方式,2,支付宝,
4,自定义值域代码,LY.00.98,支付方式,3,微信,
4,自定义值域代码,LY.00.98,支付方式,4,银联,
4,自定义值域代码,LY.00.98,支付方式,9,其他,
4,自定义值域代码,LY.00.99,个人结算方式,01,按项目结算,
4,自定义值域代码,LY.00.99,个人结算方式,02,按定额结算,
4,自定义值域代码,LY.00.99,个人结算方式,204,按单病种结算（二倍定额）,
4,自定义值域代码,LY.00.99,个人结算方式,1001,单开项目结算（出血热、艾滋病、结核病）,
4,自定义值域代码,LY.00.99,个人结算方式,1002,艾滋病按项目结算,
4,自定义值域代码,LY.00.99,个人结算方式,1003,结核病按项目结算,
4,自定义值域代码,LY.00.99,个人结算方式,2003,按定额结算（二倍定额）,
4,自定义值域代码,LY.00.99,个人结算方式,2004,按定额结算（三倍定额）,
4,自定义值域代码,LY.00.99,个人结算方式,2005,按专科定额结算,
4,自定义值域代码,LY.00.99,个人结算方式,2006,按专科定额结算（二倍定额）,
4,自定义值域代码,LY.00.99,个人结算方式,2007,按专科定额结算（三倍定额）,
4,自定义值域代码,LY.00.99,个人结算方式,2008,按专科无定额结算,
4,自定义值域代码,LY.00.99,个人结算方式,9001,新冠结算,
4,自定义值域代码,LY.00.99,个人结算方式,9002,按床日结算,
4,自定义值域代码,LY.00.100,清算方式,1,按项目,
4,自定义值域代码,LY.00.100,清算方式,2,单病种,
4,自定义值域代码,LY.00.100,清算方式,3,按床日,
4,自定义值域代码,LY.00.100,清算方式,4,按人头,
4,自定义值域代码,LY.00.100,清算方式,5,中医优势病种,
4,自定义值域代码,LY.00.100,清算方式,6,按次均限额结算,
4,自定义值域代码,LY.00.100,清算方式,8,月定额结算,
4,自定义值域代码,LY.00.100,清算方式,9,其他,
4,自定义值域代码,LY.00.100,清算方式,16,门诊APG,
4,自定义值域代码,LY.00.100,清算方式,40,Drg支付方式,
4,自定义值域代码,LY.00.100,清算方式,50,Dip支付方式,
4,自定义值域代码,LY.00.100,清算方式,60,APG支付方式,
4,自定义值域代码,LY.00.100,清算方式,101,成居生育结算,
4,自定义值域代码,LY.00.100,清算方式,102,儿童三类疾病结算,
4,自定义值域代码,LY.00.100,清算方式,103,居民两病结算,
4,自定义值域代码,LY.00.100,清算方式,104,国家谈判药结算,
4,自定义值域代码,LY.00.100,清算方式,105,新型冠状病毒核酸检测结算,
4,自定义值域代码,LY.00.100,清算方式,106,意外伤害结算,
4,自定义值域代码,LY.00.100,清算方式,107,小儿推拿和针灸,
4,自定义值域代码,LY.00.100,清算方式,108,最高限价,
4,自定义值域代码,LY.00.100,清算方式,109,早诊早治,
4,自定义值域代码,LY.00.100,清算方式,110,免费用药,
4,自定义值域代码,LY.00.100,清算方式,111,门诊乙类慢性病,
4,自定义值域代码,LY.00.100,清算方式,201,多肿瘤标志物检测,
4,自定义值域代码,LY.00.100,清算方式,202,脑瘫孤独症,
4,自定义值域代码,LY.00.100,清算方式,203,日间手术,
4,自定义值域代码,LY.00.100,清算方式,204,尿毒症血液透析和组织器官移植,
4,自定义值域代码,LY.00.100,清算方式,301,癌症舒缓床日定额,
4,自定义值域代码,LY.00.100,清算方式,901,康复病组清算,
4,自定义值域代码,LY.00.100,清算方式,902,日间病床结算,
4,自定义值域代码,LY.00.100,清算方式,903,总额预付结算,
4,自定义值域代码,LY.00.100,清算方式,904,定额后付结算,
4,自定义值域代码,LY.00.100,清算方式,905,预付结算,
4,自定义值域代码,LY.00.100,清算方式,907,限额支付结算,
4,自定义值域代码,LY.00.100,清算方式,908,按病种分值,
4,自定义值域代码,LY.00.100,清算方式,909,按期间定额,
4,自定义值域代码,LY.00.100,清算方式,915,次均定额结算,
4,自定义值域代码,LY.00.100,清算方式,991,单开项目结算（出血热、艾滋病、结核病）,
4,自定义值域代码,LY.00.100,清算方式,992,新冠结算,
4,自定义值域代码,LY.00.100,清算方式,994,按定额结算（二倍定额）,
4,自定义值域代码,LY.00.100,清算方式,996,按专科定额结算,
4,自定义值域代码,LY.00.100,清算方式,997,按专科定额结算（二倍定额）,
4,自定义值域代码,LY.00.100,清算方式,999,按专科无定额结算,
4,自定义值域代码,LY.00.101,清算类别,1,医疗费用,
4,自定义值域代码,LY.00.101,清算类别,2,预留金费用,
4,自定义值域代码,LY.00.101,清算类别,3,共济费用,
4,自定义值域代码,LY.00.101,清算类别,6,市内省内共济费用,
4,自定义值域代码,LY.00.102,零星报销原因,01,一般报销,
4,自定义值域代码,LY.00.102,零星报销原因,02,定点无卡就医,
4,自定义值域代码,LY.00.102,零星报销原因,03,异地就诊,
4,自定义值域代码,LY.00.102,零星报销原因,04,急救抢救,
4,自定义值域代码,LY.00.102,零星报销原因,05,异地转诊转院,
4,自定义值域代码,LY.00.102,零星报销原因,06,医疗救助补报销,
4,自定义值域代码,LY.00.102,零星报销原因,07,院前检查报销,
4,自定义值域代码,LY.00.102,零星报销原因,08,年度内二次报销,
4,自定义值域代码,LY.00.102,零星报销原因,09,零星二次补差,
4,自定义值域代码,LY.00.102,零星报销原因,10,零星二次批量补差,
4,自定义值域代码,LY.00.102,零星报销原因,6,跨险种结算出院,
4,自定义值域代码,LY.00.102,零星报销原因,99,其他,
4,自定义值域代码,LY.00.102,零星报销原因,9901,临时外出,
4,自定义值域代码,LY.00.102,零星报销原因,9919,自行就医,
4,自定义值域代码,LY.00.102,零星报销原因,9921,转诊,
4,自定义值域代码,LY.00.102,零星报销原因,9922,市内住院,
4,自定义值域代码,LY.00.102,零星报销原因,9927,急诊转住院不收起付线,
4,自定义值域代码,LY.00.102,零星报销原因,9957,跨省双通道药品报销,
4,自定义值域代码,LY.00.102,零星报销原因,9960,医疗照顾人员补报销,
4,自定义值域代码,LY.00.102,零星报销原因,9961,特殊困难人员医疗补助,
4,自定义值域代码,LY.00.102,零星报销原因,9962,社会化管理的建国前老工人补报销,
4,自定义值域代码,LY.00.102,零星报销原因,9963,补充医疗救助上半年报销,
4,自定义值域代码,LY.00.102,零星报销原因,9964,补充医疗救助下半年报销,
4,自定义值域代码,LY.00.102,零星报销原因,9965,支出型困难家庭救助补报销,
4,自定义值域代码,LY.00.102,零星报销原因,9966,视同转院,
4,自定义值域代码,LY.00.102,零星报销原因,9967,外配处方,
4,自定义值域代码,LY.00.102,零星报销原因,9970,起付线减半,
4,自定义值域代码,LY.00.102,零星报销原因,9971,出院待结算期间就医,
4,自定义值域代码,LY.00.102,零星报销原因,9972,在职转退补差,
4,自定义值域代码,LY.00.102,零星报销原因,9973,公疗补助补差,
4,自定义值域代码,LY.00.102,零星报销原因,9974,精神病住院按床日,
4,自定义值域代码,LY.00.103,学校类型,10,托幼机构,
4,自定义值域代码,LY.00.103,学校类型,11,托儿所,
4,自定义值域代码,LY.00.103,学校类型,12,幼儿园,
4,自定义值域代码,LY.00.103,学校类型,20,中小学,
4,自定义值域代码,LY.00.103,学校类型,21,小学,
4,自定义值域代码,LY.00.103,学校类型,22,初中,
4,自定义值域代码,LY.00.103,学校类型,23,普通高中,
4,自定义值域代码,LY.00.103,学校类型,30,中等职业学校,
4,自定义值域代码,LY.00.103,学校类型,40,高等学校,
4,自定义值域代码,LY.00.103,学校类型,800,特殊教育学校,
4,自定义值域代码,LY.00.103,学校类型,801,普通中等学校,
4,自定义值域代码,LY.00.103,学校类型,802,普通中等专业学校,
4,自定义值域代码,LY.00.103,学校类型,803,普通艺术学校,
4,自定义值域代码,LY.00.103,学校类型,804,普通中等师范学校,
4,自定义值域代码,LY.00.103,学校类型,805,技工学校,
4,自定义值域代码,LY.00.103,学校类型,806,普通中学,
4,自定义值域代码,LY.00.103,学校类型,807,普通初中,
4,自定义值域代码,LY.00.103,学校类型,808,职业高中,
4,自定义值域代码,LY.00.103,学校类型,809,工读学校,
4,自定义值域代码,LY.00.103,学校类型,810,普通高等学校,
4,自定义值域代码,LY.00.103,学校类型,991,大中专院校,
4,自定义值域代码,LY.00.103,学校类型,50,综合类学,
4,自定义值域代码,LY.00.103,学校类型,99,其它,
4,自定义值域代码,LY.00.104,学校性质,1,公办,
4,自定义值域代码,LY.00.104,学校性质,2,民办,
4,自定义值域代码,LY.00.104,学校性质,3,部属,
4,自定义值域代码,LY.00.104,学校性质,4,省属,
4,自定义值域代码,LY.00.105,结算类型,1,中心报销,
4,自定义值域代码,LY.00.105,结算类型,2,联网结算,
4,自定义值域代码,LY.00.105,结算类型,3,补充报销,
4,自定义值域代码,LY.00.105,结算类型,4,委托报销,
4,自定义值域代码,LY.00.105,结算类型,5,退费报销,
4,自定义值域代码,LY.00.105,结算类型,6,处方流转,
4,自定义值域代码,LY.00.106,生产地类别,1,国内,
4,自定义值域代码,LY.00.106,生产地类别,2,进口,
4,自定义值域代码,LY.00.107,检查类型,01,计算机X 线断层摄影,CT
4,自定义值域代码,LY.00.107,检查类型,02,核磁共振成像,MR
4,自定义值域代码,LY.00.107,检查类型,03,数字减影血管造影,DSA
4,自定义值域代码,LY.00.107,检查类型,04,普通X 光摄影,X-Ray
4,自定义值域代码,LY.00.107,检查类型,05,特殊X 光摄影,X-Ray
4,自定义值域代码,LY.00.107,检查类型,06,超声检查,US
4,自定义值域代码,LY.00.107,检查类型,07,病理检查,Microsopy
4,自定义值域代码,LY.00.107,检查类型,08,內镜检查,ES
4,自定义值域代码,LY.00.107,检查类型,09,核医学检查,NM
4,自定义值域代码,LY.00.107,检查类型,10,其他检查,OT
4,自定义值域代码,LY.00.108,医院医疗专业设备编码目录,AU,音频,
4,自定义值域代码,LY.00.108,医院医疗专业设备编码目录,BI,生物磁场成像,
4,自定义值域代码,LY.00.108,医院医疗专业设备编码目录,CD,彩色多普勒,
4,自定义值域代码,LY.00.108,医院医疗专业设备编码目录,CR,计算机放射成像,
4,自定义值域代码,LY.00.108,医院医疗专业设备编码目录,CT,计算机断层摄影,
4,自定义值域代码,LY.00.108,医院医疗专业设备编码目录,DD,双多普勒超声,
4,自定义值域代码,LY.00.108,医院医疗专业设备编码目录,DG,玻璃透视成像(一种透过一片玻璃进行观察和描绘对象的工具),
4,自定义值域代码,LY.00.108,医院医疗专业设备编码目录,DX,数字X光,
4,自定义值域代码,LY.00.108,医院医疗专业设备编码目录,ECG,电子心电图,
4,自定义值域代码,LY.00.108,医院医疗专业设备编码目录,ES,内窥镜,
4,自定义值域代码,LY.00.108,医院医疗专业设备编码目录,EPS,心脏电生理学,
4,自定义值域代码,LY.00.108,医院医疗专业设备编码目录,GM,普通显微镜,
4,自定义值域代码,LY.00.108,医院医疗专业设备编码目录,HC,硬拷贝,
4,自定义值域代码,LY.00.108,医院医疗专业设备编码目录,HD,血液动力波形,
4,自定义值域代码,LY.00.108,医院医疗专业设备编码目录,IO,口腔内部放射图像,
4,自定义值域代码,LY.00.108,医院医疗专业设备编码目录,IVUS,血管内部超声,
4,自定义值域代码,LY.00.108,医院医疗专业设备编码目录,LS,激光表面扫描,
4,自定义值域代码,LY.00.108,医院医疗专业设备编码目录,MA,磁共振血管造影,
4,自定义值域代码,LY.00.108,医院医疗专业设备编码目录,MS,磁共振波谱,
4,自定义值域代码,LY.00.108,医院医疗专业设备编码目录,MG,乳房X光成像,
4,自定义值域代码,LY.00.108,医院医疗专业设备编码目录,MR,磁共振,
4,自定义值域代码,LY.00.108,医院医疗专业设备编码目录,NM,核医学,
4,自定义值域代码,LY.00.108,医院医疗专业设备编码目录,OT,其他,
4,自定义值域代码,LY.00.108,医院医疗专业设备编码目录,PX,全景X光,
4,自定义值域代码,LY.00.108,医院医疗专业设备编码目录,PR,呈现状态,
4,自定义值域代码,LY.00.108,医院医疗专业设备编码目录,PT,正电子发射断层摄影,
4,自定义值域代码,LY.00.108,医院医疗专业设备编码目录,RG,放射成像(传统胶片/显示屏),
4,自定义值域代码,LY.00.108,医院医疗专业设备编码目录,RF,无线荧光透视,
4,自定义值域代码,LY.00.108,医院医疗专业设备编码目录,RTIMAGE,放射治疗剂量,
4,自定义值域代码,LY.00.108,医院医疗专业设备编码目录,RTSTRUCT,放射治疗结构装置,
4,自定义值域代码,LY.00.108,医院医疗专业设备编码目录,RTPLAN,放射治疗计划,
4,自定义值域代码,LY.00.108,医院医疗专业设备编码目录,RTRECORD,放射性同位素指示剂治疗记录,
4,自定义值域代码,LY.00.108,医院医疗专业设备编码目录,SM,幻灯片显微镜,
4,自定义值域代码,LY.00.108,医院医疗专业设备编码目录,SR,结构化报告,
4,自定义值域代码,LY.00.108,医院医疗专业设备编码目录,ST,单光子发射计算机断层摄影,
4,自定义值域代码,LY.00.108,医院医疗专业设备编码目录,TG,温度记录(红外照相机测量身体表面温度变化的诊断技术，产生图像显示异常生长组织的位置),
4,自定义值域代码,LY.00.108,医院医疗专业设备编码目录,US,超声,
4,自定义值域代码,LY.00.108,医院医疗专业设备编码目录,XA,X光血管造影,
4,自定义值域代码,LY.00.108,医院医疗专业设备编码目录,XC,摄影机外部摄影,
4,自定义值域代码,LY.00.109,医嘱大类,1,护理,国家最小集
4,自定义值域代码,LY.00.109,医嘱大类,2,饮食,国家最小集
4,自定义值域代码,LY.00.109,医嘱大类,16,治疗(收费),国家最小集
4,自定义值域代码,LY.00.109,医嘱大类,3,治疗(处置),国家最小集
4,自定义值域代码,LY.00.109,医嘱大类,4,手术,国家最小集
4,自定义值域代码,LY.00.109,医嘱大类,MZ,麻醉,国家最小集
4,自定义值域代码,LY.00.109,医嘱大类,5,检验,国家最小集
4,自定义值域代码,LY.00.109,医嘱大类,6,临床检查,国家最小集
4,自定义值域代码,LY.00.109,医嘱大类,7,转移,国家最小集
4,自定义值域代码,LY.00.109,医嘱大类,8,医嘱套,国家最小集
4,自定义值域代码,LY.00.109,医嘱大类,10,普通费用,国家最小集
4,自定义值域代码,LY.00.109,医嘱大类,11,消耗材料,国家最小集
4,自定义值域代码,LY.00.109,医嘱大类,13,HIDE,国家最小集
4,自定义值域代码,LY.00.109,医嘱大类,FS,放射,国家最小集
4,自定义值域代码,LY.00.109,医嘱大类,HYX,核医学,国家最小集
4,自定义值域代码,LY.00.109,医嘱大类,ZLFL,肿瘤放疗,国家最小集
4,自定义值域代码,LY.00.109,医嘱大类,XYTX,血液透析,国家最小集
4,自定义值域代码,LY.00.109,医嘱大类,9,口腔,国家最小集
4,自定义值域代码,LY.00.109,医嘱大类,12,收费处费用,国家最小集
4,自定义值域代码,LY.00.109,医嘱大类,15,无费用,国家最小集
4,自定义值域代码,LY.00.109,医嘱大类,TJ,体检,国家最小集
4,自定义值域代码,LY.00.109,医嘱大类,HQWZ,后勤物资,国家最小集
4,自定义值域代码,LY.00.109,医嘱大类,BJFHC,不计费耗材,国家最小集
4,自定义值域代码,LY.00.109,医嘱大类,17,材料(纯自费),国家最小集
4,自定义值域代码,LY.00.109,医嘱大类,C01,西药,国家最小集
4,自定义值域代码,LY.00.109,医嘱大类,C02,中成药,国家最小集
4,自定义值域代码,LY.00.109,医嘱大类,C03,中药饮片,国家最小集
4,自定义值域代码,LY.00.109,医嘱大类,C04,研究型病房,国家最小集
4,自定义值域代码,LY.00.110,医嘱子类,1010,护理常规,国家最小集
4,自定义值域代码,LY.00.110,医嘱子类,1020,临床观察,国家最小集
4,自定义值域代码,LY.00.110,医嘱子类,1040,体位,国家最小集
4,自定义值域代码,LY.00.110,医嘱子类,1050,特护,国家最小集
4,自定义值域代码,LY.00.110,医嘱子类,2010,饮食,国家最小集
4,自定义值域代码,LY.00.110,医嘱子类,3010,通科治疗,国家最小集
4,自定义值域代码,LY.00.110,医嘱子类,3020,换药,国家最小集
4,自定义值域代码,LY.00.110,医嘱子类,3030,穿刺,国家最小集
4,自定义值域代码,LY.00.110,医嘱子类,3040,封闭,国家最小集
4,自定义值域代码,LY.00.110,医嘱子类,3050,尸体处理,国家最小集
4,自定义值域代码,LY.00.110,医嘱子类,3060,眼科治疗,国家最小集
4,自定义值域代码,LY.00.110,医嘱子类,3070,耳鼻喉治疗,国家最小集
4,自定义值域代码,LY.00.110,医嘱子类,3080,妇科治疗,国家最小集
4,自定义值域代码,LY.00.110,医嘱子类,3090,皮科治疗,国家最小集
4,自定义值域代码,LY.00.110,医嘱子类,3100,精神治疗,国家最小集
4,自定义值域代码,LY.00.110,医嘱子类,3110,激光治疗,国家最小集
4,自定义值域代码,LY.00.110,医嘱子类,3120,泌尿治疗,国家最小集
4,自定义值域代码,LY.00.110,医嘱子类,3130,中医治疗,国家最小集
4,自定义值域代码,LY.00.110,医嘱子类,3140,门诊常规输液,国家最小集
4,自定义值域代码,LY.00.110,医嘱子类,3150,家庭病床,国家最小集
4,自定义值域代码,LY.00.110,医嘱子类,3160,理疗康复,国家最小集
4,自定义值域代码,LY.00.110,医嘱子类,3170,心电监护,国家最小集
4,自定义值域代码,LY.00.110,医嘱子类,3180,呼吸机,国家最小集
4,自定义值域代码,LY.00.110,医嘱子类,3190,氧气吸入,国家最小集
4,自定义值域代码,LY.00.110,医嘱子类,4010,手术,国家最小集
4,自定义值域代码,LY.00.110,医嘱子类,4030,介入手术,国家最小集
4,自定义值域代码,LY.00.110,医嘱子类,4040,心内介入手术,国家最小集
4,自定义值域代码,LY.00.110,医嘱子类,5010,麻醉,国家最小集
4,自定义值域代码,LY.00.110,医嘱子类,6010,临检室,国家最小集
4,自定义值域代码,LY.00.110,医嘱子类,6020,国际医疗部检验,国家最小集
4,自定义值域代码,LY.00.110,医嘱子类,6030,急诊临检,国家最小集
4,自定义值域代码,LY.00.110,医嘱子类,6040,病房临检,国家最小集
4,自定义值域代码,LY.00.110,医嘱子类,6050,生化,国家最小集
4,自定义值域代码,LY.00.110,医嘱子类,6060,微生物,国家最小集
4,自定义值域代码,LY.00.110,医嘱子类,6070,热带病,国家最小集
4,自定义值域代码,LY.00.110,医嘱子类,6080,放免,国家最小集
4,自定义值域代码,LY.00.110,医嘱子类,6090,血液配型,国家最小集
4,自定义值域代码,LY.00.110,医嘱子类,6100,心内实验,国家最小集
4,自定义值域代码,LY.00.110,医嘱子类,6110,呼吸实验,国家最小集
4,自定义值域代码,LY.00.110,医嘱子类,6120,血液,国家最小集
4,自定义值域代码,LY.00.110,医嘱子类,6130,血清,国家最小集
4,自定义值域代码,LY.00.110,医嘱子类,6140,儿科化验,国家最小集
4,自定义值域代码,LY.00.110,医嘱子类,6150,感染实验T,国家最小集
4,自定义值域代码,LY.00.110,医嘱子类,6160,内分泌实验T,国家最小集
4,自定义值域代码,LY.00.110,医嘱子类,6170,血液实验,国家最小集
4,自定义值域代码,LY.00.110,医嘱子类,6180,自免室,国家最小集
4,自定义值域代码,LY.00.110,医嘱子类,6190,药剂科实验T,国家最小集
4,自定义值域代码,LY.00.110,医嘱子类,6200,肝病中心,国家最小集
4,自定义值域代码,LY.00.110,医嘱子类,6210,肾内实验T,国家最小集
4,自定义值域代码,LY.00.110,医嘱子类,6220,血库,国家最小集
4,自定义值域代码,LY.00.110,医嘱子类,6230,神内实验T,国家最小集
4,自定义值域代码,LY.00.110,医嘱子类,6240,耳鼻喉实验,国家最小集
4,自定义值域代码,LY.00.110,医嘱子类,6250,妇科实验,国家最小集
4,自定义值域代码,LY.00.110,医嘱子类,PATHOLOGY,病理,国家最小集
4,自定义值域代码,LY.00.110,医嘱子类,7010,血费,国家最小集
4,自定义值域代码,LY.00.110,医嘱子类,8010,会诊,国家最小集
4,自定义值域代码,LY.00.110,医嘱子类,8020,转科,国家最小集
4,自定义值域代码,LY.00.110,医嘱子类,8030,出院,国家最小集
4,自定义值域代码,LY.00.110,医嘱子类,9010,临床医嘱套,国家最小集
4,自定义值域代码,LY.00.110,医嘱子类,9020,费用医嘱套,国家最小集
4,自定义值域代码,LY.00.110,医嘱子类,10010,床位费,国家最小集
4,自定义值域代码,LY.00.110,医嘱子类,10020,诊疗费,国家最小集
4,自定义值域代码,LY.00.110,医嘱子类,10030,挂号费,国家最小集
4,自定义值域代码,LY.00.110,医嘱子类,10040,陪住费,国家最小集
4,自定义值域代码,LY.00.110,医嘱子类,10050,取暖费,国家最小集
4,自定义值域代码,LY.00.110,医嘱子类,10060,救护车,国家最小集
4,自定义值域代码,LY.00.110,医嘱子类,11010,一次性材料,国家最小集
4,自定义值域代码,LY.00.110,医嘱子类,11020,消耗材料,国家最小集
4,自定义值域代码,LY.00.110,医嘱子类,11030,卫生材料,国家最小集
4,自定义值域代码,LY.00.110,医嘱子类,11040,小型器械,国家最小集
4,自定义值域代码,LY.00.110,医嘱子类,11050,化学试剂,国家最小集
4,自定义值域代码,LY.00.110,医嘱子类,11060,直发,国家最小集
4,自定义值域代码,LY.00.110,医嘱子类,13010,HIDE,国家最小集
4,自定义值域代码,LY.00.110,医嘱子类,17010,通科检查,国家最小集
4,自定义值域代码,LY.00.110,医嘱子类,17020,红外线检查,国家最小集
4,自定义值域代码,LY.00.110,医嘱子类,17030,泌尿检查,国家最小集
4,自定义值域代码,LY.00.110,医嘱子类,17040,眼科检查,国家最小集
4,自定义值域代码,LY.00.110,医嘱子类,17060,妇科检查,国家最小集
4,自定义值域代码,LY.00.110,医嘱子类,17070,肺功能,国家最小集
4,自定义值域代码,LY.00.110,医嘱子类,17080,超声波检查,国家最小集
4,自定义值域代码,LY.00.110,医嘱子类,17090,超声心动图,国家最小集
4,自定义值域代码,LY.00.110,医嘱子类,17100,运动试验,国家最小集
4,自定义值域代码,LY.00.110,医嘱子类,17110,倾斜实验,国家最小集
4,自定义值域代码,LY.00.110,医嘱子类,17120,动态心电图,国家最小集
4,自定义值域代码,LY.00.110,医嘱子类,17130,遥测心电图,国家最小集
4,自定义值域代码,LY.00.110,医嘱子类,17140,心电图,国家最小集
4,自定义值域代码,LY.00.110,医嘱子类,17150,脑电图,国家最小集
4,自定义值域代码,LY.00.110,医嘱子类,17160,肌电图,国家最小集
4,自定义值域代码,LY.00.110,医嘱子类,17170,活检,国家最小集
4,自定义值域代码,LY.00.110,医嘱子类,17180,内镜,国家最小集
4,自定义值域代码,LY.00.110,医嘱子类,17190,精神检查,国家最小集
4,自定义值域代码,LY.00.110,医嘱子类,17200,骨密度,国家最小集
4,自定义值域代码,LY.00.110,医嘱子类,17210,睡眠呼吸,国家最小集
4,自定义值域代码,LY.00.110,医嘱子类,18010,普通放射,国家最小集
4,自定义值域代码,LY.00.110,医嘱子类,18020,CT,国家最小集
4,自定义值域代码,LY.00.110,医嘱子类,18030,MRI,国家最小集
4,自定义值域代码,LY.00.110,医嘱子类,19010,核医学,国家最小集
4,自定义值域代码,LY.00.110,医嘱子类,20010,肿瘤放疗,国家最小集
4,自定义值域代码,LY.00.110,医嘱子类,21010,血液透析,国家最小集
4,自定义值域代码,LY.00.110,医嘱子类,22010,口腔内儿科,国家最小集
4,自定义值域代码,LY.00.110,医嘱子类,22020,口腔修复,国家最小集
4,自定义值域代码,LY.00.110,医嘱子类,22030,口腔正畸,国家最小集
4,自定义值域代码,LY.00.110,医嘱子类,22040,颌面外科,国家最小集
4,自定义值域代码,LY.00.110,医嘱子类,3200,中医针灸,国家最小集
4,自定义值域代码,LY.00.110,医嘱子类,17220,皮科检查,国家最小集
4,自定义值域代码,LY.00.110,医嘱子类,17230,耳鼻喉检查,国家最小集
4,自定义值域代码,LY.00.110,医嘱子类,29000,收费处费用,国家最小集
4,自定义值域代码,LY.00.110,医嘱子类,6270,皮科实验T,国家最小集
4,自定义值域代码,LY.00.110,医嘱子类,6280,细菌,国家最小集
4,自定义值域代码,LY.00.110,医嘱子类,6290,化验,国家最小集
4,自定义值域代码,LY.00.110,医嘱子类,22050,口腔（定价）,国家最小集
4,自定义值域代码,LY.00.110,医嘱子类,4020,手术(划价),国家最小集
4,自定义值域代码,LY.00.110,医嘱子类,29010,注射(统计),国家最小集
4,自定义值域代码,LY.00.110,医嘱子类,29020,其它(统计),国家最小集
4,自定义值域代码,LY.00.110,医嘱子类,29030,住院(统计),国家最小集
4,自定义值域代码,LY.00.110,医嘱子类,19020,核医学专科用药,国家最小集
4,自定义值域代码,LY.00.110,医嘱子类,22060,口腔放射,国家最小集
4,自定义值域代码,LY.00.110,医嘱子类,6291,POCT床旁,国家最小集
4,自定义值域代码,LY.00.110,医嘱子类,18011,普通放射（非定价）,国家最小集
4,自定义值域代码,LY.00.110,医嘱子类,29040,漏费查询,国家最小集
4,自定义值域代码,LY.00.110,医嘱子类,3011,处置治疗,国家最小集
4,自定义值域代码,LY.00.110,医嘱子类,17240,特需检查,国家最小集
4,自定义值域代码,LY.00.110,医嘱子类,6281,细菌费,国家最小集
4,自定义值域代码,LY.00.110,医嘱子类,7011,血费（计价）,国家最小集
4,自定义值域代码,LY.00.110,医嘱子类,6292,血气室,国家最小集
4,自定义值域代码,LY.00.110,医嘱子类,17181,支气管镜,国家最小集
4,自定义值域代码,LY.00.110,医嘱子类,3250,呼吸科治疗,国家最小集
4,自定义值域代码,LY.00.110,医嘱子类,PE01,体检,国家最小集
4,自定义值域代码,LY.00.110,医嘱子类,30010,医保检验,国家最小集
4,自定义值域代码,LY.00.110,医嘱子类,17071,肺功能(本部),国家最小集
4,自定义值域代码,LY.00.110,医嘱子类,17041,眼科检查(本部),国家最小集
4,自定义值域代码,LY.00.110,医嘱子类,17061,妇科检查(本部),国家最小集
4,自定义值域代码,LY.00.110,医嘱子类,6071,病毒室,国家最小集
4,自定义值域代码,LY.00.110,医嘱子类,6282,分子诊断室,国家最小集
4,自定义值域代码,LY.00.110,医嘱子类,30011,Consultation,国家最小集
4,自定义值域代码,LY.00.110,医嘱子类,DTXD,动态心电,国家最小集
4,自定义值域代码,LY.00.110,医嘱子类,JXXD,静息心电,国家最小集
4,自定义值域代码,LY.00.110,医嘱子类,YDXD,运动心电,国家最小集
4,自定义值域代码,LY.00.110,医嘱子类,BGYP,办公用品,国家最小集
4,自定义值域代码,LY.00.110,医嘱子类,29041,检验外送,国家最小集
4,自定义值域代码,LY.00.110,医嘱子类,1030,其他护理,国家最小集
4,自定义值域代码,LY.00.110,医嘱子类,90101,干保检验医嘱套,国家最小集
4,自定义值域代码,LY.00.110,医嘱子类,90102,本部检验医嘱套,国家最小集
4,自定义值域代码,LY.00.110,医嘱子类,A1,放射预约,国家最小集
4,自定义值域代码,LY.00.110,医嘱子类,A2,内镜预约,国家最小集
4,自定义值域代码,LY.00.110,医嘱子类,A3,心电图预约,国家最小集
4,自定义值域代码,LY.00.110,医嘱子类,A4,超声预约,国家最小集
4,自定义值域代码,LY.00.110,医嘱子类,BJFHC,不计费耗材,国家最小集
4,自定义值域代码,LY.00.110,医嘱子类,QGJ,气管镜,国家最小集
4,自定义值域代码,LY.00.110,医嘱子类,6293,副中心检验,国家最小集
4,自定义值域代码,LY.00.110,医嘱子类,90103,副中心检验医嘱套,国家最小集
4,自定义值域代码,LY.00.110,医嘱子类,6094,通州临检,国家最小集
4,自定义值域代码,LY.00.110,医嘱子类,6095,通州生化,国家最小集
4,自定义值域代码,LY.00.110,医嘱子类,6096,通州微生物,国家最小集
4,自定义值域代码,LY.00.110,医嘱子类,90104,通州检验医嘱套1,国家最小集
4,自定义值域代码,LY.00.110,医嘱子类,90105,西城检验医嘱套,国家最小集
4,自定义值域代码,LY.00.110,医嘱子类,6097,通州血液,国家最小集
4,自定义值域代码,LY.00.110,医嘱子类,90106,通州检验医嘱套2,国家最小集
4,自定义值域代码,LY.00.110,医嘱子类,6098,通州输血科,国家最小集
4,自定义值域代码,LY.00.110,医嘱子类,GJYLTJCSXD,国际医疗中心体检超声心动,国家最小集
4,自定义值域代码,LY.00.110,医嘱子类,YKJCSQ,眼科检查申请,国家最小集
4,自定义值域代码,LY.00.110,医嘱子类,CSJCSQMZ,超声检查申请门诊,国家最小集
4,自定义值域代码,LY.00.110,医嘱子类,CSJCSQZY,超声检查申请住院,国家最小集
4,自定义值域代码,LY.00.110,医嘱子类,NJJCSQ,内镜检查申请,国家最小集
4,自定义值域代码,LY.00.110,医嘱子类,HYXJCSQ,核医学检查申请,国家最小集
4,自定义值域代码,LY.00.110,医嘱子类,FSJCSQ,放射检查申请,国家最小集
4,自定义值域代码,LY.00.110,医嘱子类,6093,通州发热,国家最小集
4,自定义值域代码,LY.00.110,医嘱子类,6092,西城发热,国家最小集
4,自定义值域代码,LY.00.110,医嘱子类,FKGQJJC,妇科宫腔镜检查申请,国家最小集
4,自定义值域代码,LY.00.110,医嘱子类,6099,通州新冠,国家最小集
4,自定义值域代码,LY.00.110,医嘱子类,KQJCSQ,口腔影像检查申请(开单计费),国家最小集
4,自定义值域代码,LY.00.110,医嘱子类,XGWKDSA,血管外科DSA检查申请,国家最小集
4,自定义值域代码,LY.00.110,医嘱子类,3012,处置治疗OP,国家最小集
4,自定义值域代码,LY.00.110,医嘱子类,11070,材料(纯自费),国家最小集
4,自定义值域代码,LY.00.110,医嘱子类,17011,通科检查(神内),国家最小集
4,自定义值域代码,LY.00.110,医嘱子类,17012,通科检查(心内),国家最小集
4,自定义值域代码,LY.00.110,医嘱子类,YDJJCSQ,阴道镜检查申请,国家最小集
4,自定义值域代码,LY.00.110,医嘱子类,GBJC,肝病检查,国家最小集
4,自定义值域代码,LY.00.110,医嘱子类,NXLT,脑血流图检查申请,国家最小集
4,自定义值域代码,LY.00.110,医嘱子类,TJYZT,体检医嘱套,国家最小集
4,自定义值域代码,LY.00.110,医嘱子类,XY001,专科用药,国家最小集
4,自定义值域代码,LY.00.110,医嘱子类,XY002,儿科用药,国家最小集
4,自定义值域代码,LY.00.110,医嘱子类,XY003,口服药,国家最小集
4,自定义值域代码,LY.00.110,医嘱子类,XY004,针剂,国家最小集
4,自定义值域代码,LY.00.110,医嘱子类,XY005,输液,国家最小集
4,自定义值域代码,LY.00.110,医嘱子类,XY006,外用药,国家最小集
4,自定义值域代码,LY.00.110,医嘱子类,XY007,原料药,国家最小集
4,自定义值域代码,LY.00.110,医嘱子类,XY008,其它药物,国家最小集
4,自定义值域代码,LY.00.110,医嘱子类,XY009,中成药针剂,国家最小集
4,自定义值域代码,LY.00.110,医嘱子类,XY010,科研药品,国家最小集
4,自定义值域代码,LY.00.110,医嘱子类,XY011,特殊用药(全自付),国家最小集
4,自定义值域代码,LY.00.110,医嘱子类,XY012,外购用药,国家最小集
4,自定义值域代码,LY.00.110,医嘱子类,XY013,外购处方自费,国家最小集
4,自定义值域代码,LY.00.110,医嘱子类,ZCY001,中成药,国家最小集
4,自定义值域代码,LY.00.110,医嘱子类,ZYYP001,中草药,国家最小集
4,自定义值域代码,LY.00.110,医嘱子类,ZCY002,外购用药(中成药),国家最小集
4,自定义值域代码,LY.00.110,医嘱子类,ZCY003,外购处方自费(中成药),国家最小集
4,自定义值域代码,LY.00.110,医嘱子类,122501,MRI(开单计费),国家最小集
4,自定义值域代码,LY.00.110,医嘱子类,122502,CT(开单计费),国家最小集
4,自定义值域代码,LY.00.110,医嘱子类,122503,普通放射(开单计费),国家最小集
4,自定义值域代码,LY.00.110,医嘱子类,122504,病理(开单计费),国家最小集
4,自定义值域代码,LY.00.110,医嘱子类,122505,超声波检查(开单计费),国家最小集
4,自定义值域代码,LY.00.110,医嘱子类,122506,超声心动图(开单计费),国家最小集
4,自定义值域代码,LY.00.110,医嘱子类,122507,动态心电图(开单计费),国家最小集
4,自定义值域代码,LY.00.110,医嘱子类,122508,耳鼻喉检查(开单计费),国家最小集
4,自定义值域代码,LY.00.110,医嘱子类,122509,肺功能(开单计费),国家最小集
4,自定义值域代码,LY.00.110,医嘱子类,122510,骨密度(开单计费),国家最小集
4,自定义值域代码,LY.00.110,医嘱子类,122511,红外线检查(开单计费),国家最小集
4,自定义值域代码,LY.00.110,医嘱子类,122512,肌电图(开单计费),国家最小集
4,自定义值域代码,LY.00.110,医嘱子类,122513,精神检查(开单计费),国家最小集
4,自定义值域代码,LY.00.110,医嘱子类,122514,静息心电(开单计费),国家最小集
4,自定义值域代码,LY.00.110,医嘱子类,122515,泌尿检查(开单计费),国家最小集
4,自定义值域代码,LY.00.110,医嘱子类,122516,脑电图(开单计费),国家最小集
4,自定义值域代码,LY.00.110,医嘱子类,122517,内镜(开单计费),国家最小集
4,自定义值域代码,LY.00.110,医嘱子类,122518,皮科检查(开单计费),国家最小集
4,自定义值域代码,LY.00.110,医嘱子类,122519,睡眠呼吸(开单计费),国家最小集
4,自定义值域代码,LY.00.110,医嘱子类,122520,特需检查(开单计费),国家最小集
4,自定义值域代码,LY.00.110,医嘱子类,122521,通科检查(开单计费),国家最小集
4,自定义值域代码,LY.00.110,医嘱子类,122522,心电图(开单计费),国家最小集
4,自定义值域代码,LY.00.110,医嘱子类,122523,眼科检查(开单计费),国家最小集
4,自定义值域代码,LY.00.110,医嘱子类,122524,阴道镜检查申请(开单计费),国家最小集
4,自定义值域代码,LY.00.110,医嘱子类,122525,运动试验(开单计费),国家最小集
4,自定义值域代码,LY.00.110,医嘱子类,122526,支气管镜(开单计费),国家最小集
4,自定义值域代码,LY.00.110,医嘱子类,JYHS,检验互送,国家最小集
4,自定义值域代码,LY.00.110,医嘱子类,SY001,顺义生免,国家最小集
4,自定义值域代码,LY.00.110,医嘱子类,SY002,顺义微分,国家最小集
4,自定义值域代码,LY.00.110,医嘱子类,SY003,顺义血液,国家最小集
4,自定义值域代码,LY.00.110,医嘱子类,SY004,顺义临检,国家最小集
4,自定义值域代码,LY.00.110,医嘱子类,SY005,顺义儿化,国家最小集
4,自定义值域代码,LY.00.110,医嘱子类,SY006,顺义发热,国家最小集
4,自定义值域代码,LY.00.110,医嘱子类,SY007,顺义核酸,国家最小集
4,自定义值域代码,LY.00.110,医嘱子类,SY008,顺义输血,国家最小集
4,自定义值域代码,LY.00.110,医嘱子类,122527,草药医嘱套,国家最小集
4,自定义值域代码,LY.00.110,医嘱子类,XY014,双通道药品,国家最小集
4,自定义值域代码,LY.00.110,医嘱子类,YJXBF,研究型病房,国家最小集
4,自定义值域代码,LY.00.117,入院途径,1,门诊,国家最小集
4,自定义值域代码,LY.00.117,入院途径,2,急诊,国家最小集
4,自定义值域代码,LY.00.117,入院途径,3,其他医疗机构转入,国家最小集
4,自定义值域代码,LY.00.117,入院途径,9,其他,国家最小集
4,自定义值域代码,LY.00.120,预约途径,1,窗口预约,国家最小集
4,自定义值域代码,LY.00.120,预约途径,2,自助机预约,国家最小集
4,自定义值域代码,LY.00.120,预约途径,3,诊间预约,国家最小集
4,自定义值域代码,LY.00.120,预约途径,4,线上预约（APP、114、小程序等）,国家最小集
4,自定义值域代码,LY.00.120,预约途径,5,外部机构预约（社区卫生服务中心、乡镇卫生院等）,国家最小集
4,自定义值域代码,LY.00.120,预约途径,9,其他,国家最小集
4,自定义值域代码,LY.00.125,手术类型,1,一般,
4,自定义值域代码,LY.00.125,手术类型,2,抢救,
4,自定义值域代码,LY.00.125,手术类型,3,术中急抢救,
4,自定义值域代码,LY.00.125,手术类型,9,其他,
4,自定义值域代码,LY.00.125,手术类型,4,急诊,
4,自定义值域代码,LY.00.125,手术类型,5,择期,
4,自定义值域代码,LY.00.126,症状代码2,1,通用,
4,自定义值域代码,LY.00.126,症状代码2,127,皮疹,
4,自定义值域代码,LY.00.126,症状代码2,2,高血压,
4,自定义值域代码,LY.00.126,症状代码2,3,糖尿病,
4,自定义值域代码,LY.00.126,症状代码2,305,视力模糊,
4,自定义值域代码,LY.00.126,症状代码2,306,感染,
4,自定义值域代码,LY.00.126,症状代码2,424,乳房肿痛,
4,自定义值域代码,LY.00.133,治疗类别,1,中医,
4,自定义值域代码,LY.00.133,治疗类别,1.1,中医,
4,自定义值域代码,LY.00.133,治疗类别,1.2,名族,
4,自定义值域代码,LY.00.133,治疗类别,2,中西医,
4,自定义值域代码,LY.00.133,治疗类别,3,西医,
4,自定义值域代码,LY.00.135,体质辨识情况,1,没有,
4,自定义值域代码,LY.00.135,体质辨识情况,2,很少,
4,自定义值域代码,LY.00.135,体质辨识情况,3,有时,
4,自定义值域代码,LY.00.135,体质辨识情况,4,经常,
4,自定义值域代码,LY.00.135,体质辨识情况,5,总是,
4,自定义值域代码,LY.00.144,肿块（右）大小编码,5,<1cm,
4,自定义值域代码,LY.00.144,肿块（右）大小编码,6,1_2cm,
4,自定义值域代码,LY.00.144,肿块（右）大小编码,7,2_5cm,
4,自定义值域代码,LY.00.144,肿块（右）大小编码,8,>5cm,
4,自定义值域代码,LY.00.146,肿块（右）活动度编码,5,活动,
4,自定义值域代码,LY.00.146,肿块（右）活动度编码,6,较差,
4,自定义值域代码,LY.00.146,肿块（右）活动度编码,7,固定于皮肤,
4,自定义值域代码,LY.00.146,肿块（右）活动度编码,8,固定于胸壁,
4,自定义值域代码,LY.00.152,子宫临床表现代码,1,正常,
4,自定义值域代码,LY.00.152,子宫临床表现代码,2,肥大,
4,自定义值域代码,LY.00.152,子宫临床表现代码,3,萎缩,
4,自定义值域代码,LY.00.152,子宫临床表现代码,4,触血,
4,自定义值域代码,LY.00.152,子宫临床表现代码,5,纳囊,
4,自定义值域代码,LY.00.152,子宫临床表现代码,6,息肉,
4,自定义值域代码,LY.00.152,子宫临床表现代码,7,溃疡,
4,自定义值域代码,LY.00.152,子宫临床表现代码,8,糜烂,
4,自定义值域代码,LY.00.152,子宫临床表现代码,9,菜花样,
4,自定义值域代码,LY.00.152,子宫临床表现代码,10,充血,
4,自定义值域代码,LY.00.152,子宫临床表现代码,11,IUD尾丝,
4,自定义值域代码,LY.00.152,子宫临床表现代码,12,缺失,
4,自定义值域代码,LY.00.152,子宫临床表现代码,13,其他,
4,自定义值域代码,LY.00.153,组织病理学诊断代码,1,阴性/炎症,
4,自定义值域代码,LY.00.153,组织病理学诊断代码,2,CIN1,
4,自定义值域代码,LY.00.153,组织病理学诊断代码,3,CIN 2,
4,自定义值域代码,LY.00.153,组织病理学诊断代码,4,CIN 3,
4,自定义值域代码,LY.00.153,组织病理学诊断代码,5,原位腺癌（AIS）,
4,自定义值域代码,LY.00.153,组织病理学诊断代码,6,微小浸润癌（鳞癌／腺癌）,
4,自定义值域代码,LY.00.153,组织病理学诊断代码,7,浸润癌（鳞癌／腺癌）,
4,自定义值域代码,LY.00.153,组织病理学诊断代码,8,其他,
4,自定义值域代码,LY.00.154,调动情况代码,1,调入,
4,自定义值域代码,LY.00.154,调动情况代码,11,高中等院校毕业生,
4,自定义值域代码,LY.00.154,调动情况代码,12,其他卫生机构调入,
4,自定义值域代码,LY.00.154,调动情况代码,13,非卫生机构调入,
4,自定义值域代码,LY.00.154,调动情况代码,14,军转人员,
4,自定义值域代码,LY.00.154,调动情况代码,19,其他,
4,自定义值域代码,LY.00.154,调动情况代码,2,调出,
4,自定义值域代码,LY.00.154,调动情况代码,21,调往其他卫生机构,
4,自定义值域代码,LY.00.154,调动情况代码,22,考取研究生,
4,自定义值域代码,LY.00.154,调动情况代码,23,出国留学,
4,自定义值域代码,LY.00.154,调动情况代码,24,退休,
4,自定义值域代码,LY.00.154,调动情况代码,25,辞职(辞退),
4,自定义值域代码,LY.00.154,调动情况代码,26,自然减员,
4,自定义值域代码,LY.00.154,调动情况代码,27,其他,
4,自定义值域代码,LY.00.156,行政/业务管理职务代码,1,党委(副)书记,
4,自定义值域代码,LY.00.156,行政/业务管理职务代码,2,院(所、站)长,
4,自定义值域代码,LY.00.156,行政/业务管理职务代码,3,副院(所.站)长,
4,自定义值域代码,LY.00.156,行政/业务管理职务代码,4,科室主任,
4,自定义值域代码,LY.00.156,行政/业务管理职务代码,5,科室副主任,
4,自定义值域代码,LY.00.156,行政/业务管理职务代码,9,其他,
4,自定义值域代码,LY.00.161,标本类型,01,血,
4,自定义值域代码,LY.00.161,标本类型,02,动脉血,
4,自定义值域代码,LY.00.161,标本类型,03,末梢血,
4,自定义值域代码,LY.00.161,标本类型,04,泌尿生殖道分泌物,
4,自定义值域代码,LY.00.161,标本类型,05,胃黏膜,
4,自定义值域代码,LY.00.161,标本类型,06,阴道分泌物,
4,自定义值域代码,LY.00.161,标本类型,07,胰液,
4,自定义值域代码,LY.00.161,标本类型,08,十二指肠引流液,
4,自定义值域代码,LY.00.161,标本类型,09,肺泡灌洗液,
4,自定义值域代码,LY.00.161,标本类型,10,导管血,
4,自定义值域代码,LY.00.161,标本类型,11,胃液（呕吐物）,
4,自定义值域代码,LY.00.161,标本类型,12,呕吐物,
4,自定义值域代码,LY.00.161,标本类型,13,关节液,
4,自定义值域代码,LY.00.161,标本类型,14,皮肤拭子,
4,自定义值域代码,LY.00.161,标本类型,15,痰液,
4,自定义值域代码,LY.00.161,标本类型,16,咽拭子,
4,自定义值域代码,LY.00.161,标本类型,17,前列腺液,
4,自定义值域代码,LY.00.161,标本类型,18,穿刺液,
4,自定义值域代码,LY.00.161,标本类型,19,尿,
4,自定义值域代码,LY.00.161,标本类型,20,胸水,
4,自定义值域代码,LY.00.161,标本类型,21,24小时尿,
4,自定义值域代码,LY.00.161,标本类型,22,腹水,
4,自定义值域代码,LY.00.161,标本类型,23,腹透液,
4,自定义值域代码,LY.00.161,标本类型,24,粪便,
4,自定义值域代码,LY.00.161,标本类型,25,微量血,
4,自定义值域代码,LY.00.161,标本类型,26,引流液,
4,自定义值域代码,LY.00.161,标本类型,27,脑脊液,
4,自定义值域代码,LY.00.161,标本类型,28,分泌物,
4,自定义值域代码,LY.00.161,标本类型,29,组织,
4,自定义值域代码,LY.00.161,标本类型,30,鼻拭子,
4,自定义值域代码,LY.00.161,标本类型,31,骨髓,
4,自定义值域代码,LY.00.161,标本类型,32,外周血.,
4,自定义值域代码,LY.00.161,标本类型,33,全血,
4,自定义值域代码,LY.00.161,标本类型,34,血清,
4,自定义值域代码,LY.00.161,标本类型,35,血浆,
4,自定义值域代码,LY.00.161,标本类型,36,精液,
4,自定义值域代码,LY.00.161,标本类型,37,宫颈拭子,
4,自定义值域代码,LY.00.161,标本类型,38,支气管肺泡灌洗液,
4,自定义值域代码,LY.00.161,标本类型,39,皮屑,
4,自定义值域代码,LY.00.161,标本类型,40,外周血,
4,自定义值域代码,LY.00.161,标本类型,41,分离株,
4,自定义值域代码,LY.00.161,标本类型,42,乳汁,
4,自定义值域代码,LY.00.161,标本类型,43,腋下拭子,
4,自定义值域代码,LY.00.161,标本类型,44,新鲜中段尿,
4,自定义值域代码,LY.00.161,标本类型,45,细针抽吸物,
4,自定义值域代码,LY.00.161,标本类型,46,导管尖,
4,自定义值域代码,LY.00.161,标本类型,47,阴道直肠拭子,
4,自定义值域代码,LY.00.161,标本类型,48,导管皮下段,
4,自定义值域代码,LY.00.161,标本类型,49,导管,
4,自定义值域代码,LY.00.161,标本类型,50,伤口分泌物,
4,自定义值域代码,LY.00.161,标本类型,51,眼拭子,
4,自定义值域代码,LY.00.161,标本类型,52,直肠拭子,
4,自定义值域代码,LY.00.161,标本类型,53,耳拭子,
4,自定义值域代码,LY.00.161,标本类型,54,宫颈分泌物,
4,自定义值域代码,LY.00.161,标本类型,55,肺活检,
4,自定义值域代码,LY.00.161,标本类型,56,纤支镜分泌物,
4,自定义值域代码,LY.00.161,标本类型,57,脓液,
4,自定义值域代码,LY.00.161,标本类型,58,脐带血,
4,自定义值域代码,LY.00.161,标本类型,59,囊袋组织,
4,自定义值域代码,LY.00.161,标本类型,60,骨,
4,自定义值域代码,LY.00.161,标本类型,61,支气管,
4,自定义值域代码,LY.00.161,标本类型,62,子宫颈,
4,自定义值域代码,LY.00.161,标本类型,63,结膜,
4,自定义值域代码,LY.00.161,标本类型,64,瘘管,
4,自定义值域代码,LY.00.161,标本类型,65,心脏瓣膜,
4,自定义值域代码,LY.00.161,标本类型,66,女性生殖器,
4,自定义值域代码,LY.00.161,标本类型,67,气管支气管吸取物,
4,自定义值域代码,LY.00.161,标本类型,68,脑室引流管头,
4,自定义值域代码,LY.00.161,标本类型,69,尿管尖,
4,自定义值域代码,LY.00.161,标本类型,70,气管插管头,
4,自定义值域代码,LY.00.161,标本类型,71,气管插管吸取物,
4,自定义值域代码,LY.00.161,标本类型,72,疱疹液,
4,自定义值域代码,LY.00.161,标本类型,73,气管灌洗液,
4,自定义值域代码,LY.00.161,标本类型,74,纤支镜吸痰,
4,自定义值域代码,LY.00.161,标本类型,75,胆汁,
4,自定义值域代码,LY.00.161,标本类型,76,积液,
4,自定义值域代码,LY.00.161,标本类型,77,PICC管端,
4,自定义值域代码,LY.00.161,标本类型,78,耳,
4,自定义值域代码,LY.00.161,标本类型,79,外部溃疡,
4,自定义值域代码,LY.00.161,标本类型,80,内部溃疡,
4,自定义值域代码,LY.00.161,标本类型,81,脐带,
4,自定义值域代码,LY.00.161,标本类型,82,尿道,
4,自定义值域代码,LY.00.161,标本类型,83,阴道,
4,自定义值域代码,LY.00.161,标本类型,84,体液,
4,自定义值域代码,LY.00.161,标本类型,85,肺癌组织,
4,自定义值域代码,LY.00.161,标本类型,86,流产组织,
4,自定义值域代码,LY.00.161,标本类型,87,宫颈环扎线,
4,自定义值域代码,LY.00.161,标本类型,88,男性生殖器,
4,自定义值域代码,LY.00.161,标本类型,89,口腔,
4,自定义值域代码,LY.00.161,标本类型,90,直肠,
4,自定义值域代码,LY.00.161,标本类型,91,下呼吸道,
4,自定义值域代码,LY.00.161,标本类型,92,上呼吸道,
4,自定义值域代码,LY.00.161,标本类型,93,皮肤,
4,自定义值域代码,LY.00.161,标本类型,94,喉,
4,自定义值域代码,LY.00.161,标本类型,95,气管,
4,自定义值域代码,LY.00.161,标本类型,96,气管抽吸物,
4,自定义值域代码,LY.00.161,标本类型,97,肛拭子,
4,自定义值域代码,LY.00.161,标本类型,98,口腔拭子,
4,自定义值域代码,LY.00.161,标本类型,99,尿道拭子,
4,自定义值域代码,LY.00.161,标本类型,100,胆囊引流液,
4,自定义值域代码,LY.00.161,标本类型,101,假体,
4,自定义值域代码,LY.00.161,标本类型,102,手术伤口,
4,自定义值域代码,LY.00.161,标本类型,103,石蜡组织切片,
4,自定义值域代码,LY.00.161,标本类型,104,角膜刮片,
4,自定义值域代码,LY.00.161,标本类型,105,鼻分泌物,
4,自定义值域代码,LY.00.161,标本类型,106,脐血,
4,自定义值域代码,LY.00.161,标本类型,107,阴道+直肠拭子,
4,自定义值域代码,LY.00.161,标本类型,108,伤口,
4,自定义值域代码,LY.00.161,标本类型,109,眼房水,
4,自定义值域代码,LY.00.161,标本类型,110,白带,
4,自定义值域代码,LY.00.161,标本类型,111,宫颈,
4,自定义值域代码,LY.00.161,标本类型,112,结石,
4,自定义值域代码,LY.00.161,标本类型,113,玻璃体液,
4,自定义值域代码,LY.00.161,标本类型,114,呼气,
4,自定义值域代码,LY.00.161,标本类型,115,干细胞采集物,
4,自定义值域代码,LY.00.161,标本类型,116,淋巴结,
4,自定义值域代码,LY.00.161,标本类型,117,脾,
4,自定义值域代码,LY.00.161,标本类型,118,阴拭子,
4,自定义值域代码,LY.00.161,标本类型,119,外周血采集物,
4,自定义值域代码,LY.00.161,标本类型,120,物体表面,
4,自定义值域代码,LY.00.161,标本类型,121,刷检,
4,自定义值域代码,LY.00.161,标本类型,122,反渗水,
4,自定义值域代码,LY.00.161,标本类型,123,电极,
4,自定义值域代码,LY.00.161,标本类型,124,导线,
4,自定义值域代码,LY.00.161,标本类型,125,晨尿中段,
4,自定义值域代码,LY.00.161,标本类型,126,胎盘子面,
4,自定义值域代码,LY.00.161,标本类型,127,胎盘母面,
4,自定义值域代码,LY.00.161,标本类型,128,眼冲洗液,
4,自定义值域代码,LY.00.161,标本类型,129,口腔白斑,
4,自定义值域代码,LY.00.161,标本类型,130,口腔脓液,
4,自定义值域代码,LY.00.161,标本类型,131,引流口渗液,
4,自定义值域代码,LY.00.161,标本类型,132,保护性毛刷,
4,自定义值域代码,LY.00.161,标本类型,133,玻璃体,
4,自定义值域代码,LY.00.161,标本类型,134,关节囊,
4,自定义值域代码,LY.00.161,标本类型,135,滑膜,
4,自定义值域代码,LY.00.161,标本类型,136,肌肉,
4,自定义值域代码,LY.00.161,标本类型,137,空气,
4,自定义值域代码,LY.00.161,标本类型,138,毛刷,
4,自定义值域代码,LY.00.161,标本类型,139,手,
4,自定义值域代码,LY.00.161,标本类型,140,胎盘,
4,自定义值域代码,LY.00.161,标本类型,141,眼科标本,
4,自定义值域代码,LY.00.161,标本类型,142,PICC导管血,
4,自定义值域代码,LY.00.161,标本类型,143,绒毛,
4,自定义值域代码,LY.00.161,标本类型,144,羊水,
4,自定义值域代码,LY.00.161,标本类型,145,头发,
4,自定义值域代码,LY.00.161,标本类型,146,指甲,
4,自定义值域代码,LY.00.161,标本类型,147,皮下结节,
4,自定义值域代码,LY.00.161,标本类型,148,环境,
4,自定义值域代码,LY.00.161,标本类型,149,宫颈细胞,
4,自定义值域代码,LY.00.161,标本类型,150,气管插管吸痰,
4,自定义值域代码,LY.00.161,标本类型,151,外周血+组织,
4,自定义值域代码,LY.00.161,标本类型,152,活检,
4,自定义值域代码,LY.00.161,标本类型,153,心包积液,
4,自定义值域代码,LY.00.161,标本类型,154,透析液,
4,自定义值域代码,LY.00.161,标本类型,155,眼分泌物,
4,自定义值域代码,LY.00.161,标本类型,156,口腔分泌物,
4,自定义值域代码,LY.00.161,标本类型,157,其他,
4,自定义值域代码,LY.00.166,处方类别,01,门诊,
4,自定义值域代码,LY.00.166,处方类别,02,急诊,
4,自定义值域代码,LY.00.166,处方类别,03,住院,
4,自定义值域代码,LY.00.166,处方类别,04,出院带药,
4,自定义值域代码,LY.00.166,处方类别,05,外购处方,
4,自定义值域代码,LY.00.166,处方类别,06,其它,
4,自定义值域代码,LY.00.181,就诊类型,1,急诊,
4,自定义值域代码,LY.00.181,就诊类型,2,普通门诊,
4,自定义值域代码,LY.00.181,就诊类型,3,特需门诊,
4,自定义值域代码,LY.00.181,就诊类型,4,互联网诊疗,
4,自定义值域代码,LY.00.181,就诊类型,5,MDT门诊,
4,自定义值域代码,LY.00.181,就诊类型,9,其他,
4,自定义值域代码,LY.00.182,就诊类型标志（用于区分就诊业务）,100,普通门诊,
4,自定义值域代码,LY.00.182,就诊类型标志（用于区分就诊业务）,101,专科门诊,
4,自定义值域代码,LY.00.182,就诊类型标志（用于区分就诊业务）,102,专家门诊,
4,自定义值域代码,LY.00.182,就诊类型标志（用于区分就诊业务）,103,特需门诊,
4,自定义值域代码,LY.00.182,就诊类型标志（用于区分就诊业务）,104,专病门诊,
4,自定义值域代码,LY.00.182,就诊类型标志（用于区分就诊业务）,200,急诊,
4,自定义值域代码,LY.00.182,就诊类型标志（用于区分就诊业务）,600,体检,
4,自定义值域代码,LY.00.182,就诊类型标志（用于区分就诊业务）,700,互联网门诊,
4,自定义值域代码,LY.00.182,就诊类型标志（用于区分就诊业务）,999,其他,
4,自定义值域代码,LY.00.183,就诊类型标志（用于区分住院就诊业务类型）,300,急诊观察,
4,自定义值域代码,LY.00.183,就诊类型标志（用于区分住院就诊业务类型）,400,普通住院,
4,自定义值域代码,LY.00.183,就诊类型标志（用于区分住院就诊业务类型）,401,特需住院,
4,自定义值域代码,LY.00.183,就诊类型标志（用于区分住院就诊业务类型）,500,加床,
4,自定义值域代码,LY.00.183,就诊类型标志（用于区分住院就诊业务类型）,999,其他,
4,自定义值域代码,LY.00.198,妊娠结局类别代码,1,分娩,
4,自定义值域代码,LY.00.198,妊娠结局类别代码,11,活产,
4,自定义值域代码,LY.00.198,妊娠结局类别代码,12,死胎,
4,自定义值域代码,LY.00.198,妊娠结局类别代码,13,死产,
4,自定义值域代码,LY.00.198,妊娠结局类别代码,2,未分娩,
4,自定义值域代码,LY.00.198,妊娠结局类别代码,21,自然流产,
4,自定义值域代码,LY.00.198,妊娠结局类别代码,22,人工流产,
4,自定义值域代码,LY.00.198,妊娠结局类别代码,23,中期引产,
4,自定义值域代码,LY.00.198,妊娠结局类别代码,24,异位妊娠,
4,自定义值域代码,LY.00.200,压力类别代码表,1,很少,
4,自定义值域代码,LY.00.200,压力类别代码表,2,有一点,
4,自定义值域代码,LY.00.200,压力类别代码表,3,比较大,
4,自定义值域代码,LY.00.200,压力类别代码表,4,很大,
4,自定义值域代码,LY.00.201,男科疾病类别代码表,1,睾丸炎、附睾炎,
4,自定义值域代码,LY.00.201,男科疾病类别代码表,2,精索静脉曲张,
4,自定义值域代码,LY.00.201,男科疾病类别代码表,3,不育症,
4,自定义值域代码,LY.00.201,男科疾病类别代码表,4,腮腺炎,
4,自定义值域代码,LY.00.201,男科疾病类别代码表,9,其他,
4,自定义值域代码,LY.00.202,智力异常类别代码表,1,常识,
4,自定义值域代码,LY.00.202,智力异常类别代码表,2,判断,
4,自定义值域代码,LY.00.202,智力异常类别代码表,3,记忆,
4,自定义值域代码,LY.00.202,智力异常类别代码表,4,计算,
4,自定义值域代码,LY.00.203,睾丸检查结果类别代码表,1,扪及,
4,自定义值域代码,LY.00.203,睾丸检查结果类别代码表,2,左侧未扪及,
4,自定义值域代码,LY.00.203,睾丸检查结果类别代码表,3,右侧未扪及,
4,自定义值域代码,LY.00.203,睾丸检查结果类别代码表,4,双侧未扪及,
4,自定义值域代码,LY.00.204,服用叶酸开始时间类别代码表,1,未服用,
4,自定义值域代码,LY.00.204,服用叶酸开始时间类别代码表,2,停经前至少 3 个月,
4,自定义值域代码,LY.00.204,服用叶酸开始时间类别代码表,3,停经前 1-2 个月,
4,自定义值域代码,LY.00.204,服用叶酸开始时间类别代码表,4,停经后,
4,自定义值域代码,LY.00.205,停经后患有具体症状或疾病类别代码表,1,阴道流血,
4,自定义值域代码,LY.00.205,停经后患有具体症状或疾病类别代码表,2,发热 38.5 度以上,
4,自定义值域代码,LY.00.205,停经后患有具体症状或疾病类别代码表,3,腹泻,
4,自定义值域代码,LY.00.205,停经后患有具体症状或疾病类别代码表,4,腹痛,
4,自定义值域代码,LY.00.205,停经后患有具体症状或疾病类别代码表,5,流行性感冒,
4,自定义值域代码,LY.00.205,停经后患有具体症状或疾病类别代码表,6,病毒性肝炎,
4,自定义值域代码,LY.00.205,停经后患有具体症状或疾病类别代码表,9,其他,
4,自定义值域代码,LY.00.206,确认早孕结果的机构类别代码表,1,本机构确诊,
4,自定义值域代码,LY.00.206,确认早孕结果的机构类别代码表,2,转录其他机构确认结果,
4,自定义值域代码,LY.00.206,确认早孕结果的机构类别代码表,21,县级以上医疗保健机构,
4,自定义值域代码,LY.00.206,确认早孕结果的机构类别代码表,22,县级以上计划生育服务机构,
4,自定义值域代码,LY.00.206,确认早孕结果的机构类别代码表,23,乡镇卫生院,
4,自定义值域代码,LY.00.206,确认早孕结果的机构类别代码表,24,乡级计划生育服务机构,
4,自定义值域代码,LY.00.206,确认早孕结果的机构类别代码表,25,其他机构,
4,自定义值域代码,LY.00.206,确认早孕结果的机构类别代码表,9,其他情况,
4,自定义值域代码,LY.00.207,尿妊娠试验和B超检查结果类别代码表,1,未做,
4,自定义值域代码,LY.00.207,尿妊娠试验和B超检查结果类别代码表,2,已妊娠,
4,自定义值域代码,LY.00.207,尿妊娠试验和B超检查结果类别代码表,3,未妊娠,
4,自定义值域代码,LY.00.207,尿妊娠试验和B超检查结果类别代码表,4,不能确定,
4,自定义值域代码,LY.00.207,尿妊娠试验和B超检查结果类别代码表,9,其他,
4,自定义值域代码,LY.00.208,婴儿 42 天存活状况类别代码表,1,存活,
4,自定义值域代码,LY.00.208,婴儿 42 天存活状况类别代码表,2,出生后 7 天内死亡,
4,自定义值域代码,LY.00.208,婴儿 42 天存活状况类别代码表,3,出生后 7-27 天死亡,
4,自定义值域代码,LY.00.208,婴儿 42 天存活状况类别代码表,4,出生后 28 天及以后死亡,
4,自定义值域代码,LY.00.209,孕早期患病情况类别代码表,1,发烧（＞38.5℃),
4,自定义值域代码,LY.00.209,孕早期患病情况类别代码表,2,风疹,
4,自定义值域代码,LY.00.209,孕早期患病情况类别代码表,3,巨细胞病毒,
4,自定义值域代码,LY.00.209,孕早期患病情况类别代码表,4,肝炎,
4,自定义值域代码,LY.00.209,孕早期患病情况类别代码表,9,其他,
4,自定义值域代码,LY.00.210,诊断出生缺陷儿级别的类别代码表,1,省级医院,
4,自定义值域代码,LY.00.210,诊断出生缺陷儿级别的类别代码表,2,地市级医院,
4,自定义值域代码,LY.00.210,诊断出生缺陷儿级别的类别代码表,3,区县级医院,
4,自定义值域代码,LY.00.210,诊断出生缺陷儿级别的类别代码表,9,其他,
4,自定义值域代码,LY.00.211,麻醉精神类药品标志,0,非麻醉药品,
4,自定义值域代码,LY.00.211,麻醉精神类药品标志,1,麻醉药品,
4,自定义值域代码,LY.00.211,麻醉精神类药品标志,2,一类精神药品,
4,自定义值域代码,LY.00.211,麻醉精神类药品标志,3,二类精神药品,
4,自定义值域代码,LY.00.231,用药依从性代码,1,按医嘱规律用药,
4,自定义值域代码,LY.00.231,用药依从性代码,2,间断用药,
4,自定义值域代码,LY.00.231,用药依从性代码,3,不用药,
4,自定义值域代码,LY.00.231,用药依从性代码,4,医嘱勿需用药,
4,自定义值域代码,LY.00.233,糖尿病症状编码,1,无症状,
4,自定义值域代码,LY.00.233,糖尿病症状编码,2,头痛头晕,
4,自定义值域代码,LY.00.233,糖尿病症状编码,3,恶心呕吐,
4,自定义值域代码,LY.00.233,糖尿病症状编码,4,眼花耳鸣,
4,自定义值域代码,LY.00.233,糖尿病症状编码,5,呼吸困难,
4,自定义值域代码,LY.00.233,糖尿病症状编码,6,心悸胸闷,
4,自定义值域代码,LY.00.233,糖尿病症状编码,7,鼻衄出血不止,
4,自定义值域代码,LY.00.233,糖尿病症状编码,8,四肢发麻,
4,自定义值域代码,LY.00.233,糖尿病症状编码,9,下肢水肿,
4,自定义值域代码,LY.00.233,糖尿病症状编码,10,其他,
4,自定义值域代码,LY.00.234,传染病代码,1,鼠疫,
4,自定义值域代码,LY.00.234,传染病代码,2,霍乱,
4,自定义值域代码,LY.00.234,传染病代码,3,传染性非典型肺炎,
4,自定义值域代码,LY.00.234,传染病代码,4,艾滋病,
4,自定义值域代码,LY.00.234,传染病代码,5,病毒性肝炎(甲型),
4,自定义值域代码,LY.00.234,传染病代码,6,病毒性肝炎(乙型),
4,自定义值域代码,LY.00.234,传染病代码,7,病毒性肝炎(丙型),
4,自定义值域代码,LY.00.234,传染病代码,8,病毒性肝炎(戊型),
4,自定义值域代码,LY.00.234,传染病代码,9,病毒性肝炎(未分型),
4,自定义值域代码,LY.00.234,传染病代码,10,脊髓灰质炎,
4,自定义值域代码,LY.00.234,传染病代码,11,人感染高致病性禽流感,
4,自定义值域代码,LY.00.234,传染病代码,12,麻疹,
4,自定义值域代码,LY.00.234,传染病代码,13,流行性出血热,
4,自定义值域代码,LY.00.234,传染病代码,14,狂犬病,
4,自定义值域代码,LY.00.234,传染病代码,15,流行性乙型脑炎,
4,自定义值域代码,LY.00.234,传染病代码,16,登革热,
4,自定义值域代码,LY.00.234,传染病代码,17,炭疽(肺炭疽),
4,自定义值域代码,LY.00.234,传染病代码,18,炭疽(皮肤炭疽),
4,自定义值域代码,LY.00.234,传染病代码,19,炭疽(未分型),
4,自定义值域代码,LY.00.234,传染病代码,20,痢疾(细菌性),
4,自定义值域代码,LY.00.234,传染病代码,21,痢疾(阿米巴性),
4,自定义值域代码,LY.00.234,传染病代码,22,肺结核(涂阳),
4,自定义值域代码,LY.00.234,传染病代码,23,肺结核(仅培阳),
4,自定义值域代码,LY.00.234,传染病代码,24,肺结核(菌阴),
4,自定义值域代码,LY.00.234,传染病代码,25,肺结核(未痰检),
4,自定义值域代码,LY.00.234,传染病代码,26,伤寒(伤寒),
4,自定义值域代码,LY.00.234,传染病代码,27,伤寒(副伤寒),
4,自定义值域代码,LY.00.234,传染病代码,28,流行性脑脊髓膜炎,
4,自定义值域代码,LY.00.234,传染病代码,29,百日咳,
4,自定义值域代码,LY.00.234,传染病代码,30,白喉,
4,自定义值域代码,LY.00.234,传染病代码,31,新生儿破伤风,
4,自定义值域代码,LY.00.234,传染病代码,32,猩红热,
4,自定义值域代码,LY.00.234,传染病代码,33,布鲁氏菌病,
4,自定义值域代码,LY.00.234,传染病代码,34,淋病,
4,自定义值域代码,LY.00.234,传染病代码,35,梅毒(Ⅰ期),
4,自定义值域代码,LY.00.234,传染病代码,36,梅毒(Ⅱ期),
4,自定义值域代码,LY.00.234,传染病代码,37,梅毒(Ⅲ期),
4,自定义值域代码,LY.00.234,传染病代码,38,梅毒(胎传),
4,自定义值域代码,LY.00.234,传染病代码,39,梅毒(隐性),
4,自定义值域代码,LY.00.234,传染病代码,40,钩端螺旋体病,
4,自定义值域代码,LY.00.234,传染病代码,41,血吸虫病,
4,自定义值域代码,LY.00.234,传染病代码,42,疟疾(间日疟),
4,自定义值域代码,LY.00.234,传染病代码,43,疟疾(恶性疟),
4,自定义值域代码,LY.00.234,传染病代码,44,疟疾(未分型),
4,自定义值域代码,LY.00.234,传染病代码,45,新冠病毒,
4,自定义值域代码,LY.00.234,传染病代码,46,流行性感冒,
4,自定义值域代码,LY.00.234,传染病代码,47,流行性腮腺炎,
4,自定义值域代码,LY.00.234,传染病代码,48,风疹,
4,自定义值域代码,LY.00.234,传染病代码,49,急性出血性结膜炎,
4,自定义值域代码,LY.00.234,传染病代码,50,麻风病,
4,自定义值域代码,LY.00.234,传染病代码,51,流行性和地方性斑疹伤寒,
4,自定义值域代码,LY.00.234,传染病代码,52,黑热病,
4,自定义值域代码,LY.00.234,传染病代码,53,包虫病,
4,自定义值域代码,LY.00.234,传染病代码,54,丝虫病,
4,自定义值域代码,LY.00.234,传染病代码,55,除霍乱、细菌性和阿米巴性痢疾、伤寒和副伤寒以外的感染性腹泻病,
4,自定义值域代码,LY.00.235,处方类型,01,西药,
4,自定义值域代码,LY.00.235,处方类型,02,中成药,
4,自定义值域代码,LY.00.235,处方类型,03,草药,
4,自定义值域代码,LY.00.235,处方类型,04,毒麻精放,
4,自定义值域代码,LY.00.235,处方类型,05,其它,
4,自定义值域代码,LY.00.236,标本代码,1,静脉血清,
4,自定义值域代码,LY.00.236,标本代码,2,静脉全血,
4,自定义值域代码,LY.00.236,标本代码,3,静脉血浆,
4,自定义值域代码,LY.00.236,标本代码,4,末梢全血,
4,自定义值域代码,LY.00.236,标本代码,5,末梢血浆,
4,自定义值域代码,LY.00.236,标本代码,6,末梢血清,
4,自定义值域代码,LY.00.236,标本代码,7,动脉血,
4,自定义值域代码,LY.00.236,标本代码,8,红细胞,
4,自定义值域代码,LY.00.236,标本代码,9,脐带血,
4,自定义值域代码,LY.00.236,标本代码,10,溶血液,
4,自定义值域代码,LY.00.236,标本代码,11,血液抽提液,
4,自定义值域代码,LY.00.236,标本代码,12,白细胞,
4,自定义值域代码,LY.00.236,标本代码,13,血小板,
4,自定义值域代码,LY.00.236,标本代码,21,尿液,
4,自定义值域代码,LY.00.236,标本代码,22,新鲜尿,
4,自定义值域代码,LY.00.236,标本代码,23,定时尿,
4,自定义值域代码,LY.00.236,标本代码,24,中段尿,
4,自定义值域代码,LY.00.236,标本代码,25,晨尿,
4,自定义值域代码,LY.00.236,标本代码,26,分杯尿,
4,自定义值域代码,LY.00.236,标本代码,27,膀胱穿刺尿,
4,自定义值域代码,LY.00.236,标本代码,30,粪便,
4,自定义值域代码,LY.00.236,标本代码,31,痰液,
4,自定义值域代码,LY.00.236,标本代码,32,上呼吸道标本,
4,自定义值域代码,LY.00.236,标本代码,33,下呼吸道标本,
4,自定义值域代码,LY.00.236,标本代码,34,穿刺液,
4,自定义值域代码,LY.00.236,标本代码,35,骨髓液,
4,自定义值域代码,LY.00.236,标本代码,36,胸水,
4,自定义值域代码,LY.00.236,标本代码,37,腹水,
4,自定义值域代码,LY.00.236,标本代码,38,心包液,
4,自定义值域代码,LY.00.236,标本代码,39,胃液,
4,自定义值域代码,LY.00.236,标本代码,40,十二指肠液,
4,自定义值域代码,LY.00.236,标本代码,41,胆汁,
4,自定义值域代码,LY.00.236,标本代码,42,唾液,
4,自定义值域代码,LY.00.236,标本代码,43,口腔及咽喉分泌物,
4,自定义值域代码,LY.00.236,标本代码,44,呕吐物,
4,自定义值域代码,LY.00.236,标本代码,45,眼分泌物,
4,自定义值域代码,LY.00.236,标本代码,46,关节液,
4,自定义值域代码,LY.00.236,标本代码,47,精液,
4,自定义值域代码,LY.00.236,标本代码,48,前列腺液,
4,自定义值域代码,LY.00.236,标本代码,49,乳汁,
4,自定义值域代码,LY.00.236,标本代码,50,羊水,
4,自定义值域代码,LY.00.236,标本代码,51,阴道、子宫颈分泌物,
4,自定义值域代码,LY.00.236,标本代码,52,子宫内膜,
4,自定义值域代码,LY.00.236,标本代码,53,汗液,
4,自定义值域代码,LY.00.236,标本代码,54,脓液及创伤感染分泌物,
4,自定义值域代码,LY.00.236,标本代码,55,浸出液,
4,自定义值域代码,LY.00.236,标本代码,9999,其他,
4,自定义值域代码,LY.00.237,报告单类别代码,1,一般临床检验,
4,自定义值域代码,LY.00.237,报告单类别代码,2,血液学检查,
4,自定义值域代码,LY.00.237,报告单类别代码,3,临床化学检查,
4,自定义值域代码,LY.00.237,报告单类别代码,4,临床免疫学检查,
4,自定义值域代码,LY.00.237,报告单类别代码,5,临床微生物学检查,
4,自定义值域代码,LY.00.237,报告单类别代码,6,临床寄生虫学检查,
4,自定义值域代码,LY.00.237,报告单类别代码,7,分子生物学检查,
4,自定义值域代码,LY.00.237,报告单类别代码,9999,其它,
4,自定义值域代码,LY.00.238,检查部位代码,1,头部,
4,自定义值域代码,LY.00.238,检查部位代码,2,颈部,
4,自定义值域代码,LY.00.238,检查部位代码,3,肩部,
4,自定义值域代码,LY.00.238,检查部位代码,4,脊柱,
4,自定义值域代码,LY.00.238,检查部位代码,5,胸部,
4,自定义值域代码,LY.00.238,检查部位代码,6,腹部,
4,自定义值域代码,LY.00.238,检查部位代码,7,盆腔,
4,自定义值域代码,LY.00.238,检查部位代码,8,四肢,
4,自定义值域代码,LY.00.238,检查部位代码,99,其它,
4,自定义值域代码,LY.00.239,检验结果代码,1,正常,
4,自定义值域代码,LY.00.239,检验结果代码,2,异常,
4,自定义值域代码,LY.00.239,检验结果代码,21,异常偏高,
4,自定义值域代码,LY.00.239,检验结果代码,22,异常偏低,
4,自定义值域代码,LY.00.239,检验结果代码,23,无法识别的异常,
4,自定义值域代码,LY.00.239,检验结果代码,3,不确定,
4,自定义值域代码,LY.00.240,检验检查异常提示代码,1,异常,
4,自定义值域代码,LY.00.240,检验检查异常提示代码,2,正常,
4,自定义值域代码,LY.00.240,检验检查异常提示代码,3,不详,
4,自定义值域代码,LY.00.240,检验检查异常提示代码,4,↓,
4,自定义值域代码,LY.00.240,检验检查异常提示代码,5,—,
4,自定义值域代码,LY.00.240,检验检查异常提示代码,6,↑,
4,自定义值域代码,LY.00.240,检验检查异常提示代码,7,阴性,
4,自定义值域代码,LY.00.240,检验检查异常提示代码,8,阳性,
4,自定义值域代码,LY.00.240,检验检查异常提示代码,9,可疑,
4,自定义值域代码,LY.00.241,检验检查就诊卡类型代码,1,社保卡,
4,自定义值域代码,LY.00.241,检验检查就诊卡类型代码,2,医保卡,
4,自定义值域代码,LY.00.241,检验检查就诊卡类型代码,3,院内就诊卡,
4,自定义值域代码,LY.00.241,检验检查就诊卡类型代码,4,身份证,
4,自定义值域代码,LY.00.241,检验检查就诊卡类型代码,5,居民健康卡,
4,自定义值域代码,LY.00.241,检验检查就诊卡类型代码,99,其他卡,
4,自定义值域代码,LY.00.242,外地标志,1,本地,
4,自定义值域代码,LY.00.242,外地标志,2,外地,
4,自定义值域代码,LY.00.242,外地标志,3,境外（港澳台）,
4,自定义值域代码,LY.00.242,外地标志,4,外国,
4,自定义值域代码,LY.00.242,外地标志,5,未知,
4,自定义值域代码,LY.00.243,急诊分级,1,急危患者（Ⅰ级）,
4,自定义值域代码,LY.00.243,急诊分级,2,急重患者（Ⅱ级）,
4,自定义值域代码,LY.00.243,急诊分级,3,急症患者（Ⅲ级）,
4,自定义值域代码,LY.00.243,急诊分级,4,亚急症或非亚急症患者（Ⅳ级）,
4,自定义值域代码,LY.00.244,儿童营养性疾病因素类别代码表,1,蛋白质-能量营养不良,
4,自定义值域代码,LY.00.244,儿童营养性疾病因素类别代码表,2,营养性缺铁性贫血,
4,自定义值域代码,LY.00.244,儿童营养性疾病因素类别代码表,3,维生素D缺乏性佝偻病,
4,自定义值域代码,LY.00.244,儿童营养性疾病因素类别代码表,4,超重/肥胖,
4,自定义值域代码,LY.00.244,儿童营养性疾病因素类别代码表,99,其他,
4,自定义值域代码,LY.00.245,医疗卡类型,1,社保卡,
4,自定义值域代码,LY.00.245,医疗卡类型,2,医保卡,
4,自定义值域代码,LY.00.245,医疗卡类型,3,院内就诊卡,
4,自定义值域代码,LY.00.245,医疗卡类型,4,身份证,
4,自定义值域代码,LY.00.245,医疗卡类型,5,居民健康卡,
4,自定义值域代码,LY.00.245,医疗卡类型,6,电子健康卡,
4,自定义值域代码,LY.00.245,医疗卡类型,7,新农合卡,
4,自定义值域代码,LY.00.245,医疗卡类型,8,统一自费卡,
4,自定义值域代码,LY.00.245,医疗卡类型,9,非统一自费卡,
4,自定义值域代码,LY.00.245,医疗卡类型,99,其他卡,
4,自定义值域代码,LY.00.246,急诊患者去向,1,医嘱离院,
4,自定义值域代码,LY.00.246,急诊患者去向,2,医嘱转院,
4,自定义值域代码,LY.00.246,急诊患者去向,3,医嘱转社区卫生服务机构/乡镇卫生院,
4,自定义值域代码,LY.00.246,急诊患者去向,4,非医嘱离院,
4,自定义值域代码,LY.00.246,急诊患者去向,5,死亡,
4,自定义值域代码,LY.00.246,急诊患者去向,6,急诊留观,
4,自定义值域代码,LY.00.246,急诊患者去向,7,急诊转入院,
4,自定义值域代码,LY.00.246,急诊患者去向,9,其他,
4,自定义值域代码,LY.00.247,医学影像检查结果互认项目,DX0040010-0112,胸部正侧位X线摄影,胸部
4,自定义值域代码,LY.00.247,医学影像检查结果互认项目,DX0040010-0101,胸部正位X线摄影,胸部，胸部后前位X线摄影
4,自定义值域代码,LY.00.247,医学影像检查结果互认项目,MG0090020-0101,右侧乳腺钼靶X线摄影,乳腺
4,自定义值域代码,LY.00.247,医学影像检查结果互认项目,MG0090010-0101,左侧乳腺钼靶X线摄影,乳腺
4,自定义值域代码,LY.00.247,医学影像检查结果互认项目,DX0050029-0101,正位腹部X线摄影,腹部，立位正位腹部X线摄影，包括膈肌
4,自定义值域代码,LY.00.247,医学影像检查结果互认项目,DX0050029-0102,侧位腹部X线摄影,腹部，立位侧位腹部X线摄影，包括膈肌
4,自定义值域代码,LY.00.247,医学影像检查结果互认项目,DX0050028-0101,腹部尿路X线摄影(KUB),腹部，卧位腹部尿路X线摄影(KUB)，包括耻骨联合
4,自定义值域代码,LY.00.247,医学影像检查结果互认项目,DX0060150-0101,骨盆正位X线摄影,骨盆，骨盆前后位X线摄影
4,自定义值域代码,LY.00.247,医学影像检查结果互认项目,DX0080069-0101,双髋关节正位X线摄影,骨盆
4,自定义值域代码,LY.00.247,医学影像检查结果互认项目,DX0080050-0112,左髋关节正侧位X线摄影,骨盆
4,自定义值域代码,LY.00.247,医学影像检查结果互认项目,DX0080050-0101,左髋关节正位X线摄影,骨盆
4,自定义值域代码,LY.00.247,医学影像检查结果互认项目,DX0080060-0112,右髋关节正侧位X线摄影,骨盆
4,自定义值域代码,LY.00.247,医学影像检查结果互认项目,DX0080060-0101,右髋关节正位X线摄影,骨盆
4,自定义值域代码,LY.00.247,医学影像检查结果互认项目,DX0060089-0112,骶尾椎正侧位X线摄影,脊柱
4,自定义值域代码,LY.00.247,医学影像检查结果互认项目,DX0060010-0112,颈椎正侧位X线摄影,脊柱
4,自定义值域代码,LY.00.247,医学影像检查结果互认项目,DX0060040-0112,胸腰椎正侧位X线摄影,脊柱
4,自定义值域代码,LY.00.247,医学影像检查结果互认项目,DX0060030-0112,胸椎正侧位X线摄影,脊柱
4,自定义值域代码,LY.00.247,医学影像检查结果互认项目,DX0060050-0112,腰椎正侧位X线摄影,脊柱
4,自定义值域代码,LY.00.247,医学影像检查结果互认项目,DX0080020-0112,左肩关节正侧位X线摄影,上肢，左肩关节前后位及穿胸位X线摄影
4,自定义值域代码,LY.00.247,医学影像检查结果互认项目,DX0080030-0112,右肩关节正侧位X线摄影,上肢，右肩关节前后位及穿胸位X线摄影
4,自定义值域代码,LY.00.247,医学影像检查结果互认项目,DX0080020-0101,左肩关节正位X线摄影,上肢
4,自定义值域代码,LY.00.247,医学影像检查结果互认项目,DX0080030-0101,右肩关节正位X线摄影,上肢
4,自定义值域代码,LY.00.247,医学影像检查结果互认项目,DX0070010-0112,左肱骨正侧位X线摄影,上肢
4,自定义值域代码,LY.00.247,医学影像检查结果互认项目,DX0070020-0112,右肱骨正侧位X线摄影,上肢
4,自定义值域代码,LY.00.247,医学影像检查结果互认项目,DX0080090-0112,左肘关节正侧位X线摄影,上肢
4,自定义值域代码,LY.00.247,医学影像检查结果互认项目,DX0080100-0112,右肘关节正侧位X线摄影,上肢
4,自定义值域代码,LY.00.247,医学影像检查结果互认项目,DX0070150-0112,左尺桡骨正侧位X线摄影,上肢
4,自定义值域代码,LY.00.247,医学影像检查结果互认项目,DX0070160-0112,右尺桡骨正侧位X线摄影,上肢
4,自定义值域代码,LY.00.247,医学影像检查结果互认项目,DX0080110-0112,左腕关节正侧位X线摄影,上肢
4,自定义值域代码,LY.00.247,医学影像检查结果互认项目,DX0080120-0112,右腕关节正侧位X线摄影,上肢
4,自定义值域代码,LY.00.247,医学影像检查结果互认项目,DX0070070-0112,左股骨正侧位X线摄影,下肢
4,自定义值域代码,LY.00.247,医学影像检查结果互认项目,DX0070080-0112,右股骨正侧位X线摄影,下肢
4,自定义值域代码,LY.00.247,医学影像检查结果互认项目,DX0080130-0112,左膝关节正侧位X线摄影,下肢
4,自定义值域代码,LY.00.247,医学影像检查结果互认项目,DX0080140-0112,右膝关节正侧位X线摄影,下肢
4,自定义值域代码,LY.00.247,医学影像检查结果互认项目,DX0070250-0112,左胫腓骨正侧位X线摄影,下肢
4,自定义值域代码,LY.00.247,医学影像检查结果互认项目,DX0070260-0112,右胫腓骨正侧位X线摄影,下肢
4,自定义值域代码,LY.00.247,医学影像检查结果互认项目,DX0080150-0112,左踝关节正侧位X线摄影,下肢
4,自定义值域代码,LY.00.247,医学影像检查结果互认项目,DX0080160-0112,右踝关节正侧位X线摄影,下肢
4,自定义值域代码,LY.00.247,医学影像检查结果互认项目,DX0070110-0113,左足正斜位X线摄影,下肢
4,自定义值域代码,LY.00.247,医学影像检查结果互认项目,DX0070120-0113,右足正斜位X线摄影,下肢
4,自定义值域代码,LY.00.247,医学影像检查结果互认项目,CT0010010-0101,头部X线计算机体层(CT)平扫,头部，头部CT普通扫描（平扫）
4,自定义值域代码,LY.00.247,医学影像检查结果互认项目,CT0030010-0101,颈部X线计算机体层(CT)平扫,颈部，颈部/甲状腺CT平扫
4,自定义值域代码,LY.00.247,医学影像检查结果互认项目,CT0040010-0101,胸部X线计算机体层(CT)平扫,心胸，胸部CT普通扫描
4,自定义值域代码,LY.00.247,医学影像检查结果互认项目,CT0050010-0101,上腹部X线计算机体层(CT)平扫,腹盆，上腹部CT普通扫描
4,自定义值域代码,LY.00.247,医学影像检查结果互认项目,CT0050030-0101,盆腔X线计算机体层(CT)平扫,腹盆，盆腔CT普通扫描
4,自定义值域代码,LY.00.247,医学影像检查结果互认项目,CT0060150-0101,骨盆部X线计算机体层(CT)平扫,腹盆，骨盆部CT普通扫描
4,自定义值域代码,LY.00.247,医学影像检查结果互认项目,CT0060010-0101,颈椎X线计算机体层(CT)平扫,脊柱，颈椎CT普通扫描
4,自定义值域代码,LY.00.247,医学影像检查结果互认项目,CT0060030-0101,胸椎X线计算机体层(CT)平扫,脊柱，胸椎CT普通扫描
4,自定义值域代码,LY.00.247,医学影像检查结果互认项目,CT0060050-0101,腰椎X线计算机体层(CT)平扫,脊柱，腰椎CT普通扫描
4,自定义值域代码,LY.00.247,医学影像检查结果互认项目,CT0060089-0101,骶尾部X线计算机体层(CT)平扫,脊柱，骶尾部CT普通扫描
4,自定义值域代码,LY.00.247,医学影像检查结果互认项目,CT0080020-0102,左肩关节X线计算机体层(CT)平扫,上肢，左侧肩关节CT薄层扫描（3D处理）
4,自定义值域代码,LY.00.247,医学影像检查结果互认项目,CT0080030-0102,右肩关节X线计算机体层(CT)平扫,上肢，右侧肩关节CT薄层扫描（3D处理）
4,自定义值域代码,LY.00.247,医学影像检查结果互认项目,CT0070130-0102,左上臂X线计算机体层(CT)平扫,上肢，左侧上臂CT薄层扫描（3D处理）
4,自定义值域代码,LY.00.247,医学影像检查结果互认项目,CT0070140-0102,右上臂X线计算机体层(CT)平扫,上肢，右侧上臂CT薄层扫描（3D处理）
4,自定义值域代码,LY.00.247,医学影像检查结果互认项目,CT0070150-0102,左前臂X线计算机体层(CT)平扫,上肢，左侧前臂CT薄层扫描（3D处理）
4,自定义值域代码,LY.00.247,医学影像检查结果互认项目,CT0070160-0102,右前臂X线计算机体层(CT)平扫,上肢，右侧前臂CT薄层扫描（3D处理）
4,自定义值域代码,LY.00.247,医学影像检查结果互认项目,CT0070050-0102,左手部X线计算机体层(CT)平扫,上肢，左侧手部CT薄层扫描（3D处理）
4,自定义值域代码,LY.00.247,医学影像检查结果互认项目,CT0070060-0102,右手部X线计算机体层(CT)平扫,上肢，右侧手部CT薄层扫描（3D处理）
4,自定义值域代码,LY.00.247,医学影像检查结果互认项目,CT0070210-0102,左大腿X线计算机体层(CT)平扫,下肢，左侧大腿CT薄层扫描（3D处理）
4,自定义值域代码,LY.00.247,医学影像检查结果互认项目,CT0070220-0102,右大腿X线计算机体层(CT)平扫,下肢，右侧大腿CT薄层扫描（3D处理）
4,自定义值域代码,LY.00.247,医学影像检查结果互认项目,CT0070250-0102,左小腿X线计算机体层(CT)平扫,下肢，左侧小腿CT薄层扫描（3D处理）
4,自定义值域代码,LY.00.247,医学影像检查结果互认项目,CT0070260-0102,右小腿X线计算机体层(CT)平扫,下肢，右侧小腿CT薄层扫描（3D处理）
4,自定义值域代码,LY.00.247,医学影像检查结果互认项目,CT0070110-0102,左足部X线计算机体层(CT)平扫,下肢，左侧足部CT薄层扫描（3D处理）
4,自定义值域代码,LY.00.247,医学影像检查结果互认项目,CT0070120-0102,右足部X线计算机体层(CT)平扫,下肢，右侧足部CT薄层扫描（3D处理）
4,自定义值域代码,LY.00.247,医学影像检查结果互认项目,CT0010010-0201,头部X线计算机体层(CT)增强扫描,头颈，头部CT增强扫描
4,自定义值域代码,LY.00.247,医学影像检查结果互认项目,CT0030010-0201,颈部X线计算机体层(CT)增强扫描,头颈，颈部CT增强扫描
4,自定义值域代码,LY.00.247,医学影像检查结果互认项目,CT0040010-0201,胸部X线计算机体层(CT)增强扫描,心胸，胸部CT增强扫描
4,自定义值域代码,LY.00.247,医学影像检查结果互认项目,CT0050010-0201,上腹部X线计算机体层(CT)增强扫描,腹盆，上腹部CT增强扫描
4,自定义值域代码,LY.00.247,医学影像检查结果互认项目,CT0050030-0201,盆腔X线计算机体层(CT)增强扫描,腹盆，盆腔CT增强扫描
4,自定义值域代码,LY.00.247,医学影像检查结果互认项目,CT0050028-0402,泌尿系统CT三维成像,腹盆，泌尿系CT平扫加增强扫描，包括双肾、输尿管和膀胱
4,自定义值域代码,LY.00.247,医学影像检查结果互认项目,MR0010010-0101,颅脑磁共振成像,头部，1.5T及以上颅脑MRI普通扫描（平扫）
4,自定义值域代码,LY.00.247,医学影像检查结果互认项目,MR0030010-0101,颈部磁共振成像,颈部，1.5T及以上颈部MRI普通扫描
4,自定义值域代码,LY.00.247,医学影像检查结果互认项目,MR0060010-0101,颈椎磁共振成像,脊柱，1.5T及以上颈椎MRI普通扫描
4,自定义值域代码,LY.00.247,医学影像检查结果互认项目,MR0060030-0101,胸椎磁共振成像,脊柱，1.5T及以上胸椎MRI普通扫描
4,自定义值域代码,LY.00.247,医学影像检查结果互认项目,MR0060050-0101,腰椎磁共振成像,脊柱，1.5T及以上腰椎MRI普通扫描
4,自定义值域代码,LY.00.247,医学影像检查结果互认项目,MR0060040-0101,胸腰段椎体磁共振成像,脊柱，1.5T及以上胸腰段椎体（T10-L3）MRI普通扫描
4,自定义值域代码,LY.00.247,医学影像检查结果互认项目,MR0080020-0101,左肩关节磁共振成像,上肢，1.5T及以上左侧肩关节MRI普通扫描
4,自定义值域代码,LY.00.247,医学影像检查结果互认项目,MR0080030-0101,右肩关节磁共振成像,上肢，1.5T及以上右侧肩关节MRI普通扫描
4,自定义值域代码,LY.00.247,医学影像检查结果互认项目,MR0070130-0101,左上臂磁共振成像,上肢，1.5T及以上左上臂MRI普通扫描
4,自定义值域代码,LY.00.247,医学影像检查结果互认项目,MR0070140-0101,右上臂磁共振成像,上肢，1.5T及以上右上臂MRI普通扫描
4,自定义值域代码,LY.00.247,医学影像检查结果互认项目,MR0080090-0101,左肘关节磁共振成像,上肢，1.5T及以上左侧肘关节MRI普通扫描
4,自定义值域代码,LY.00.247,医学影像检查结果互认项目,MR0080100-0101,右肘关节磁共振成像,上肢，1.5T及以上右侧肘关节MRI普通扫描
4,自定义值域代码,LY.00.247,医学影像检查结果互认项目,MR0070030-0101,左前臂磁共振成像,上肢，1.5T及以上左前臂MRI普通扫描
4,自定义值域代码,LY.00.247,医学影像检查结果互认项目,MR0070040-0101,右前臂磁共振成像,上肢，1.5T及以上右前臂MRI普通扫描
4,自定义值域代码,LY.00.247,医学影像检查结果互认项目,MR0080110-0101,左腕关节磁共振成像,上肢，1.5T及以上左侧腕关节MRI普通扫描
4,自定义值域代码,LY.00.247,医学影像检查结果互认项目,MR0080120-0101,右腕关节磁共振成像,上肢，1.5T及以上右侧腕关节MRI普通扫描
4,自定义值域代码,LY.00.247,医学影像检查结果互认项目,MR0070069-0101,双髋关节磁共振成像,骨盆，1.5T及以上双侧髋关节MRI普通扫描
4,自定义值域代码,LY.00.247,医学影像检查结果互认项目,MR0070070-0101,左大腿磁共振成像,下肢，1.5T及以上左大腿MRI普通扫描
4,自定义值域代码,LY.00.247,医学影像检查结果互认项目,MR0070080-0101,右大腿磁共振成像,下肢，1.5T及以上右大腿MRI普通扫描
4,自定义值域代码,LY.00.247,医学影像检查结果互认项目,MR0080130-0101,左膝关节磁共振成像,下肢，1.5T及以上左侧膝关节MRI普通扫描
4,自定义值域代码,LY.00.247,医学影像检查结果互认项目,MR0080140-0101,右膝关节磁共振成像,下肢，1.5T及以上右侧膝关节MRI普通扫描
4,自定义值域代码,LY.00.247,医学影像检查结果互认项目,MR0070090-0101,左小腿磁共振成像,下肢，1.5T及以上左小腿MRI普通扫描
4,自定义值域代码,LY.00.247,医学影像检查结果互认项目,MR0070100-0101,右小腿磁共振成像,下肢，1.5T及以上右小腿MRI普通扫描
4,自定义值域代码,LY.00.247,医学影像检查结果互认项目,MR0080150-0101,左踝关节磁共振成像,下肢，1.5T及以上左侧踝关节MRI普通扫描
4,自定义值域代码,LY.00.247,医学影像检查结果互认项目,MR0080160-0101,右踝关节磁共振成像,下肢，1.5T及以上右侧踝关节MRI普通扫描
4,自定义值域代码,LY.00.247,医学影像检查结果互认项目,MR0010010-0201,颅脑磁共振增强成像,头部，1.5T及以上颅脑MRI增强扫描
4,自定义值域代码,LY.00.247,医学影像检查结果互认项目,MR0030010-0201,颈部磁共振增强成像,颈部，1.5T及以上颈部MRI增强扫描
4,自定义值域代码,LY.00.247,医学影像检查结果互认项目,MR0060010-0201,颈椎磁共振增强成像,脊柱，1.5T及以上颈椎MRI增强扫描
4,自定义值域代码,LY.00.247,医学影像检查结果互认项目,MR0060030-0201,胸椎磁共振增强成像,脊柱，1.5T及以上胸椎MRI增强扫描
4,自定义值域代码,LY.00.247,医学影像检查结果互认项目,MR0060050-0201,腰椎磁共振增强成像,脊柱，1.5T及以上腰椎MRI增强扫描
4,自定义值域代码,LY.00.248,医院性质,1,国营,
4,自定义值域代码,LY.00.248,医院性质,2,民营,
4,自定义值域代码,LY.00.248,医院性质,3,合资,
4,自定义值域代码,LY.00.248,医院性质,4,外资,
4,自定义值域代码,LY.00.248,医院性质,5,个体,
4,自定义值域代码,LY.00.248,医院性质,6,其他,
4,自定义值域代码,LY.00.249,传染病疾病编码,A00,霍乱,
4,自定义值域代码,LY.00.249,传染病疾病编码,A01.0,伤 寒,
4,自定义值域代码,LY.00.249,传染病疾病编码,A01.1,副伤寒,
4,自定义值域代码,LY.00.249,传染病疾病编码,A01.2,副伤寒,
4,自定义值域代码,LY.00.249,传染病疾病编码,A01.3,副伤寒,
4,自定义值域代码,LY.00.249,传染病疾病编码,A01.4,副伤寒,
4,自定义值域代码,LY.00.249,传染病疾病编码,A03,细菌性痢疾,
4,自定义值域代码,LY.00.249,传染病疾病编码,A06.0,阿米巴性痢疾,
4,自定义值域代码,LY.00.249,传染病疾病编码,A09.0,其它感染性腹泻病,
4,自定义值域代码,LY.00.249,传染病疾病编码,A15.0,肺结核-继发,
4,自定义值域代码,LY.00.249,传染病疾病编码,A15.1,肺结核-继发,
4,自定义值域代码,LY.00.249,传染病疾病编码,A15.2,肺结核-继发,
4,自定义值域代码,LY.00.249,传染病疾病编码,A15.3,肺结核-继发,
4,自定义值域代码,LY.00.249,传染病疾病编码,A15.4,肺结核-继发,
4,自定义值域代码,LY.00.249,传染病疾病编码,A15.501,肺结核-气管支气管,
4,自定义值域代码,LY.00.249,传染病疾病编码,A15.502,其他呼吸系统结核,
4,自定义值域代码,LY.00.249,传染病疾病编码,A15.503,其他呼吸系统结核,
4,自定义值域代码,LY.00.249,传染病疾病编码,A15.504,肺结核-气管支气管,
4,自定义值域代码,LY.00.249,传染病疾病编码,A15.6,肺结核-结核性胸膜炎,
4,自定义值域代码,LY.00.249,传染病疾病编码,A15.7,肺结核-原发,
4,自定义值域代码,LY.00.249,传染病疾病编码,A15.8,其他呼吸系统结核,
4,自定义值域代码,LY.00.249,传染病疾病编码,A15.9,其他呼吸系统结核,
4,自定义值域代码,LY.00.249,传染病疾病编码,A16.0,肺结核-继发,
4,自定义值域代码,LY.00.249,传染病疾病编码,A16.1,肺结核-继发,
4,自定义值域代码,LY.00.249,传染病疾病编码,A16.2,肺结核-继发,
4,自定义值域代码,LY.00.249,传染病疾病编码,A16.3,肺结核-继发,
4,自定义值域代码,LY.00.249,传染病疾病编码,A16.401,其他呼吸系统结核,
4,自定义值域代码,LY.00.249,传染病疾病编码,A16.402,其他呼吸系统结核,
4,自定义值域代码,LY.00.249,传染病疾病编码,A16.403,肺结核-气管支气管,
4,自定义值域代码,LY.00.249,传染病疾病编码,A16.404,其他呼吸系统结核,
4,自定义值域代码,LY.00.249,传染病疾病编码,A16.5,肺结核-结核性胸膜炎,
4,自定义值域代码,LY.00.249,传染病疾病编码,A16.7,肺结核-原发,
4,自定义值域代码,LY.00.249,传染病疾病编码,A16.8,其他呼吸系统结核,
4,自定义值域代码,LY.00.249,传染病疾病编码,A16.9,其他呼吸系统结核,
4,自定义值域代码,LY.00.249,传染病疾病编码,A17,神经系统结核,
4,自定义值域代码,LY.00.249,传染病疾病编码,A18.0,运动系统结核,
4,自定义值域代码,LY.00.249,传染病疾病编码,A18.1,泌尿生殖系统结核,
4,自定义值域代码,LY.00.249,传染病疾病编码,A18.2,淋巴系统结核,
4,自定义值域代码,LY.00.249,传染病疾病编码,A18.3,消化系统结核,
4,自定义值域代码,LY.00.249,传染病疾病编码,A18.4,皮肤结核,
4,自定义值域代码,LY.00.249,传染病疾病编码,A18.5,眼结核,
4,自定义值域代码,LY.00.249,传染病疾病编码,A18.6,耳结核,
4,自定义值域代码,LY.00.249,传染病疾病编码,A18.7,内分泌系统结核,
4,自定义值域代码,LY.00.249,传染病疾病编码,A18.800x002,循环系统结核,
4,自定义值域代码,LY.00.249,传染病疾病编码,A18.800x010,运动系统结核,
4,自定义值域代码,LY.00.249,传染病疾病编码,A18.800x014,消化系统结核,
4,自定义值域代码,LY.00.249,传染病疾病编码,A18.800x017,循环系统结核,
4,自定义值域代码,LY.00.249,传染病疾病编码,A18.800x018,循环系统结核,
4,自定义值域代码,LY.00.249,传染病疾病编码,A18.800x022,运动系统结核,
4,自定义值域代码,LY.00.249,传染病疾病编码,A18.800x025,口腔结核,
4,自定义值域代码,LY.00.249,传染病疾病编码,A18.800x027,运动系统结核,
4,自定义值域代码,LY.00.249,传染病疾病编码,A18.800x028,运动系统结核,
4,自定义值域代码,LY.00.249,传染病疾病编码,A18.800x031,循环系统结核,
4,自定义值域代码,LY.00.249,传染病疾病编码,A18.800x034,口腔结核,
4,自定义值域代码,LY.00.249,传染病疾病编码,A18.800x042,循环系统结核,
4,自定义值域代码,LY.00.249,传染病疾病编码,A18.801,内分泌系统结核,
4,自定义值域代码,LY.00.249,传染病疾病编码,A18.802,口腔结核,
4,自定义值域代码,LY.00.249,传染病疾病编码,A18.803,运动系统结核,
4,自定义值域代码,LY.00.249,传染病疾病编码,A18.804,内分泌系统结核,
4,自定义值域代码,LY.00.249,传染病疾病编码,A18.805,内分泌系统结核,
4,自定义值域代码,LY.00.249,传染病疾病编码,A18.808,循环系统结核,
4,自定义值域代码,LY.00.249,传染病疾病编码,A18.809,循环系统结核,
4,自定义值域代码,LY.00.249,传染病疾病编码,A18.810,运动系统结核,
4,自定义值域代码,LY.00.249,传染病疾病编码,A18.812,消化系统结核,
4,自定义值域代码,LY.00.249,传染病疾病编码,A18.813,消化系统结核,
4,自定义值域代码,LY.00.249,传染病疾病编码,A18.814,消化系统结核,
4,自定义值域代码,LY.00.249,传染病疾病编码,A18.815,消化系统结核,
4,自定义值域代码,LY.00.249,传染病疾病编码,A18.816,消化系统结核,
4,自定义值域代码,LY.00.249,传染病疾病编码,A18.817,消化系统结核,
4,自定义值域代码,LY.00.249,传染病疾病编码,A18.818,循环系统结核,
4,自定义值域代码,LY.00.249,传染病疾病编码,A18.819,结缔组织结核,
4,自定义值域代码,LY.00.249,传染病疾病编码,A19,肺结核-血行播散,
4,自定义值域代码,LY.00.249,传染病疾病编码,A20,鼠疫,
4,自定义值域代码,LY.00.249,传染病疾病编码,A22.0,皮肤炭疽,
4,自定义值域代码,LY.00.249,传染病疾病编码,A22.1,肺炭疽,
4,自定义值域代码,LY.00.249,传染病疾病编码,A22.2,炭疽（未分型）,
4,自定义值域代码,LY.00.249,传染病疾病编码,A22.7,炭疽（未分型）,
4,自定义值域代码,LY.00.249,传染病疾病编码,A22.8,炭疽（未分型）,
4,自定义值域代码,LY.00.249,传染病疾病编码,A22.9,炭疽（未分型）,
4,自定义值域代码,LY.00.249,传染病疾病编码,A23,布病,
4,自定义值域代码,LY.00.249,传染病疾病编码,A27,钩体病,
4,自定义值域代码,LY.00.249,传染病疾病编码,A28.80,人感染猪链球菌,
4,自定义值域代码,LY.00.249,传染病疾病编码,A30,麻风病,
4,自定义值域代码,LY.00.249,传染病疾病编码,A33,新生儿破伤风,
4,自定义值域代码,LY.00.249,传染病疾病编码,A36,白喉,
4,自定义值域代码,LY.00.249,传染病疾病编码,A37,百日咳,
4,自定义值域代码,LY.00.249,传染病疾病编码,A38,猩红热,
4,自定义值域代码,LY.00.249,传染病疾病编码,A39.0,流脑,
4,自定义值域代码,LY.00.249,传染病疾病编码,A50,胎传梅毒,
4,自定义值域代码,LY.00.249,传染病疾病编码,A51.0,Ⅰ期梅毒,
4,自定义值域代码,LY.00.249,传染病疾病编码,A51.1,Ⅰ期梅毒,
4,自定义值域代码,LY.00.249,传染病疾病编码,A51.2,Ⅰ期梅毒,
4,自定义值域代码,LY.00.249,传染病疾病编码,A51.3,Ⅱ期梅毒,
4,自定义值域代码,LY.00.249,传染病疾病编码,A51.4,Ⅱ期梅毒,
4,自定义值域代码,LY.00.249,传染病疾病编码,A51.5,Ⅰ期梅毒,
4,自定义值域代码,LY.00.249,传染病疾病编码,A51.9,Ⅰ期梅毒,
4,自定义值域代码,LY.00.249,传染病疾病编码,A52,III 期梅毒,
4,自定义值域代码,LY.00.249,传染病疾病编码,A53.0,隐性梅毒,
4,自定义值域代码,LY.00.249,传染病疾病编码,A54,淋病,
4,自定义值域代码,LY.00.249,传染病疾病编码,A56.00,生殖道沙眼衣原体感染,
4,自定义值域代码,LY.00.249,传染病疾病编码,A60.0,生殖器疱疹,
4,自定义值域代码,LY.00.249,传染病疾病编码,A60.9,生殖器疱疹,
4,自定义值域代码,LY.00.249,传染病疾病编码,A63.0,尖锐湿疣,
4,自定义值域代码,LY.00.249,传染病疾病编码,A75.0,斑疹伤寒,
4,自定义值域代码,LY.00.249,传染病疾病编码,A75.1,斑疹伤寒,
4,自定义值域代码,LY.00.249,传染病疾病编码,A75.2,斑疹伤寒,
4,自定义值域代码,LY.00.249,传染病疾病编码,A75.3,恙虫病,
4,自定义值域代码,LY.00.249,传染病疾病编码,A75.9,斑疹伤寒,
4,自定义值域代码,LY.00.249,传染病疾病编码,A80,脊灰,
4,自定义值域代码,LY.00.249,传染病疾病编码,A80.9,AFP,
4,自定义值域代码,LY.00.249,传染病疾病编码,A82,狂犬病,
4,自定义值域代码,LY.00.249,传染病疾病编码,A83.0,乙脑,
4,自定义值域代码,LY.00.249,传染病疾病编码,A84.0,森林脑炎,
4,自定义值域代码,LY.00.249,传染病疾病编码,A90,登革热,
4,自定义值域代码,LY.00.249,传染病疾病编码,A92.0,人粒细胞无形体病,
4,自定义值域代码,LY.00.249,传染病疾病编码,A92.4,发热伴血小板减少综合征,
4,自定义值域代码,LY.00.249,传染病疾病编码,A92.5,寨卡病毒病,
4,自定义值域代码,LY.00.249,传染病疾病编码,A98.4,埃博拉出血热,
4,自定义值域代码,LY.00.249,传染病疾病编码,A98.5,出血热,
4,自定义值域代码,LY.00.249,传染病疾病编码,B01.00,水痘,
4,自定义值域代码,LY.00.249,传染病疾病编码,B01.10,水痘,
4,自定义值域代码,LY.00.249,传染病疾病编码,B01.20,水痘,
4,自定义值域代码,LY.00.249,传染病疾病编码,B01.80,水痘,
4,自定义值域代码,LY.00.249,传染病疾病编码,B01.90,水痘,
4,自定义值域代码,LY.00.249,传染病疾病编码,B04,猴痘或猴痘（乙管前）,
4,自定义值域代码,LY.00.249,传染病疾病编码,B05,麻疹,
4,自定义值域代码,LY.00.249,传染病疾病编码,B06,风疹,
4,自定义值域代码,LY.00.249,传染病疾病编码,B08.4,手足口病,
4,自定义值域代码,LY.00.249,传染病疾病编码,B15.0,甲肝,
4,自定义值域代码,LY.00.249,传染病疾病编码,B15.900,甲肝,
4,自定义值域代码,LY.00.249,传染病疾病编码,B15.901,甲肝,
4,自定义值域代码,LY.00.249,传染病疾病编码,B15.902,儿童不明原因急性肝炎,
4,自定义值域代码,LY.00.249,传染病疾病编码,B15.903,甲肝,
4,自定义值域代码,LY.00.249,传染病疾病编码,B15.905,甲肝,
4,自定义值域代码,LY.00.249,传染病疾病编码,B16,乙肝,
4,自定义值域代码,LY.00.249,传染病疾病编码,B17.0,乙肝,
4,自定义值域代码,LY.00.249,传染病疾病编码,B17.2,戊肝,
4,自定义值域代码,LY.00.249,传染病疾病编码,B18.0,乙肝,
4,自定义值域代码,LY.00.249,传染病疾病编码,B18.1,乙肝,
4,自定义值域代码,LY.00.249,传染病疾病编码,B18.2,丙肝,
4,自定义值域代码,LY.00.249,传染病疾病编码,B18.8,丁肝,
4,自定义值域代码,LY.00.249,传染病疾病编码,B18.9,丁肝,
4,自定义值域代码,LY.00.249,传染病疾病编码,B19,肝炎（未分型）,
4,自定义值域代码,LY.00.249,传染病疾病编码,B20,HIV,
4,自定义值域代码,LY.00.249,传染病疾病编码,B21,HIV,
4,自定义值域代码,LY.00.249,传染病疾病编码,B22,HIV,
4,自定义值域代码,LY.00.249,传染病疾病编码,B23,HIV,
4,自定义值域代码,LY.00.249,传染病疾病编码,B24,艾滋病,
4,自定义值域代码,LY.00.249,传染病疾病编码,B26,流行性腮腺炎,
4,自定义值域代码,LY.00.249,传染病疾病编码,B30.3,急性出血性结膜炎,
4,自定义值域代码,LY.00.249,传染病疾病编码,B34.2,中东呼吸综合征（MERS）,
4,自定义值域代码,LY.00.249,传染病疾病编码,B50,恶性疟,
4,自定义值域代码,LY.00.249,传染病疾病编码,B51,间日疟,
4,自定义值域代码,LY.00.249,传染病疾病编码,B53,疟疾（未分型）,
4,自定义值域代码,LY.00.249,传染病疾病编码,B54,疟疾（未分型）,
4,自定义值域代码,LY.00.249,传染病疾病编码,B55.0,黑热病,
4,自定义值域代码,LY.00.249,传染病疾病编码,B65.2,血吸虫病,
4,自定义值域代码,LY.00.249,传染病疾病编码,B66.10,肝吸虫病,
4,自定义值域代码,LY.00.249,传染病疾病编码,B67,包虫病,
4,自定义值域代码,LY.00.249,传染病疾病编码,B74,丝虫病,
4,自定义值域代码,LY.00.249,传染病疾病编码,B97.4,人呼吸道合胞病毒感染,
4,自定义值域代码,LY.00.249,传染病疾病编码,B99,其它疾病,
4,自定义值域代码,LY.00.249,传染病疾病编码,G81.0,AFP,
4,自定义值域代码,LY.00.249,传染病疾病编码,G82.0,AFP,
4,自定义值域代码,LY.00.249,传染病疾病编码,G82.3,AFP,
4,自定义值域代码,LY.00.249,传染病疾病编码,J09.A103,人感染动物源性流感-H10N3,
4,自定义值域代码,LY.00.249,传染病疾病编码,J09.A108,人感染动物源性流感-H10N8,
4,自定义值域代码,LY.00.249,传染病疾病编码,J09.A38,人感染动物源性流感-H3N8,
4,自定义值域代码,LY.00.249,传染病疾病编码,J09.A56,人感染动物源性流感-H5N6,
4,自定义值域代码,LY.00.249,传染病疾病编码,J09.A58,人感染动物源性流感-H5N8,
4,自定义值域代码,LY.00.249,传染病疾病编码,J09.A74,人感染动物源性流感-H7N4,
4,自定义值域代码,LY.00.249,传染病疾病编码,J09.A92,人感染动物源性流感-H9N2,
4,自定义值域代码,LY.00.249,传染病疾病编码,J09.SA11,人感染动物源性流感-欧亚类禽 H1N1,
4,自定义值域代码,LY.00.249,传染病疾病编码,J09.x01,人感染高致病性禽流感,
4,自定义值域代码,LY.00.249,传染病疾病编码,J09.x02,人感染 H7N9 禽流感,
4,自定义值域代码,LY.00.249,传染病疾病编码,J09.x03,人感染动物源性流感-其他亚型,
4,自定义值域代码,LY.00.249,传染病疾病编码,J09.x04,人感染动物源性流感-其他亚型,
4,自定义值域代码,LY.00.249,传染病疾病编码,J10,流行性感冒,
4,自定义值域代码,LY.00.249,传染病疾病编码,J11,流行性感冒,
4,自定义值域代码,LY.00.249,传染病疾病编码,J12.1,人呼吸道合胞病毒感染,
4,自定义值域代码,LY.00.249,传染病疾病编码,J20.5,人呼吸道合胞病毒感染,
4,自定义值域代码,LY.00.249,传染病疾病编码,J21.0,人呼吸道合胞病毒感染,
4,自定义值域代码,LY.00.249,传染病疾病编码,N34.10,非淋菌性尿道炎,
4,自定义值域代码,LY.00.249,传染病疾病编码,U04,传染性非典,
4,自定义值域代码,LY.00.249,传染病疾病编码,U07.10,新型冠状病毒感染,
4,自定义值域代码,LY.00.249,传染病疾病编码,U09,不明原因肺炎,
4,自定义值域代码,LY.00.249,传染病疾病编码,U99,不明原因,
4,自定义值域代码,LY.00.250,Rh血型,1,阴性,
4,自定义值域代码,LY.00.250,Rh血型,2,阳性,
4,自定义值域代码,LY.00.250,Rh血型,3,不详,
4,自定义值域代码,LY.00.250,Rh血型,4,未查,
4,自定义值域代码,LY.00.252,法定传染病分类,1,甲类,
4,自定义值域代码,LY.00.252,法定传染病分类,2,乙类,
4,自定义值域代码,LY.00.252,法定传染病分类,3,丙类,
4,自定义值域代码,LY.00.252,法定传染病分类,4,无,
4,自定义值域代码,LY.00.253,实施DRGs管理,1,无,
4,自定义值域代码,LY.00.253,实施DRGs管理,2,按病种,
4,自定义值域代码,LY.00.253,实施DRGs管理,3,按费用,
4,自定义值域代码,LY.00.253,实施DRGs管理,4,两者都有,
4,自定义值域代码,LY.00.254,入院病情代码,1,有,
4,自定义值域代码,LY.00.254,入院病情代码,2,临床未确定,
4,自定义值域代码,LY.00.254,入院病情代码,3,情况不明,
4,自定义值域代码,LY.00.254,入院病情代码,4,无,
4,自定义值域代码,LY.00.255,病例首页费用分类,01,一般医疗服务费,
4,自定义值域代码,LY.00.255,病例首页费用分类,02,一般治疗操作费,
4,自定义值域代码,LY.00.255,病例首页费用分类,03,护理费,
4,自定义值域代码,LY.00.255,病例首页费用分类,04,综合医疗服务类其他费用,
4,自定义值域代码,LY.00.255,病例首页费用分类,05,病理诊断费,
4,自定义值域代码,LY.00.255,病例首页费用分类,06,实验室诊断费,
4,自定义值域代码,LY.00.255,病例首页费用分类,07,影像学诊断费,
4,自定义值域代码,LY.00.255,病例首页费用分类,08,临床诊断项目费,
4,自定义值域代码,LY.00.255,病例首页费用分类,09,非手术治疗项目费,
4,自定义值域代码,LY.00.255,病例首页费用分类,10,临床物理治疗费,
4,自定义值域代码,LY.00.255,病例首页费用分类,11,手术治疗费,
4,自定义值域代码,LY.00.255,病例首页费用分类,12,麻醉费,
4,自定义值域代码,LY.00.255,病例首页费用分类,13,手术费,
4,自定义值域代码,LY.00.255,病例首页费用分类,14,康复费,
4,自定义值域代码,LY.00.255,病例首页费用分类,15,中医治疗费,
4,自定义值域代码,LY.00.255,病例首页费用分类,16,西药费,
4,自定义值域代码,LY.00.255,病例首页费用分类,17,抗菌药物费,
4,自定义值域代码,LY.00.255,病例首页费用分类,18,中成药费,
4,自定义值域代码,LY.00.255,病例首页费用分类,19,中草药费,
4,自定义值域代码,LY.00.255,病例首页费用分类,20,血费,
4,自定义值域代码,LY.00.255,病例首页费用分类,21,白蛋白类制品费,
4,自定义值域代码,LY.00.255,病例首页费用分类,22,球蛋白类制品费,
4,自定义值域代码,LY.00.255,病例首页费用分类,23,凝血因子类制品费,
4,自定义值域代码,LY.00.255,病例首页费用分类,24,细胞因子类制品费,
4,自定义值域代码,LY.00.255,病例首页费用分类,25,检查用一次性医用材料费,
4,自定义值域代码,LY.00.255,病例首页费用分类,26,治疗用一次性医用材料费,
4,自定义值域代码,LY.00.255,病例首页费用分类,27,手术用一次性医用材料费,
4,自定义值域代码,LY.00.255,病例首页费用分类,28,其他费,
4,自定义值域代码,LY.00.256,处方类型代码表,1,普通处方,
4,自定义值域代码,LY.00.256,处方类型代码表,2,急诊处方,
4,自定义值域代码,LY.00.256,处方类型代码表,3,儿科处方,
4,自定义值域代码,LY.00.256,处方类型代码表,4,麻醉处方,
4,自定义值域代码,LY.00.256,处方类型代码表,5,精神药品处方,
4,自定义值域代码,LY.00.256,处方类型代码表,6,检验检查申请,
4,自定义值域代码,LY.00.256,处方类型代码表,7,治疗处置,
4,自定义值域代码,LY.00.256,处方类型代码表,8,体检处方,
4,自定义值域代码,LY.00.256,处方类型代码表,9,其他处方,
4,自定义值域代码,LY.00.256,处方类型代码表,99,无法归类处方,
4,自定义值域代码,LY.00.257,医嘱项目类别代码,1,西药,
4,自定义值域代码,LY.00.257,医嘱项目类别代码,2,中成药,
4,自定义值域代码,LY.00.257,医嘱项目类别代码,3,中草药,
4,自定义值域代码,LY.00.257,医嘱项目类别代码,4,治疗,
4,自定义值域代码,LY.00.257,医嘱项目类别代码,5,检验,
4,自定义值域代码,LY.00.257,医嘱项目类别代码,6,检查,
4,自定义值域代码,LY.00.257,医嘱项目类别代码,7,手术,
4,自定义值域代码,LY.00.257,医嘱项目类别代码,8,材料,
4,自定义值域代码,LY.00.257,医嘱项目类别代码,9,麻醉,
4,自定义值域代码,LY.00.257,医嘱项目类别代码,10,护理,
4,自定义值域代码,LY.00.257,医嘱项目类别代码,11,膳食,
4,自定义值域代码,LY.00.257,医嘱项目类别代码,12,输血,
4,自定义值域代码,LY.00.257,医嘱项目类别代码,13,输氧,
4,自定义值域代码,LY.00.257,医嘱项目类别代码,14,产后,
4,自定义值域代码,LY.00.257,医嘱项目类别代码,15,转科,
4,自定义值域代码,LY.00.257,医嘱项目类别代码,16,术后,
4,自定义值域代码,LY.00.257,医嘱项目类别代码,17,出院,
4,自定义值域代码,LY.00.257,医嘱项目类别代码,18,转院,
4,自定义值域代码,LY.00.257,医嘱项目类别代码,19,死亡,
4,自定义值域代码,LY.00.257,医嘱项目类别代码,20,床位,
4,自定义值域代码,LY.00.257,医嘱项目类别代码,21,特检,
4,自定义值域代码,LY.00.257,医嘱项目类别代码,99,其他,
4,自定义值域代码,LY.00.258,中药煎煮法代码,1,包煎,
4,自定义值域代码,LY.00.258,中药煎煮法代码,2,冲服,
4,自定义值域代码,LY.00.258,中药煎煮法代码,3,后煎,
4,自定义值域代码,LY.00.258,中药煎煮法代码,4,后下,
4,自定义值域代码,LY.00.258,中药煎煮法代码,5,另包,
4,自定义值域代码,LY.00.258,中药煎煮法代码,6,先煎,
4,自定义值域代码,LY.00.258,中药煎煮法代码,7,烊化,
4,自定义值域代码,LY.00.258,中药煎煮法代码,9,其他,
4,自定义值域代码,LY.00.259,患者就诊来源,1,门诊,
4,自定义值域代码,LY.00.259,患者就诊来源,2,急诊,
4,自定义值域代码,LY.00.259,患者就诊来源,3,120急救,
4,自定义值域代码,LY.00.259,患者就诊来源,4,转院,
4,自定义值域代码,LY.00.260,医嘱状态代码,0,待审,
4,自定义值域代码,LY.00.260,医嘱状态代码,1,审核,
4,自定义值域代码,LY.00.260,医嘱状态代码,2,执行,
4,自定义值域代码,LY.00.260,医嘱状态代码,3,取消,
4,自定义值域代码,LY.00.260,医嘱状态代码,4,停止,
4,自定义值域代码,LY.00.260,医嘱状态代码,9,其他,
4,自定义值域代码,LY.00.260,医嘱状态代码,99,未知,
4,自定义值域代码,LY.00.261,执行周期时间单位代码,1,不规则周期,
4,自定义值域代码,LY.00.261,执行周期时间单位代码,2,天,
4,自定义值域代码,LY.00.261,执行周期时间单位代码,3,小时,
4,自定义值域代码,LY.00.261,执行周期时间单位代码,4,分钟,
4,自定义值域代码,LY.00.261,执行周期时间单位代码,9,其他,
4,自定义值域代码,LY.00.261,执行周期时间单位代码,99,未知,
4,自定义值域代码,LY.00.262,药物分类代码,0,非药品,
4,自定义值域代码,LY.00.262,药物分类代码,1,西药,
4,自定义值域代码,LY.00.262,药物分类代码,2,中成药,
4,自定义值域代码,LY.00.262,药物分类代码,3,中草药,
4,自定义值域代码,LY.00.262,药物分类代码,4,中药制剂,
4,自定义值域代码,LY.00.262,药物分类代码,9,其他中药,
4,自定义值域代码,LY.00.263,不良事件类别代码,01,信息传递错误事件,
4,自定义值域代码,LY.00.263,不良事件类别代码,02,治疗错误事件,
4,自定义值域代码,LY.00.263,不良事件类别代码,03,方法/技术错误事件,
4,自定义值域代码,LY.00.263,不良事件类别代码,04,药物调剂分发错误事件,
4,自定义值域代码,LY.00.263,不良事件类别代码,05,输血事件,
4,自定义值域代码,LY.00.263,不良事件类别代码,06,设备器械使用事件,
4,自定义值域代码,LY.00.263,不良事件类别代码,07,导管操作事件,
4,自定义值域代码,LY.00.263,不良事件类别代码,08,医疗技术检查事件,
4,自定义值域代码,LY.00.263,不良事件类别代码,09,基础护理事件,
4,自定义值域代码,LY.00.263,不良事件类别代码,010,营养与饮食事件,
4,自定义值域代码,LY.00.263,不良事件类别代码,011,物品运送事件,
4,自定义值域代码,LY.00.263,不良事件类别代码,012,放射安全事件,
4,自定义值域代码,LY.00.263,不良事件类别代码,013,诊疗记录事件,
4,自定义值域代码,LY.00.263,不良事件类别代码,014,知情同意事件,
4,自定义值域代码,LY.00.263,不良事件类别代码,015,医护安全事件,
4,自定义值域代码,LY.00.263,不良事件类别代码,016,其他事件,
4,自定义值域代码,LY.00.263,不良事件类别代码,017,麻醉意外及主要并发症事件,
4,自定义值域代码,LY.00.263,不良事件类别代码,018,手术部位或术式错误事件,
4,自定义值域代码,LY.00.263,不良事件类别代码,019,非计划再次手术事件,
4,自定义值域代码,LY.00.263,不良事件类别代码,020,医疗处置事件,
4,自定义值域代码,LY.00.263,不良事件类别代码,021,给药错误事件,
4,自定义值域代码,LY.00.263,不良事件类别代码,022,用血差错事件,
4,自定义值域代码,LY.00.263,不良事件类别代码,023,输血不良反应事件,
4,自定义值域代码,LY.00.263,不良事件类别代码,024,输液不良反应事件,
4,自定义值域代码,LY.00.263,不良事件类别代码,025,非计划性拔管事件,
4,自定义值域代码,LY.00.263,不良事件类别代码,026,新生儿抱错事件,
4,自定义值域代码,LY.00.263,不良事件类别代码,027,院内压力性损伤事件,
4,自定义值域代码,LY.00.263,不良事件类别代码,028,药品不良反应事件,
4,自定义值域代码,LY.00.263,不良事件类别代码,029,医疗器械(不含植入物)相关事件,
4,自定义值域代码,LY.00.263,不良事件类别代码,030,植入物的不良反应事件,
4,自定义值域代码,LY.00.263,不良事件类别代码,031,检验检查标本事件,
4,自定义值域代码,LY.00.263,不良事件类别代码,032,检验检查操作事件,
4,自定义值域代码,LY.00.263,不良事件类别代码,033,检验检查报告事件,
4,自定义值域代码,LY.00.263,不良事件类别代码,034,呼吸机相关肺炎,
4,自定义值域代码,LY.00.263,不良事件类别代码,035,导尿管感染,
4,自定义值域代码,LY.00.263,不良事件类别代码,036,中心导管相关血流感染,
4,自定义值域代码,LY.00.263,不良事件类别代码,037,手术部位感染事件,
4,自定义值域代码,LY.00.263,不良事件类别代码,038,血液透析相关感染事件,
4,自定义值域代码,LY.00.263,不良事件类别代码,039,院内自伤/自杀事件,
4,自定义值域代码,LY.00.263,不良事件类别代码,040,住院患者走失事件,
4,自定义值域代码,LY.00.263,不良事件类别代码,041,跌倒、坠床事件,
4,自定义值域代码,LY.00.263,不良事件类别代码,042,院内非预期心跳骤停事件,
4,自定义值域代码,LY.00.263,不良事件类别代码,043,烧烫伤事件,
4,自定义值域代码,LY.00.263,不良事件类别代码,044,锐器伤事件,
4,自定义值域代码,LY.00.263,不良事件类别代码,045,实验室相关事件(生物安全、危化品),
4,自定义值域代码,LY.00.263,不良事件类别代码,046,放射相关事件其他事件,
4,自定义值域代码,LY.00.263,不良事件类别代码,047,信息泄露事件,
4,自定义值域代码,LY.00.263,不良事件类别代码,048,网络/信息系统故障事件,
4,自定义值域代码,LY.00.263,不良事件类别代码,049,运行设备设施事件,
4,自定义值域代码,LY.00.263,不良事件类别代码,050,建筑相关事件,
4,自定义值域代码,LY.00.263,不良事件类别代码,051,食品安全事件,
4,自定义值域代码,LY.00.264,事件发生等级代码（不良事件),01,Ⅰ级事件,
4,自定义值域代码,LY.00.264,事件发生等级代码（不良事件),02,Ⅱ级事件,
4,自定义值域代码,LY.00.264,事件发生等级代码（不良事件),03,Ⅲ级事件,
4,自定义值域代码,LY.00.264,事件发生等级代码（不良事件),04,Ⅳ级事件,
4,自定义值域代码,LY.00.265,临床研究分类代码（不良事件）,01,Ⅰ期,
4,自定义值域代码,LY.00.265,临床研究分类代码（不良事件）,02,Ⅱ期,
4,自定义值域代码,LY.00.265,临床研究分类代码（不良事件）,03,Ⅲ期,
4,自定义值域代码,LY.00.265,临床研究分类代码（不良事件）,04,Ⅳ期,
4,自定义值域代码,LY.00.265,临床研究分类代码（不良事件）,05,生物等效性实验,
4,自定义值域代码,LY.00.265,临床研究分类代码（不良事件）,06,临床验证,
4,自定义值域代码,LY.00.266,SAE情况代码（不良事件）,01,死亡,
4,自定义值域代码,LY.00.266,SAE情况代码（不良事件）,02,导致住院,
4,自定义值域代码,LY.00.266,SAE情况代码（不良事件）,03,延长住院时间,
4,自定义值域代码,LY.00.266,SAE情况代码（不良事件）,04,伤残,
4,自定义值域代码,LY.00.266,SAE情况代码（不良事件）,05,功能障碍,
4,自定义值域代码,LY.00.266,SAE情况代码（不良事件）,06,导致先天畸形,
4,自定义值域代码,LY.00.266,SAE情况代码（不良事件）,07,危及生命,
4,自定义值域代码,LY.00.266,SAE情况代码（不良事件）,08,其他,
4,自定义值域代码,LY.00.267,对试验用药采取的措施代码（不良事件）,01,继续用药,
4,自定义值域代码,LY.00.267,对试验用药采取的措施代码（不良事件）,02,减小剂量,
4,自定义值域代码,LY.00.267,对试验用药采取的措施代码（不良事件）,03,药物暂停后恢复,
4,自定义值域代码,LY.00.267,对试验用药采取的措施代码（不良事件）,04,停用药物,
4,自定义值域代码,LY.00.268,SAE与实验药的关系代码（不良事件）,01,肯定有关,
4,自定义值域代码,LY.00.268,SAE与实验药的关系代码（不良事件）,02,肯定无关,
4,自定义值域代码,LY.00.268,SAE与实验药的关系代码（不良事件）,03,可能有关,
4,自定义值域代码,LY.00.268,SAE与实验药的关系代码（不良事件）,04,可能无关,
4,自定义值域代码,LY.00.268,SAE与实验药的关系代码（不良事件）,05,无法判定,
4,自定义值域代码,LY.00.269,事件发生场所代码（不良事件）,01,急诊,
4,自定义值域代码,LY.00.269,事件发生场所代码（不良事件）,02,门诊,
4,自定义值域代码,LY.00.269,事件发生场所代码（不良事件）,03,住院部,
4,自定义值域代码,LY.00.269,事件发生场所代码（不良事件）,04,医技部门,
4,自定义值域代码,LY.00.269,事件发生场所代码（不良事件）,05,行政后勤部门,
4,自定义值域代码,LY.00.269,事件发生场所代码（不良事件）,06,其他,
4,自定义值域代码,LY.00.270,不良事件结果代码,01,痊愈,
4,自定义值域代码,LY.00.270,不良事件结果代码,02,好转,
4,自定义值域代码,LY.00.270,不良事件结果代码,03,未好转,
4,自定义值域代码,LY.00.270,不良事件结果代码,04,不详,
4,自定义值域代码,LY.00.271,停药或减量后反应状态代码,01,消失,
4,自定义值域代码,LY.00.271,停药或减量后反应状态代码,02,减轻,
4,自定义值域代码,LY.00.271,停药或减量后反应状态代码,03,无变化,
4,自定义值域代码,LY.00.271,停药或减量后反应状态代码,04,不明,
4,自定义值域代码,LY.00.271,停药或减量后反应状态代码,05,未减量或未停药,
4,自定义值域代码,LY.00.272,生产企业信息来源代码,01,医疗机构,
4,自定义值域代码,LY.00.272,生产企业信息来源代码,02,经营企业,
4,自定义值域代码,LY.00.272,生产企业信息来源代码,03,个人,
4,自定义值域代码,LY.00.272,生产企业信息来源代码,04,文献报道,
4,自定义值域代码,LY.00.272,生产企业信息来源代码,05,上市后研究,
4,自定义值域代码,LY.00.272,生产企业信息来源代码,06,其他,
4,自定义值域代码,LY.00.273,出入库方式,01,采购入库,
4,自定义值域代码,LY.00.273,出入库方式,02,调拨入库,
4,自定义值域代码,LY.00.273,出入库方式,03,报溢入库,
4,自定义值域代码,LY.00.273,出入库方式,04,调拨出库,
4,自定义值域代码,LY.00.273,出入库方式,05,报损出库,
4,自定义值域代码,LY.00.273,出入库方式,06,药房申领出库,
4,自定义值域代码,LY.00.273,出入库方式,07,退货出库,
4,自定义值域代码,LY.00.273,出入库方式,99,其他出库,
4,自定义值域代码,LY.00.274,处方点评状态,0,待审核,
4,自定义值域代码,LY.00.274,处方点评状态,1,已审核,
4,自定义值域代码,LY.00.274,处方点评状态,2,已驳回,
4,自定义值域代码,LY.00.274,处方点评状态,3,已归档,
4,自定义值域代码,LY.00.275,挂号类别,01,普通门诊,
4,自定义值域代码,LY.00.275,挂号类别,02,主治医师,
4,自定义值域代码,LY.00.275,挂号类别,03,副主任医师,
4,自定义值域代码,LY.00.275,挂号类别,04,主任医师,
4,自定义值域代码,LY.00.275,挂号类别,05,专家门诊,
4,自定义值域代码,LY.00.275,挂号类别,09,特需门诊,
4,自定义值域代码,LY.00.276,重症标识,1,一般,
4,自定义值域代码,LY.00.276,重症标识,2,重症,
4,自定义值域代码,LY.00.276,重症标识,3,危重症,
4,自定义值域代码,LY.00.276,重症标识,9,其他,
4,自定义值域代码,LY.00.277,药物剂量单位代码,1,克（g）,
4,自定义值域代码,LY.00.277,药物剂量单位代码,2,毫克（mg）,
4,自定义值域代码,LY.00.277,药物剂量单位代码,3,微克(μg）,
4,自定义值域代码,LY.00.277,药物剂量单位代码,4,纳克（ng）,
4,自定义值域代码,LY.00.277,药物剂量单位代码,5,升（L）,
4,自定义值域代码,LY.00.277,药物剂量单位代码,6,毫升（ml）,
4,自定义值域代码,LY.00.277,药物剂量单位代码,7,国际单位（IU）,
4,自定义值域代码,LY.00.277,药物剂量单位代码,8,单位（U）,
4,自定义值域代码,LY.00.277,药物剂量单位代码,99,其他,
4,自定义值域代码,LY.00.278,检验定性结果,01,阳性,
4,自定义值域代码,LY.00.278,检验定性结果,02,阴性,
4,自定义值域代码,LY.00.278,检验定性结果,03,污染,
4,自定义值域代码,LY.00.278,检验定性结果,04,强阳性,
4,自定义值域代码,LY.00.278,检验定性结果,05,弱阳性,
4,自定义值域代码,LY.00.278,检验定性结果,06,检出,
4,自定义值域代码,LY.00.278,检验定性结果,07,未检出,
4,自定义值域代码,LY.00.278,检验定性结果,08,未发现耐药,
4,自定义值域代码,LY.00.278,检验定性结果,09,P 潜在耐药,
4,自定义值域代码,LY.00.278,检验定性结果,10,L 低度耐药,
4,自定义值域代码,LY.00.278,检验定性结果,11,I 中度耐药,
4,自定义值域代码,LY.00.278,检验定性结果,12,H 高度耐药,
4,自定义值域代码,LY.00.278,检验定性结果,13,I 可能耐药,
4,自定义值域代码,LY.00.278,检验定性结果,14,R 显示耐药,
4,自定义值域代码,LY.00.278,检验定性结果,15,敏感,
4,自定义值域代码,LY.00.278,检验定性结果,16,耐药,
4,自定义值域代码,LY.00.278,检验定性结果,17,结核分枝杆菌,
4,自定义值域代码,LY.00.278,检验定性结果,18,非结核分枝杆菌,
4,自定义值域代码,LY.00.278,检验定性结果,19,未检测到分枝杆菌,
4,自定义值域代码,LY.00.278,检验定性结果,20,未获得试验结果,
4,自定义值域代码,LY.00.279,密级,000,无须病种控制（无特控）,
4,自定义值域代码,LY.00.279,密级,100,恶性肿瘤（无特控）,
4,自定义值域代码,LY.00.279,密级,200,性病艾滋病（无特控）,
4,自定义值域代码,LY.00.279,密级,300,其它不治之症（无特控）,
4,自定义值域代码,LY.00.279,密级,400,精神类病（无特控）,
4,自定义值域代码,LY.00.279,密级,900,无须病种控制（无特控）,
4,自定义值域代码,LY.00.279,密级,010,无须病种控制（患者申明特控）,
4,自定义值域代码,LY.00.279,密级,110,恶性肿瘤（患者申明特控）,
4,自定义值域代码,LY.00.279,密级,210,性病艾滋病（患者申明特控）,
4,自定义值域代码,LY.00.279,密级,310,其它不治之症（患者申明特控）,
4,自定义值域代码,LY.00.279,密级,410,精神类病（患者申明特控）,
4,自定义值域代码,LY.00.279,密级,910,无须病种控制（患者申明特控）,
4,自定义值域代码,LY.00.280,预约状态,1,已预约,
4,自定义值域代码,LY.00.280,预约状态,2,已退号,
4,自定义值域代码,LY.00.280,预约状态,3,已履约,
4,自定义值域代码,LY.00.280,预约状态,4,爽约,
4,自定义值域代码,LY.00.280,预约状态,5,停诊,
4,自定义值域代码,LY.00.280,预约状态,6,替诊,
4,自定义值域代码,LY.00.281,支付状态,0,未支付,
4,自定义值域代码,LY.00.281,支付状态,1,支付中,
4,自定义值域代码,LY.00.281,支付状态,2,支付成功,
4,自定义值域代码,LY.00.281,支付状态,3,退费中,
4,自定义值域代码,LY.00.281,支付状态,4,退费成功,
4,自定义值域代码,LY.00.281,支付状态,5,退费已申请,
4,自定义值域代码,LY.00.281,支付状态,6,部分退费成功,
4,自定义值域代码,LY.00.282,麻醉反应标志,1,无麻醉,
4,自定义值域代码,LY.00.282,麻醉反应标志,2,有反应,
4,自定义值域代码,LY.00.282,麻醉反应标志,3,无反应,
4,自定义值域代码,LY.00.282,麻醉反应标志,9,死亡,
4,自定义值域代码,LY.00.283,治疗类型,1,介入治疗,
4,自定义值域代码,LY.00.283,治疗类型,2,康复治疗,
4,自定义值域代码,LY.00.283,治疗类型,3,中医治疗,
4,自定义值域代码,LY.00.283,治疗类型,4,高压氧,
4,自定义值域代码,LY.00.283,治疗类型,5,其它,
4,自定义值域代码,LY.00.284,治疗状态,1,待执行,
4,自定义值域代码,LY.00.284,治疗状态,2,执行中,
4,自定义值域代码,LY.00.284,治疗状态,3,已完成,
4,自定义值域代码,LY.00.284,治疗状态,4,已取消,
4,自定义值域代码,LY.00.284,治疗状态,5,已暂停,
4,自定义值域代码,LY.00.285,治疗效果,1,显著改善,
4,自定义值域代码,LY.00.285,治疗效果,2,改善,
4,自定义值域代码,LY.00.285,治疗效果,3,无变化,
4,自定义值域代码,LY.00.285,治疗效果,4,恶化,
4,自定义值域代码,LY.00.286,评估状态,1,初步评估,
4,自定义值域代码,LY.00.286,评估状态,2,中期评估,
4,自定义值域代码,LY.00.286,评估状态,3,终期评估,
4,自定义值域代码,LY.00.286,评估状态,4,随访评估,
4,自定义值域代码,LY.00.287,卒中治疗类型,147,AIS静脉溶栓,
4,自定义值域代码,LY.00.287,卒中治疗类型,148,AIS介入再通,
4,自定义值域代码,LY.00.287,卒中治疗类型,149,脑出血手术,
4,自定义值域代码,LY.00.287,卒中治疗类型,150,颅内动脉瘤手术,
4,自定义值域代码,LY.00.287,卒中治疗类型,151,CEA/CAS,
4,自定义值域代码,LY.00.288,静脉溶栓药物,1,rt-PA,
4,自定义值域代码,LY.00.288,静脉溶栓药物,2,尿激酶,
4,自定义值域代码,LY.00.288,静脉溶栓药物,3,阿尼普酶,
4,自定义值域代码,LY.00.288,静脉溶栓药物,4,瑞替普酶,
4,自定义值域代码,LY.00.288,静脉溶栓药物,5,替奈普酶,
4,自定义值域代码,LY.00.288,静脉溶栓药物,6,尿激酶原,
4,自定义值域代码,LY.00.288,静脉溶栓药物,9,其他,
4,自定义值域代码,LY.00.289,溶栓并发症,02,消化道出血,
4,自定义值域代码,LY.00.289,溶栓并发症,04,其他部位出血,
4,自定义值域代码,LY.00.289,溶栓并发症,06,血管源性唇舌水肿,
4,自定义值域代码,LY.00.289,溶栓并发症,07,症状性颅内出血,
4,自定义值域代码,LY.00.289,溶栓并发症,08,无症状性颅内出血,
4,自定义值域代码,LY.00.289,溶栓并发症,99,其他,
4,自定义值域代码,LY.00.290,血管内开通方法,01,支架取栓,
4,自定义值域代码,LY.00.290,血管内开通方法,02,抽栓,
4,自定义值域代码,LY.00.290,血管内开通方法,03,球囊成形,
4,自定义值域代码,LY.00.290,血管内开通方法,04,支架成形,
4,自定义值域代码,LY.00.290,血管内开通方法,05,动脉溶栓,
4,自定义值域代码,LY.00.290,血管内开通方法,99,其他,
4,自定义值域代码,LY.00.291,血管内开通治疗手术并发症,05,再闭塞,
4,自定义值域代码,LY.00.291,血管内开通治疗手术并发症,08,再灌注损伤,
4,自定义值域代码,LY.00.291,血管内开通治疗手术并发症,09,支架脱载,
4,自定义值域代码,LY.00.291,血管内开通治疗手术并发症,10,动脉夹层,
4,自定义值域代码,LY.00.291,血管内开通治疗手术并发症,11,栓子逃逸,
4,自定义值域代码,LY.00.291,血管内开通治疗手术并发症,14,无症状性颅内出血,
4,自定义值域代码,LY.00.291,血管内开通治疗手术并发症,15,症状性颅内出血,
4,自定义值域代码,LY.00.291,血管内开通治疗手术并发症,98,无,
4,自定义值域代码,LY.00.291,血管内开通治疗手术并发症,99,其他,
4,自定义值域代码,LY.00.292,未溶栓原因,01,超时间窗,
4,自定义值域代码,LY.00.292,未溶栓原因,02,禁忌症,
4,自定义值域代码,LY.00.292,未溶栓原因,03,患者/家属拒绝,
4,自定义值域代码,LY.00.292,未溶栓原因,04,外院溶栓,
4,自定义值域代码,LY.00.292,未溶栓原因,99,其他,
4,自定义值域代码,LY.00.293,开始静脉溶栓场所,152,本地急救车,
4,自定义值域代码,LY.00.293,开始静脉溶栓场所,153,本院急诊科,
4,自定义值域代码,LY.00.293,开始静脉溶栓场所,154,本院CT室,
4,自定义值域代码,LY.00.293,开始静脉溶栓场所,155,本院病房,
4,自定义值域代码,LY.00.294,院前意识,121,清晰意识,
4,自定义值域代码,LY.00.294,院前意识,122,对语言有反应,
4,自定义值域代码,LY.00.294,院前意识,123,对刺激有反应,
4,自定义值域代码,LY.00.294,院前意识,124,对任何刺激无反应,
4,自定义值域代码,LY.00.295,卒中出血部位,03,小脑,
4,自定义值域代码,LY.00.295,卒中出血部位,04,脑干,
4,自定义值域代码,LY.00.295,卒中出血部位,05,脑室,
4,自定义值域代码,LY.00.295,卒中出血部位,06,大脑半球,
4,自定义值域代码,LY.00.296,来院方式,1,自行来院,患者自行到院（步行/私家车等）
4,自定义值域代码,LY.00.296,来院方式,2,救护车,通过120/999急救系统转运
4,自定义值域代码,LY.00.296,来院方式,3,转院,从其他医疗机构转入
4,自定义值域代码,LY.00.296,来院方式,4,社区转诊,社区卫生服务中心转诊
4,自定义值域代码,LY.00.296,来院方式,5,公安/司法送诊,由警方或司法部门护送
4,自定义值域代码,LY.00.296,来院方式,6,航空救援,直升机/固定翼转运
4,自定义值域代码,LY.00.296,来院方式,7,其他,未列出的特殊方式
4,自定义值域代码,LY.00.296,来院方式,8,未知,信息无法获取
4,自定义值域代码,LY.00.297,胸痛-病情评估-详情,104,呼吸困难,
4,自定义值域代码,LY.00.297,胸痛-病情评估-详情,105,腹痛,
4,自定义值域代码,LY.00.297,胸痛-病情评估-详情,106,齿痛,
4,自定义值域代码,LY.00.297,胸痛-病情评估-详情,107,肩背痛,
4,自定义值域代码,LY.00.297,胸痛-病情评估-详情,108,合并出血,
4,自定义值域代码,LY.00.297,胸痛-病情评估-详情,109,合并心衰,
4,自定义值域代码,LY.00.297,胸痛-病情评估-详情,110,合并恶性心律失常,
4,自定义值域代码,LY.00.297,胸痛-病情评估-详情,111,不明原因的昏厥,
4,自定义值域代码,LY.00.297,胸痛-病情评估-详情,112,自汗、大汗淋漓,
4,自定义值域代码,LY.00.297,胸痛-病情评估-详情,113,心慌心悸,
4,自定义值域代码,LY.00.297,胸痛-病情评估-详情,114,烦躁不安,
4,自定义值域代码,LY.00.297,胸痛-病情评估-详情,115,颈前部束缚感,
4,自定义值域代码,LY.00.297,胸痛-病情评估-详情,116,乏力,
4,自定义值域代码,LY.00.297,胸痛-病情评估-详情,117,气喘,
4,自定义值域代码,LY.00.297,胸痛-病情评估-详情,999,其他,
4,自定义值域代码,LY.00.298,护理等级,1,特级护理,
4,自定义值域代码,LY.00.298,护理等级,2,一级护理,
4,自定义值域代码,LY.00.298,护理等级,3,二级护理,
4,自定义值域代码,LY.00.298,护理等级,4,三级护理,
4,自定义值域代码,LY.00.299,饮食指导,01,普通饮食,
4,自定义值域代码,LY.00.299,饮食指导,02,软食,
4,自定义值域代码,LY.00.299,饮食指导,03,半流食,
4,自定义值域代码,LY.00.299,饮食指导,04,流食,
4,自定义值域代码,LY.00.299,饮食指导,05,禁食,
4,自定义值域代码,LY.00.299,饮食指导,06,禁食水,
4,自定义值域代码,LY.00.299,饮食指导,07,鼻饲饮食,
4,自定义值域代码,LY.00.299,饮食指导,08,低盐低脂饮食,
4,自定义值域代码,LY.00.299,饮食指导,09,糖尿病饮食,
4,自定义值域代码,LY.00.299,饮食指导,99,其他,
4,自定义值域代码,LY.00.300,隔离种类,1,消化道隔离,
4,自定义值域代码,LY.00.300,隔离种类,2,呼吸道隔离,
4,自定义值域代码,LY.00.300,隔离种类,3,接触隔离,
4,自定义值域代码,LY.00.300,隔离种类,4,血液-体液隔离,
4,自定义值域代码,LY.00.300,隔离种类,5,严密隔离,
4,自定义值域代码,LY.00.300,隔离种类,6,昆虫隔离,
4,自定义值域代码,LY.00.300,隔离种类,7,保护性隔离,
4,自定义值域代码,LY.00.301,输血品种代码,1,红细胞,
4,自定义值域代码,LY.00.301,输血品种代码,11,浓缩红细胞,
4,自定义值域代码,LY.00.301,输血品种代码,12,滤白红细胞,
4,自定义值域代码,LY.00.301,输血品种代码,13,红细胞悬液,
4,自定义值域代码,LY.00.301,输血品种代码,14,洗涤红细胞,
4,自定义值域代码,LY.00.301,输血品种代码,15,冰冻红细胞,
4,自定义值域代码,LY.00.301,输血品种代码,16,冰冻解冻去甘油红细胞,
4,自定义值域代码,LY.00.301,输血品种代码,17,Rh阴性悬浮红细胞,
4,自定义值域代码,LY.00.301,输血品种代码,2,全血,
4,自定义值域代码,LY.00.301,输血品种代码,21,滤白全血,
4,自定义值域代码,LY.00.301,输血品种代码,22,重组全血,
4,自定义值域代码,LY.00.301,输血品种代码,23,Rh阴性全血,
4,自定义值域代码,LY.00.301,输血品种代码,3,血小板,
4,自定义值域代码,LY.00.301,输血品种代码,31,手工分离浓缩血小板,
4,自定义值域代码,LY.00.301,输血品种代码,32,机采血小板,
4,自定义值域代码,LY.00.301,输血品种代码,33,滤白机采血小板,
4,自定义值域代码,LY.00.301,输血品种代码,34,冷冻机采血小板,
4,自定义值域代码,LY.00.301,输血品种代码,4,血浆,
4,自定义值域代码,LY.00.301,输血品种代码,41,新鲜液体血浆,
4,自定义值域代码,LY.00.301,输血品种代码,42,新鲜冰冻血浆,
4,自定义值域代码,LY.00.301,输血品种代码,43,普通冰冻血浆,
4,自定义值域代码,LY.00.301,输血品种代码,44,滤白病毒灭活冰冻血浆,
4,自定义值域代码,LY.00.301,输血品种代码,45,滤白新鲜冰冻血浆,
4,自定义值域代码,LY.00.301,输血品种代码,46,滤白普通冰冻血浆,
4,自定义值域代码,LY.00.301,输血品种代码,5,冷沉淀,
4,自定义值域代码,LY.00.301,输血品种代码,51,滤白冷沉淀,
4,自定义值域代码,LY.00.301,输血品种代码,6,机采浓缩白细胞悬液,
4,自定义值域代码,LY.00.301,输血品种代码,9,其他,
4,自定义值域代码,LY.00.302,输血反应类型,1,发热,
4,自定义值域代码,LY.00.302,输血反应类型,2,过敏,
4,自定义值域代码,LY.00.302,输血反应类型,3,溶血,
4,自定义值域代码,LY.00.302,输血反应类型,4,细菌污染,
4,自定义值域代码,LY.00.302,输血反应类型,5,血红蛋白尿,
4,自定义值域代码,LY.00.302,输血反应类型,9,其他,
4,自定义值域代码,LY.00.303,发生区域,01,门诊区域,
4,自定义值域代码,LY.00.303,发生区域,02,急诊区域,
4,自定义值域代码,LY.00.303,发生区域,03,病房区域,
4,自定义值域代码,LY.00.303,发生区域,04,重症诊疗单元,
4,自定义值域代码,LY.00.303,发生区域,05,日间诊疗单元,
4,自定义值域代码,LY.00.303,发生区域,06,重点服务区域,
4,自定义值域代码,LY.00.303,发生区域,07,医技科室区域,
4,自定义值域代码,LY.00.303,发生区域,08,公共活动区域,
4,自定义值域代码,LY.00.303,发生区域,09,基他服务区域不确定或不清楚,
4,自定义值域代码,LY.00.304,相关因素类别,01,人员因素(人员行为、知识经验、教育培训、配合协调等因素),
4,自定义值域代码,LY.00.304,相关因素类别,02,机器设备因素(机器设备、测量仪器的精度、维护保养状况等因素),
4,自定义值域代码,LY.00.304,相关因素类别,03,药品耗材因素(药品、试剂、耗材等物料因素),
4,自定义值域代码,LY.00.304,相关因素类别,04,管理制度因素(操作规程、制度、流程等不完善),
4,自定义值域代码,LY.00.304,相关因素类别,05,环境因素(房屋、道路、水电等基础设施因素),
4,自定义值域代码,LY.00.304,相关因素类别,99,其他因素,
4,自定义值域代码,LY.00.305,分娩方式,1,自然分娩,
4,自定义值域代码,LY.00.305,分娩方式,2,吸引,
4,自定义值域代码,LY.00.305,分娩方式,3,产钳,
4,自定义值域代码,LY.00.305,分娩方式,4,臀助产,
4,自定义值域代码,LY.00.305,分娩方式,5,剖宫产,
4,自定义值域代码,LY.00.305,分娩方式,6,其他,
4,自定义值域代码,LY.00.306,手术指征,1,胎儿窘迫,
4,自定义值域代码,LY.00.306,手术指征,2,死胎,
4,自定义值域代码,LY.00.306,手术指征,3,多胎妊娠,
4,自定义值域代码,LY.00.306,手术指征,4,前置胎盘,
4,自定义值域代码,LY.00.306,手术指征,5,胎盘早剥,
4,自定义值域代码,LY.00.306,手术指征,6,胎膜早破,
4,自定义值域代码,LY.00.306,手术指征,7,羊水过多,
4,自定义值域代码,LY.00.306,手术指征,8,羊水过少,
4,自定义值域代码,LY.00.306,手术指征,9,脐带异常,
4,自定义值域代码,LY.00.306,手术指征,10,胎位异常,
4,自定义值域代码,LY.00.306,手术指征,11,产道异常,
4,自定义值域代码,LY.00.306,手术指征,12,产后出血,
4,自定义值域代码,LY.00.306,手术指征,13,羊水栓塞,
4,自定义值域代码,LY.00.306,手术指征,14,子宫破裂,
4,自定义值域代码,LY.00.306,手术指征,15,子痫前期,
4,自定义值域代码,LY.00.306,手术指征,16,子痫,
4,自定义值域代码,LY.00.306,手术指征,17,妊娠合并慢性高血压,
4,自定义值域代码,LY.00.306,手术指征,18,慢性高血压合并子痫前期,
4,自定义值域代码,LY.00.306,手术指征,19,胎盘植入,
4,自定义值域代码,LY.00.306,手术指征,99,其他,
4,自定义值域代码,LY.00.307,分娩结局,1,活产,
4,自定义值域代码,LY.00.307,分娩结局,2,死胎,
4,自定义值域代码,LY.00.307,分娩结局,3,死产,
4,自定义值域代码,LY.00.307,分娩结局,4,新生儿死亡,
4,自定义值域代码,LY.00.307,分娩结局,5,新生儿7天内死亡,
